survey_type,channel,item,sample_groups,count,fraction_of_counted_items
cups,counter,cups_small,0,0,
cups,counter,cups_medium,0,0,
cups,counter,cups_large,0,0,
cups,counter,cups_unknown_size,0,0,
cups,drive_thru,cups_small,0,0,
cups,drive_thru,cups_medium,0,0,
cups,drive_thru,cups_large,0,0,
cups,drive_thru,cups_unknown_size,0,0,
cups,unknown,cups_small,0,0,
cups,unknown,cups_medium,0,0,
cups,unknown,cups_large,0,0,
cups,unknown,cups_unknown_size,0,0,
fries,counter,regular_fries,0,0,
fries,counter,animal_fries,0,0,
fries,drive_thru,regular_fries,0,0,
fries,drive_thru,animal_fries,0,0,
fries,unknown,regular_fries,0,0,
fries,unknown,animal_fries,0,0,
