channel,lag,analysis,pairs,days,correlation,lower_95,upper_95
drive_thru,1,Pooled,1311,19,0.022039056675236472,-0.029157763981303052,0.07589356050021408
drive_thru,1,Within block,1311,19,-0.03961369435914318,-0.07967917463568247,0.007034138898049368
drive_thru,2,Pooled,1271,19,0.01429247566529623,-0.04468190167703221,0.05789032737147639
drive_thru,2,Within block,1271,19,-0.048504796971784954,-0.12858643727942967,0.014506222380446158
drive_thru,3,Pooled,1231,19,0.02005649505506491,-0.03136743031108272,0.0668785324179597
drive_thru,3,Within block,1231,19,-0.037117686277546656,-0.08137405453343666,0.013439284329034514
drive_thru,4,Pooled,1192,19,0.05541205860465584,0.005174695779111535,0.11404753128609742
drive_thru,4,Within block,1192,19,0.0018918212170002846,-0.03866102608014224,0.05246906093987843
drive_thru,5,Pooled,1154,19,0.04384943493157379,-0.017232899803149737,0.10199688719078699
drive_thru,5,Within block,1154,19,-0.0015856565698601857,-0.057275766309302374,0.05725755738437851
drive_thru,6,Pooled,1117,19,0.043231421105267,0.0033397132304121718,0.07260460735045828
drive_thru,6,Within block,1117,19,-0.0008501658521171246,-0.039104677634697604,0.030809790719401608
drive_thru,7,Pooled,1080,19,0.020243876256891998,-0.051895342318348005,0.08203459849924045
drive_thru,7,Within block,1080,19,-0.021756523067738186,-0.08857982970813971,0.0430171983605409
drive_thru,8,Pooled,1044,19,-0.02426243585274227,-0.07464465707908469,0.0354300213230192
drive_thru,8,Within block,1044,19,-0.06521226463319466,-0.11351520751874389,-0.013300414413566978
drive_thru,9,Pooled,1011,18,0.04079020232797389,-0.015876975929477715,0.08702903003801643
drive_thru,9,Within block,1011,18,0.0005977424255675369,-0.05566473254257988,0.05092479065222476
drive_thru,10,Pooled,979,17,0.025905381015167168,-0.043318082139281594,0.09175502913586524
drive_thru,10,Within block,979,17,-0.011645231351003728,-0.07948425172996905,0.04707891734384845
counter,1,Pooled,625,18,0.047474191305219925,-0.06760014152166553,0.12571283920007326
counter,1,Within block,625,18,-0.12641839263465193,-0.21227938998064402,-0.037402829251524085
counter,2,Pooled,599,17,0.2327911424143754,-0.008031239424811964,0.4260491942067496
counter,2,Within block,599,17,0.10337932751548053,-0.06788734321729595,0.2796934830275343
counter,3,Pooled,574,17,0.17948830437586455,0.008844693693947131,0.3022143359985071
counter,3,Within block,574,17,0.034298832464420066,-0.05393517793169359,0.09713474888895042
counter,4,Pooled,550,17,0.09510996020756735,0.00901884392412173,0.1650982479197693
counter,4,Within block,550,17,-0.06049255779920039,-0.13394060488428522,0.011717240054800305
counter,5,Pooled,526,17,0.11587942861510667,-0.08963590926148575,0.2992267178322847
counter,5,Within block,526,17,-0.0196949926861142,-0.16454793079572386,0.10483563163062896
counter,6,Pooled,502,17,0.09184498905800649,0.021150713029078654,0.14417078313916798
counter,6,Within block,502,17,-0.057351522157254975,-0.2337399664625016,0.07291002661883877
counter,7,Pooled,480,17,0.07369362662497342,-0.06040339011079431,0.18956242963742442
counter,7,Within block,480,17,-0.05408402151818193,-0.12640368187205125,0.03127213041559682
counter,8,Pooled,458,15,0.0865931743170481,-0.008871406119062905,0.13445581793498176
counter,8,Within block,458,15,-0.03113396639338366,-0.18123544758841634,0.07436503895559611
counter,9,Pooled,439,14,0.064201798260201,-0.01656987045935741,0.14586602547320002
counter,9,Within block,439,14,-0.048688926455080155,-0.1516168984939594,0.032808472442980324
counter,10,Pooled,421,14,0.03889931526949977,-0.043252367021335725,0.11674799235505773
counter,10,Within block,421,14,-0.04265412005116927,-0.12126204150723482,0.021607472663399605
