segment_id,operating_day,observed_minutes,announcements,adjacent_gaps,threshold_seconds,observed_short_gaps,reference_expected_short_gaps
1,2026-08-17,20.1,10,9,5,0,0.3965
1,2026-08-17,20.1,10,9,10,0,0.741
1,2026-08-17,20.1,10,9,15,0,1.085
2,2026-08-18,8.533333333333333,7,6,5,0,0.4535
2,2026-08-18,8.533333333333333,7,6,10,0,0.809
2,2026-08-18,8.533333333333333,7,6,15,0,1.144
3,2026-08-18,21.533333333333335,12,11,5,1,0.5305
3,2026-08-18,21.533333333333335,12,11,10,1,1.0115
3,2026-08-18,21.533333333333335,12,11,15,1,1.458
4,2026-08-19,22.416666666666668,3,2,5,0,0.028
4,2026-08-19,22.416666666666668,3,2,10,0,0.055
4,2026-08-19,22.416666666666668,3,2,15,0,0.0775
5,2026-08-20,21.2,15,14,5,2,0.8485
5,2026-08-20,21.2,15,14,10,3,1.5915
5,2026-08-20,21.2,15,14,15,3,2.301
6,2026-08-20,14.8,9,8,5,0,0.4365
6,2026-08-20,14.8,9,8,10,1,0.845
6,2026-08-20,14.8,9,8,15,1,1.1995
7,2026-08-21,12.533333333333333,11,10,5,0,0.7615
7,2026-08-21,12.533333333333333,11,10,10,1,1.416
7,2026-08-21,12.533333333333333,11,10,15,1,2.0265
8,2026-08-21,24.133333333333333,20,19,5,0,1.432
8,2026-08-21,24.133333333333333,20,19,10,1,2.5775
8,2026-08-21,24.133333333333333,20,19,15,1,3.682
9,2026-08-22,12.333333333333334,7,6,5,0,0.2915
9,2026-08-22,12.333333333333334,7,6,10,0,0.5525
9,2026-08-22,12.333333333333334,7,6,15,0,0.8385
10,2026-08-22,26.7,12,11,5,0,0.442
10,2026-08-22,26.7,12,11,10,0,0.821
10,2026-08-22,26.7,12,11,15,0,1.216
11,2026-08-23,23.9,21,20,5,0,1.5375
11,2026-08-23,23.9,21,20,10,0,2.876
11,2026-08-23,23.9,21,20,15,1,4.094
12,2026-08-23,60.2,39,38,5,1,2.2245
12,2026-08-23,60.2,39,38,10,1,4.09
12,2026-08-23,60.2,39,38,15,1,5.9245
13,2026-08-23,9.5,16,15,5,1,2.2185
13,2026-08-23,9.5,16,15,10,2,3.9405
13,2026-08-23,9.5,16,15,15,2,5.3725
14,2026-08-24,71.55,40,39,5,0,1.9595
14,2026-08-24,71.55,40,39,10,0,3.647
14,2026-08-24,71.55,40,39,15,1,5.2615
15,2026-08-24,9.866666666666667,4,3,5,0,0.129
15,2026-08-24,9.866666666666667,4,3,10,0,0.246
15,2026-08-24,9.866666666666667,4,3,15,0,0.333
16,2026-08-25,12.566666666666666,9,8,5,0,0.501
16,2026-08-25,12.566666666666666,9,8,10,0,0.9385
16,2026-08-25,12.566666666666666,9,8,15,0,1.364
17,2026-08-29,12.2,9,8,5,0,0.511
17,2026-08-29,12.2,9,8,10,0,0.97
17,2026-08-29,12.2,9,8,15,0,1.3865
18,2026-08-30,122.33333333333333,81,80,5,3,4.6565
18,2026-08-30,122.33333333333333,81,80,10,6,8.676
18,2026-08-30,122.33333333333333,81,80,15,9,12.463
19,2026-08-30,63.0,53,52,5,2,3.861
19,2026-08-30,63.0,53,52,10,4,7.1635
19,2026-08-30,63.0,53,52,15,5,10.211
20,2026-08-31,70.01666666666667,28,27,5,0,0.973
20,2026-08-31,70.01666666666667,28,27,10,1,1.813
20,2026-08-31,70.01666666666667,28,27,15,1,2.609
21,2026-09-01,71.56666666666666,17,16,5,0,0.3435
21,2026-09-01,71.56666666666666,17,16,10,0,0.632
21,2026-09-01,71.56666666666666,17,16,15,0,0.937
22,2026-09-02,40.166666666666664,22,21,5,0,1.032
22,2026-09-02,40.166666666666664,22,21,10,1,1.916
22,2026-09-02,40.166666666666664,22,21,15,1,2.7615
23,2026-09-03,89.11666666666666,53,52,5,1,2.766
23,2026-09-03,89.11666666666666,53,52,10,5,5.1765
23,2026-09-03,89.11666666666666,53,52,15,8,7.434
24,2026-09-04,63.733333333333334,53,52,5,1,3.9075
24,2026-09-04,63.733333333333334,53,52,10,3,7.147
24,2026-09-04,63.733333333333334,53,52,15,6,10.0955
25,2026-09-05,137.81666666666666,83,82,5,2,4.4045
25,2026-09-05,137.81666666666666,83,82,10,7,8.102
25,2026-09-05,137.81666666666666,83,82,15,8,11.6935
26,2026-09-06,66.31666666666666,43,42,5,1,2.404
26,2026-09-06,66.31666666666666,43,42,10,2,4.491
26,2026-09-06,66.31666666666666,43,42,15,2,6.4805
