segment_id,start,end,orders,announcements,span_seconds,previous_burst_end,preceding_quiet_seconds,operating_day,size_group
1,2026-08-17 20:08:51-07:00,2026-08-17 20:08:51-07:00,1.0,1,0.0,,,2026-08-17,1 order
1,2026-08-17 20:09:46-07:00,2026-08-17 20:09:46-07:00,1.0,1,0.0,2026-08-17 20:08:51-07:00,55.0,2026-08-17,1 order
1,2026-08-17 20:10:18-07:00,2026-08-17 20:10:18-07:00,1.0,1,0.0,2026-08-17 20:09:46-07:00,32.0,2026-08-17,1 order
1,2026-08-17 20:11:01-07:00,2026-08-17 20:11:01-07:00,1.0,1,0.0,2026-08-17 20:10:18-07:00,43.0,2026-08-17,1 order
1,2026-08-17 20:12:34-07:00,2026-08-17 20:12:34-07:00,1.0,1,0.0,2026-08-17 20:11:01-07:00,93.0,2026-08-17,1 order
1,2026-08-17 20:14:42-07:00,2026-08-17 20:14:42-07:00,1.0,1,0.0,2026-08-17 20:12:34-07:00,128.0,2026-08-17,1 order
1,2026-08-17 20:16:06-07:00,2026-08-17 20:16:06-07:00,2.0,1,0.0,2026-08-17 20:14:42-07:00,84.0,2026-08-17,2 orders
1,2026-08-17 20:21:13-07:00,2026-08-17 20:21:13-07:00,1.0,1,0.0,2026-08-17 20:16:06-07:00,307.0,2026-08-17,1 order
1,2026-08-17 20:24:58-07:00,2026-08-17 20:24:58-07:00,1.0,1,0.0,2026-08-17 20:21:13-07:00,225.0,2026-08-17,1 order
1,2026-08-17 20:25:58-07:00,2026-08-17 20:25:58-07:00,1.0,1,0.0,2026-08-17 20:24:58-07:00,60.0,2026-08-17,1 order
2,2026-08-18 11:47:19-07:00,2026-08-18 11:47:19-07:00,1.0,1,0.0,,,2026-08-18,1 order
2,2026-08-18 11:49:14-07:00,2026-08-18 11:49:14-07:00,1.0,1,0.0,2026-08-18 11:47:19-07:00,115.0,2026-08-18,1 order
2,2026-08-18 11:49:54-07:00,2026-08-18 11:49:54-07:00,1.0,1,0.0,2026-08-18 11:49:14-07:00,40.0,2026-08-18,1 order
2,2026-08-18 11:50:20-07:00,2026-08-18 11:50:20-07:00,1.0,1,0.0,2026-08-18 11:49:54-07:00,26.0,2026-08-18,1 order
2,2026-08-18 11:53:18-07:00,2026-08-18 11:53:18-07:00,1.0,1,0.0,2026-08-18 11:50:20-07:00,178.0,2026-08-18,1 order
2,2026-08-18 11:54:12-07:00,2026-08-18 11:54:12-07:00,1.0,1,0.0,2026-08-18 11:53:18-07:00,54.0,2026-08-18,1 order
2,2026-08-18 11:55:15-07:00,2026-08-18 11:55:15-07:00,1.0,1,0.0,2026-08-18 11:54:12-07:00,63.0,2026-08-18,1 order
3,2026-08-18 19:24:34-07:00,2026-08-18 19:24:34-07:00,1.0,1,0.0,,,2026-08-18,1 order
3,2026-08-18 19:26:33-07:00,2026-08-18 19:26:33-07:00,1.0,1,0.0,2026-08-18 19:24:34-07:00,119.0,2026-08-18,1 order
3,2026-08-18 19:27:12-07:00,2026-08-18 19:27:12-07:00,1.0,1,0.0,2026-08-18 19:26:33-07:00,39.0,2026-08-18,1 order
3,2026-08-18 19:30:48-07:00,2026-08-18 19:30:48-07:00,1.0,1,0.0,2026-08-18 19:27:12-07:00,216.0,2026-08-18,1 order
3,2026-08-18 19:32:07-07:00,2026-08-18 19:32:07-07:00,1.0,1,0.0,2026-08-18 19:30:48-07:00,79.0,2026-08-18,1 order
3,2026-08-18 19:38:13-07:00,2026-08-18 19:38:15-07:00,2.0,2,2.0,2026-08-18 19:32:07-07:00,366.0,2026-08-18,2 orders
3,2026-08-18 19:38:38-07:00,2026-08-18 19:38:38-07:00,1.0,1,0.0,2026-08-18 19:38:15-07:00,23.0,2026-08-18,1 order
3,2026-08-18 19:40:53-07:00,2026-08-18 19:40:53-07:00,1.0,1,0.0,2026-08-18 19:38:38-07:00,135.0,2026-08-18,1 order
3,2026-08-18 19:41:26-07:00,2026-08-18 19:41:26-07:00,1.0,1,0.0,2026-08-18 19:40:53-07:00,33.0,2026-08-18,1 order
3,2026-08-18 19:42:04-07:00,2026-08-18 19:42:04-07:00,1.0,1,0.0,2026-08-18 19:41:26-07:00,38.0,2026-08-18,1 order
3,2026-08-18 19:45:24-07:00,2026-08-18 19:45:24-07:00,1.0,1,0.0,2026-08-18 19:42:04-07:00,200.0,2026-08-18,1 order
4,2026-08-19 23:52:16-07:00,2026-08-19 23:52:16-07:00,1.0,1,0.0,,,2026-08-19,1 order
4,2026-08-19 23:59:34-07:00,2026-08-19 23:59:34-07:00,1.0,1,0.0,2026-08-19 23:52:16-07:00,438.0,2026-08-19,1 order
4,2026-08-20 00:03:59-07:00,2026-08-20 00:03:59-07:00,1.0,1,0.0,2026-08-19 23:59:34-07:00,265.0,2026-08-19,1 order
5,2026-08-20 17:51:49-07:00,2026-08-20 17:51:49-07:00,1.0,1,0.0,,,2026-08-20,1 order
5,2026-08-20 17:54:05-07:00,2026-08-20 17:54:05-07:00,2.0,1,0.0,2026-08-20 17:51:49-07:00,136.0,2026-08-20,2 orders
5,2026-08-20 17:55:46-07:00,2026-08-20 17:55:46-07:00,1.0,1,0.0,2026-08-20 17:54:05-07:00,101.0,2026-08-20,1 order
5,2026-08-20 17:59:14-07:00,2026-08-20 17:59:17-07:00,2.0,2,3.0,2026-08-20 17:55:46-07:00,208.0,2026-08-20,2 orders
5,2026-08-20 18:00:49-07:00,2026-08-20 18:00:49-07:00,1.0,1,0.0,2026-08-20 17:59:17-07:00,92.0,2026-08-20,1 order
5,2026-08-20 18:02:34-07:00,2026-08-20 18:02:34-07:00,1.0,1,0.0,2026-08-20 18:00:49-07:00,105.0,2026-08-20,1 order
5,2026-08-20 18:06:04-07:00,2026-08-20 18:06:09-07:00,2.0,2,5.0,2026-08-20 18:02:34-07:00,210.0,2026-08-20,2 orders
5,2026-08-20 18:08:23-07:00,2026-08-20 18:08:23-07:00,2.0,1,0.0,2026-08-20 18:06:09-07:00,134.0,2026-08-20,2 orders
5,2026-08-20 18:08:57-07:00,2026-08-20 18:08:57-07:00,2.0,1,0.0,2026-08-20 18:08:23-07:00,34.0,2026-08-20,2 orders
5,2026-08-20 18:09:42-07:00,2026-08-20 18:09:49-07:00,2.0,2,7.0,2026-08-20 18:08:57-07:00,45.0,2026-08-20,2 orders
5,2026-08-20 18:10:31-07:00,2026-08-20 18:10:31-07:00,1.0,1,0.0,2026-08-20 18:09:49-07:00,42.0,2026-08-20,1 order
5,2026-08-20 18:11:29-07:00,2026-08-20 18:11:29-07:00,1.0,1,0.0,2026-08-20 18:10:31-07:00,58.0,2026-08-20,1 order
6,2026-08-20 22:31:00-07:00,2026-08-20 22:31:00-07:00,2.0,1,0.0,,,2026-08-20,2 orders
6,2026-08-20 22:32:20-07:00,2026-08-20 22:32:30-07:00,2.0,2,10.0,2026-08-20 22:31:00-07:00,80.0,2026-08-20,2 orders
6,2026-08-20 22:35:59-07:00,2026-08-20 22:35:59-07:00,2.0,1,0.0,2026-08-20 22:32:30-07:00,209.0,2026-08-20,2 orders
6,2026-08-20 22:37:29-07:00,2026-08-20 22:37:29-07:00,1.0,1,0.0,2026-08-20 22:35:59-07:00,90.0,2026-08-20,1 order
6,2026-08-20 22:40:57-07:00,2026-08-20 22:40:57-07:00,1.0,1,0.0,2026-08-20 22:37:29-07:00,208.0,2026-08-20,1 order
6,2026-08-20 22:41:15-07:00,2026-08-20 22:41:15-07:00,1.0,1,0.0,2026-08-20 22:40:57-07:00,18.0,2026-08-20,1 order
6,2026-08-20 22:41:41-07:00,2026-08-20 22:41:41-07:00,1.0,1,0.0,2026-08-20 22:41:15-07:00,26.0,2026-08-20,1 order
6,2026-08-20 22:43:19-07:00,2026-08-20 22:43:19-07:00,1.0,1,0.0,2026-08-20 22:41:41-07:00,98.0,2026-08-20,1 order
7,2026-08-21 14:35:30-07:00,2026-08-21 14:35:30-07:00,2.0,1,0.0,,,2026-08-21,2 orders
7,2026-08-21 14:36:24-07:00,2026-08-21 14:36:24-07:00,1.0,1,0.0,2026-08-21 14:35:30-07:00,54.0,2026-08-21,1 order
7,2026-08-21 14:38:14-07:00,2026-08-21 14:38:22-07:00,2.0,2,8.0,2026-08-21 14:36:24-07:00,110.0,2026-08-21,2 orders
7,2026-08-21 14:38:47-07:00,2026-08-21 14:38:47-07:00,1.0,1,0.0,2026-08-21 14:38:22-07:00,25.0,2026-08-21,1 order
7,2026-08-21 14:40:43-07:00,2026-08-21 14:40:43-07:00,1.0,1,0.0,2026-08-21 14:38:47-07:00,116.0,2026-08-21,1 order
7,2026-08-21 14:41:32-07:00,2026-08-21 14:41:32-07:00,1.0,1,0.0,2026-08-21 14:40:43-07:00,49.0,2026-08-21,1 order
7,2026-08-21 14:42:50-07:00,2026-08-21 14:42:50-07:00,3.0,1,0.0,2026-08-21 14:41:32-07:00,78.0,2026-08-21,3+ orders
7,2026-08-21 14:43:41-07:00,2026-08-21 14:43:41-07:00,1.0,1,0.0,2026-08-21 14:42:50-07:00,51.0,2026-08-21,1 order
7,2026-08-21 14:45:43-07:00,2026-08-21 14:45:43-07:00,2.0,1,0.0,2026-08-21 14:43:41-07:00,122.0,2026-08-21,2 orders
7,2026-08-21 14:46:57-07:00,2026-08-21 14:46:57-07:00,2.0,1,0.0,2026-08-21 14:45:43-07:00,74.0,2026-08-21,2 orders
8,2026-08-21 19:28:36-07:00,2026-08-21 19:28:36-07:00,2.0,1,0.0,,,2026-08-21,2 orders
8,2026-08-21 19:28:59-07:00,2026-08-21 19:28:59-07:00,1.0,1,0.0,2026-08-21 19:28:36-07:00,23.0,2026-08-21,1 order
8,2026-08-21 19:29:26-07:00,2026-08-21 19:29:26-07:00,2.0,1,0.0,2026-08-21 19:28:59-07:00,27.0,2026-08-21,2 orders
8,2026-08-21 19:30:40-07:00,2026-08-21 19:30:40-07:00,2.0,1,0.0,2026-08-21 19:29:26-07:00,74.0,2026-08-21,2 orders
8,2026-08-21 19:31:53-07:00,2026-08-21 19:31:53-07:00,1.0,1,0.0,2026-08-21 19:30:40-07:00,73.0,2026-08-21,1 order
8,2026-08-21 19:32:10-07:00,2026-08-21 19:32:10-07:00,1.0,1,0.0,2026-08-21 19:31:53-07:00,17.0,2026-08-21,1 order
8,2026-08-21 19:35:06-07:00,2026-08-21 19:35:06-07:00,1.0,1,0.0,2026-08-21 19:32:10-07:00,176.0,2026-08-21,1 order
8,2026-08-21 19:36:59-07:00,2026-08-21 19:36:59-07:00,1.0,1,0.0,2026-08-21 19:35:06-07:00,113.0,2026-08-21,1 order
8,2026-08-21 19:38:05-07:00,2026-08-21 19:38:05-07:00,1.0,1,0.0,2026-08-21 19:36:59-07:00,66.0,2026-08-21,1 order
8,2026-08-21 19:39:30-07:00,2026-08-21 19:39:30-07:00,1.0,1,0.0,2026-08-21 19:38:05-07:00,85.0,2026-08-21,1 order
8,2026-08-21 19:41:44-07:00,2026-08-21 19:41:44-07:00,1.0,1,0.0,2026-08-21 19:39:30-07:00,134.0,2026-08-21,1 order
8,2026-08-21 19:43:41-07:00,2026-08-21 19:43:41-07:00,4.0,1,0.0,2026-08-21 19:41:44-07:00,117.0,2026-08-21,3+ orders
8,2026-08-21 19:43:58-07:00,2026-08-21 19:43:58-07:00,1.0,1,0.0,2026-08-21 19:43:41-07:00,17.0,2026-08-21,1 order
8,2026-08-21 19:45:06-07:00,2026-08-21 19:45:06-07:00,2.0,1,0.0,2026-08-21 19:43:58-07:00,68.0,2026-08-21,2 orders
8,2026-08-21 19:45:51-07:00,2026-08-21 19:45:51-07:00,1.0,1,0.0,2026-08-21 19:45:06-07:00,45.0,2026-08-21,1 order
8,2026-08-21 19:47:12-07:00,2026-08-21 19:47:12-07:00,1.0,1,0.0,2026-08-21 19:45:51-07:00,81.0,2026-08-21,1 order
8,2026-08-21 19:48:10-07:00,2026-08-21 19:48:10-07:00,1.0,1,0.0,2026-08-21 19:47:12-07:00,58.0,2026-08-21,1 order
8,2026-08-21 19:49:37-07:00,2026-08-21 19:49:46-07:00,2.0,2,9.0,2026-08-21 19:48:10-07:00,87.0,2026-08-21,2 orders
8,2026-08-21 19:50:04-07:00,2026-08-21 19:50:04-07:00,1.0,1,0.0,2026-08-21 19:49:46-07:00,18.0,2026-08-21,1 order
9,2026-08-22 12:02:47-07:00,2026-08-22 12:02:47-07:00,1.0,1,0.0,,,2026-08-22,1 order
9,2026-08-22 12:04:30-07:00,2026-08-22 12:04:30-07:00,1.0,1,0.0,2026-08-22 12:02:47-07:00,103.0,2026-08-22,1 order
9,2026-08-22 12:08:15-07:00,2026-08-22 12:08:15-07:00,1.0,1,0.0,2026-08-22 12:04:30-07:00,225.0,2026-08-22,1 order
9,2026-08-22 12:09:58-07:00,2026-08-22 12:09:58-07:00,1.0,1,0.0,2026-08-22 12:08:15-07:00,103.0,2026-08-22,1 order
9,2026-08-22 12:10:43-07:00,2026-08-22 12:10:43-07:00,1.0,1,0.0,2026-08-22 12:09:58-07:00,45.0,2026-08-22,1 order
9,2026-08-22 12:11:22-07:00,2026-08-22 12:11:22-07:00,1.0,1,0.0,2026-08-22 12:10:43-07:00,39.0,2026-08-22,1 order
9,2026-08-22 12:11:47-07:00,2026-08-22 12:11:47-07:00,2.0,1,0.0,2026-08-22 12:11:22-07:00,25.0,2026-08-22,2 orders
10,2026-08-22 17:13:27-07:00,2026-08-22 17:13:27-07:00,1.0,1,0.0,,,2026-08-22,1 order
10,2026-08-22 17:15:20-07:00,2026-08-22 17:15:20-07:00,2.0,1,0.0,2026-08-22 17:13:27-07:00,113.0,2026-08-22,2 orders
10,2026-08-22 17:17:57-07:00,2026-08-22 17:17:57-07:00,1.0,1,0.0,2026-08-22 17:15:20-07:00,157.0,2026-08-22,1 order
10,2026-08-22 17:18:49-07:00,2026-08-22 17:18:49-07:00,1.0,1,0.0,2026-08-22 17:17:57-07:00,52.0,2026-08-22,1 order
10,2026-08-22 17:20:00-07:00,2026-08-22 17:20:00-07:00,1.0,1,0.0,2026-08-22 17:18:49-07:00,71.0,2026-08-22,1 order
10,2026-08-22 17:20:56-07:00,2026-08-22 17:20:56-07:00,1.0,1,0.0,2026-08-22 17:20:00-07:00,56.0,2026-08-22,1 order
10,2026-08-22 17:21:59-07:00,2026-08-22 17:21:59-07:00,1.0,1,0.0,2026-08-22 17:20:56-07:00,63.0,2026-08-22,1 order
10,2026-08-22 17:30:40-07:00,2026-08-22 17:30:40-07:00,1.0,1,0.0,2026-08-22 17:21:59-07:00,521.0,2026-08-22,1 order
10,2026-08-22 17:32:37-07:00,2026-08-22 17:32:37-07:00,1.0,1,0.0,2026-08-22 17:30:40-07:00,117.0,2026-08-22,1 order
10,2026-08-22 17:34:08-07:00,2026-08-22 17:34:08-07:00,1.0,1,0.0,2026-08-22 17:32:37-07:00,91.0,2026-08-22,1 order
10,2026-08-22 17:37:07-07:00,2026-08-22 17:37:07-07:00,1.0,1,0.0,2026-08-22 17:34:08-07:00,179.0,2026-08-22,1 order
10,2026-08-22 17:40:03-07:00,2026-08-22 17:40:03-07:00,2.0,1,0.0,2026-08-22 17:37:07-07:00,176.0,2026-08-22,2 orders
11,2026-08-23 13:45:39-07:00,2026-08-23 13:45:39-07:00,1.0,1,0.0,,,2026-08-23,1 order
11,2026-08-23 13:47:26-07:00,2026-08-23 13:47:26-07:00,1.0,1,0.0,2026-08-23 13:45:39-07:00,107.0,2026-08-23,1 order
11,2026-08-23 13:50:04-07:00,2026-08-23 13:50:04-07:00,1.0,1,0.0,2026-08-23 13:47:26-07:00,158.0,2026-08-23,1 order
11,2026-08-23 13:50:49-07:00,2026-08-23 13:50:49-07:00,1.0,1,0.0,2026-08-23 13:50:04-07:00,45.0,2026-08-23,1 order
11,2026-08-23 13:51:15-07:00,2026-08-23 13:51:15-07:00,1.0,1,0.0,2026-08-23 13:50:49-07:00,26.0,2026-08-23,1 order
11,2026-08-23 13:52:52-07:00,2026-08-23 13:52:52-07:00,1.0,1,0.0,2026-08-23 13:51:15-07:00,97.0,2026-08-23,1 order
11,2026-08-23 13:53:16-07:00,2026-08-23 13:53:16-07:00,1.0,1,0.0,2026-08-23 13:52:52-07:00,24.0,2026-08-23,1 order
11,2026-08-23 13:53:41-07:00,2026-08-23 13:53:41-07:00,1.0,1,0.0,2026-08-23 13:53:16-07:00,25.0,2026-08-23,1 order
11,2026-08-23 13:56:35-07:00,2026-08-23 13:56:35-07:00,2.0,1,0.0,2026-08-23 13:53:41-07:00,174.0,2026-08-23,2 orders
11,2026-08-23 13:56:49-07:00,2026-08-23 13:56:49-07:00,1.0,1,0.0,2026-08-23 13:56:35-07:00,14.0,2026-08-23,1 order
11,2026-08-23 13:58:22-07:00,2026-08-23 13:58:22-07:00,1.0,1,0.0,2026-08-23 13:56:49-07:00,93.0,2026-08-23,1 order
11,2026-08-23 13:59:45-07:00,2026-08-23 13:59:45-07:00,1.0,1,0.0,2026-08-23 13:58:22-07:00,83.0,2026-08-23,1 order
11,2026-08-23 14:01:04-07:00,2026-08-23 14:01:04-07:00,1.0,1,0.0,2026-08-23 13:59:45-07:00,79.0,2026-08-23,1 order
11,2026-08-23 14:01:22-07:00,2026-08-23 14:01:22-07:00,1.0,1,0.0,2026-08-23 14:01:04-07:00,18.0,2026-08-23,1 order
11,2026-08-23 14:02:12-07:00,2026-08-23 14:02:12-07:00,2.0,1,0.0,2026-08-23 14:01:22-07:00,50.0,2026-08-23,2 orders
11,2026-08-23 14:02:36-07:00,2026-08-23 14:02:36-07:00,1.0,1,0.0,2026-08-23 14:02:12-07:00,24.0,2026-08-23,1 order
11,2026-08-23 14:05:02-07:00,2026-08-23 14:05:02-07:00,1.0,1,0.0,2026-08-23 14:02:36-07:00,146.0,2026-08-23,1 order
11,2026-08-23 14:05:57-07:00,2026-08-23 14:05:57-07:00,1.0,1,0.0,2026-08-23 14:05:02-07:00,55.0,2026-08-23,1 order
11,2026-08-23 14:06:54-07:00,2026-08-23 14:06:54-07:00,1.0,1,0.0,2026-08-23 14:05:57-07:00,57.0,2026-08-23,1 order
11,2026-08-23 14:07:45-07:00,2026-08-23 14:07:45-07:00,1.0,1,0.0,2026-08-23 14:06:54-07:00,51.0,2026-08-23,1 order
11,2026-08-23 14:08:33-07:00,2026-08-23 14:08:33-07:00,1.0,1,0.0,2026-08-23 14:07:45-07:00,48.0,2026-08-23,1 order
12,2026-08-23 19:41:03-07:00,2026-08-23 19:41:03-07:00,2.0,1,0.0,,,2026-08-23,2 orders
12,2026-08-23 19:42:01-07:00,2026-08-23 19:42:01-07:00,1.0,1,0.0,2026-08-23 19:41:03-07:00,58.0,2026-08-23,1 order
12,2026-08-23 19:42:43-07:00,2026-08-23 19:42:43-07:00,1.0,1,0.0,2026-08-23 19:42:01-07:00,42.0,2026-08-23,1 order
12,2026-08-23 19:43:15-07:00,2026-08-23 19:43:15-07:00,1.0,1,0.0,2026-08-23 19:42:43-07:00,32.0,2026-08-23,1 order
12,2026-08-23 19:44:29-07:00,2026-08-23 19:44:29-07:00,1.0,1,0.0,2026-08-23 19:43:15-07:00,74.0,2026-08-23,1 order
12,2026-08-23 19:46:03-07:00,2026-08-23 19:46:03-07:00,1.0,1,0.0,2026-08-23 19:44:29-07:00,94.0,2026-08-23,1 order
12,2026-08-23 19:49:07-07:00,2026-08-23 19:49:07-07:00,1.0,1,0.0,2026-08-23 19:46:03-07:00,184.0,2026-08-23,1 order
12,2026-08-23 19:49:40-07:00,2026-08-23 19:49:40-07:00,1.0,1,0.0,2026-08-23 19:49:07-07:00,33.0,2026-08-23,1 order
12,2026-08-23 19:50:53-07:00,2026-08-23 19:50:53-07:00,3.0,1,0.0,2026-08-23 19:49:40-07:00,73.0,2026-08-23,3+ orders
12,2026-08-23 19:51:51-07:00,2026-08-23 19:51:51-07:00,1.0,1,0.0,2026-08-23 19:50:53-07:00,58.0,2026-08-23,1 order
12,2026-08-23 19:52:55-07:00,2026-08-23 19:52:55-07:00,1.0,1,0.0,2026-08-23 19:51:51-07:00,64.0,2026-08-23,1 order
12,2026-08-23 19:54:48-07:00,2026-08-23 19:54:48-07:00,1.0,1,0.0,2026-08-23 19:52:55-07:00,113.0,2026-08-23,1 order
12,2026-08-23 19:57:03-07:00,2026-08-23 19:57:03-07:00,1.0,1,0.0,2026-08-23 19:54:48-07:00,135.0,2026-08-23,1 order
12,2026-08-23 20:00:59-07:00,2026-08-23 20:00:59-07:00,1.0,1,0.0,2026-08-23 19:57:03-07:00,236.0,2026-08-23,1 order
12,2026-08-23 20:01:58-07:00,2026-08-23 20:01:58-07:00,3.0,1,0.0,2026-08-23 20:00:59-07:00,59.0,2026-08-23,3+ orders
12,2026-08-23 20:04:01-07:00,2026-08-23 20:04:01-07:00,1.0,1,0.0,2026-08-23 20:01:58-07:00,123.0,2026-08-23,1 order
12,2026-08-23 20:04:28-07:00,2026-08-23 20:04:28-07:00,1.0,1,0.0,2026-08-23 20:04:01-07:00,27.0,2026-08-23,1 order
12,2026-08-23 20:05:29-07:00,2026-08-23 20:05:29-07:00,1.0,1,0.0,2026-08-23 20:04:28-07:00,61.0,2026-08-23,1 order
12,2026-08-23 20:06:39-07:00,2026-08-23 20:06:39-07:00,1.0,1,0.0,2026-08-23 20:05:29-07:00,70.0,2026-08-23,1 order
12,2026-08-23 20:07:26-07:00,2026-08-23 20:07:26-07:00,1.0,1,0.0,2026-08-23 20:06:39-07:00,47.0,2026-08-23,1 order
12,2026-08-23 20:08:21-07:00,2026-08-23 20:08:21-07:00,1.0,1,0.0,2026-08-23 20:07:26-07:00,55.0,2026-08-23,1 order
12,2026-08-23 20:09:25-07:00,2026-08-23 20:09:25-07:00,1.0,1,0.0,2026-08-23 20:08:21-07:00,64.0,2026-08-23,1 order
12,2026-08-23 20:11:35-07:00,2026-08-23 20:11:35-07:00,1.0,1,0.0,2026-08-23 20:09:25-07:00,130.0,2026-08-23,1 order
12,2026-08-23 20:13:05-07:00,2026-08-23 20:13:05-07:00,1.0,1,0.0,2026-08-23 20:11:35-07:00,90.0,2026-08-23,1 order
12,2026-08-23 20:14:13-07:00,2026-08-23 20:14:13-07:00,1.0,1,0.0,2026-08-23 20:13:05-07:00,68.0,2026-08-23,1 order
12,2026-08-23 20:16:23-07:00,2026-08-23 20:16:23-07:00,1.0,1,0.0,2026-08-23 20:14:13-07:00,130.0,2026-08-23,1 order
12,2026-08-23 20:18:28-07:00,2026-08-23 20:18:28-07:00,1.0,1,0.0,2026-08-23 20:16:23-07:00,125.0,2026-08-23,1 order
12,2026-08-23 20:20:38-07:00,2026-08-23 20:20:38-07:00,1.0,1,0.0,2026-08-23 20:18:28-07:00,130.0,2026-08-23,1 order
12,2026-08-23 20:27:06-07:00,2026-08-23 20:27:06-07:00,2.0,1,0.0,2026-08-23 20:20:38-07:00,388.0,2026-08-23,2 orders
12,2026-08-23 20:27:29-07:00,2026-08-23 20:27:29-07:00,3.0,1,0.0,2026-08-23 20:27:06-07:00,23.0,2026-08-23,3+ orders
12,2026-08-23 20:28:22-07:00,2026-08-23 20:28:22-07:00,1.0,1,0.0,2026-08-23 20:27:29-07:00,53.0,2026-08-23,1 order
12,2026-08-23 20:31:11-07:00,2026-08-23 20:31:11-07:00,2.0,1,0.0,2026-08-23 20:28:22-07:00,169.0,2026-08-23,2 orders
12,2026-08-23 20:32:05-07:00,2026-08-23 20:32:05-07:00,2.0,1,0.0,2026-08-23 20:31:11-07:00,54.0,2026-08-23,2 orders
12,2026-08-23 20:32:37-07:00,2026-08-23 20:32:37-07:00,1.0,1,0.0,2026-08-23 20:32:05-07:00,32.0,2026-08-23,1 order
12,2026-08-23 20:32:57-07:00,2026-08-23 20:32:57-07:00,1.0,1,0.0,2026-08-23 20:32:37-07:00,20.0,2026-08-23,1 order
12,2026-08-23 20:34:12-07:00,2026-08-23 20:34:12-07:00,1.0,1,0.0,2026-08-23 20:32:57-07:00,75.0,2026-08-23,1 order
12,2026-08-23 20:34:42-07:00,2026-08-23 20:34:43-07:00,2.0,2,1.0,2026-08-23 20:34:12-07:00,30.0,2026-08-23,2 orders
12,2026-08-23 20:37:09-07:00,2026-08-23 20:37:09-07:00,1.0,1,0.0,2026-08-23 20:34:43-07:00,146.0,2026-08-23,1 order
13,2026-08-23 21:06:23-07:00,2026-08-23 21:06:25-07:00,3.0,2,2.0,,,2026-08-23,3+ orders
13,2026-08-23 21:06:52-07:00,2026-08-23 21:06:52-07:00,1.0,1,0.0,2026-08-23 21:06:25-07:00,27.0,2026-08-23,1 order
13,2026-08-23 21:07:13-07:00,2026-08-23 21:07:13-07:00,1.0,1,0.0,2026-08-23 21:06:52-07:00,21.0,2026-08-23,1 order
13,2026-08-23 21:07:49-07:00,2026-08-23 21:07:49-07:00,1.0,1,0.0,2026-08-23 21:07:13-07:00,36.0,2026-08-23,1 order
13,2026-08-23 21:08:07-07:00,2026-08-23 21:08:07-07:00,1.0,1,0.0,2026-08-23 21:07:49-07:00,18.0,2026-08-23,1 order
13,2026-08-23 21:08:54-07:00,2026-08-23 21:08:54-07:00,1.0,1,0.0,2026-08-23 21:08:07-07:00,47.0,2026-08-23,1 order
13,2026-08-23 21:09:51-07:00,2026-08-23 21:09:51-07:00,1.0,1,0.0,2026-08-23 21:08:54-07:00,57.0,2026-08-23,1 order
13,2026-08-23 21:10:46-07:00,2026-08-23 21:10:55-07:00,2.0,2,9.0,2026-08-23 21:09:51-07:00,55.0,2026-08-23,2 orders
13,2026-08-23 21:11:43-07:00,2026-08-23 21:11:43-07:00,1.0,1,0.0,2026-08-23 21:10:55-07:00,48.0,2026-08-23,1 order
13,2026-08-23 21:12:25-07:00,2026-08-23 21:12:25-07:00,1.0,1,0.0,2026-08-23 21:11:43-07:00,42.0,2026-08-23,1 order
13,2026-08-23 21:13:04-07:00,2026-08-23 21:13:04-07:00,2.0,1,0.0,2026-08-23 21:12:25-07:00,39.0,2026-08-23,2 orders
13,2026-08-23 21:14:06-07:00,2026-08-23 21:14:06-07:00,1.0,1,0.0,2026-08-23 21:13:04-07:00,62.0,2026-08-23,1 order
13,2026-08-23 21:15:26-07:00,2026-08-23 21:15:26-07:00,1.0,1,0.0,2026-08-23 21:14:06-07:00,80.0,2026-08-23,1 order
13,2026-08-23 21:15:52-07:00,2026-08-23 21:15:52-07:00,1.0,1,0.0,2026-08-23 21:15:26-07:00,26.0,2026-08-23,1 order
14,2026-08-24 11:43:26-07:00,2026-08-24 11:43:26-07:00,1.0,1,0.0,,,2026-08-24,1 order
14,2026-08-24 11:45:05-07:00,2026-08-24 11:45:05-07:00,1.0,1,0.0,2026-08-24 11:43:26-07:00,99.0,2026-08-24,1 order
14,2026-08-24 11:45:53-07:00,2026-08-24 11:45:53-07:00,2.0,1,0.0,2026-08-24 11:45:05-07:00,48.0,2026-08-24,2 orders
14,2026-08-24 11:46:18-07:00,2026-08-24 11:46:18-07:00,1.0,1,0.0,2026-08-24 11:45:53-07:00,25.0,2026-08-24,1 order
14,2026-08-24 11:48:14-07:00,2026-08-24 11:48:14-07:00,1.0,1,0.0,2026-08-24 11:46:18-07:00,116.0,2026-08-24,1 order
14,2026-08-24 11:49:20-07:00,2026-08-24 11:49:20-07:00,1.0,1,0.0,2026-08-24 11:48:14-07:00,66.0,2026-08-24,1 order
14,2026-08-24 11:51:02-07:00,2026-08-24 11:51:02-07:00,1.0,1,0.0,2026-08-24 11:49:20-07:00,102.0,2026-08-24,1 order
14,2026-08-24 11:53:04-07:00,2026-08-24 11:53:04-07:00,2.0,1,0.0,2026-08-24 11:51:02-07:00,122.0,2026-08-24,2 orders
14,2026-08-24 11:56:59-07:00,2026-08-24 11:56:59-07:00,1.0,1,0.0,2026-08-24 11:53:04-07:00,235.0,2026-08-24,1 order
14,2026-08-24 11:57:56-07:00,2026-08-24 11:57:56-07:00,1.0,1,0.0,2026-08-24 11:56:59-07:00,57.0,2026-08-24,1 order
14,2026-08-24 11:58:13-07:00,2026-08-24 11:58:13-07:00,1.0,1,0.0,2026-08-24 11:57:56-07:00,17.0,2026-08-24,1 order
14,2026-08-24 12:03:54-07:00,2026-08-24 12:03:54-07:00,1.0,1,0.0,2026-08-24 11:58:13-07:00,341.0,2026-08-24,1 order
14,2026-08-24 12:07:13-07:00,2026-08-24 12:07:13-07:00,1.0,1,0.0,2026-08-24 12:03:54-07:00,199.0,2026-08-24,1 order
14,2026-08-24 12:08:18-07:00,2026-08-24 12:08:18-07:00,2.0,1,0.0,2026-08-24 12:07:13-07:00,65.0,2026-08-24,2 orders
14,2026-08-24 12:12:10-07:00,2026-08-24 12:12:10-07:00,2.0,1,0.0,2026-08-24 12:08:18-07:00,232.0,2026-08-24,2 orders
14,2026-08-24 12:14:13-07:00,2026-08-24 12:14:13-07:00,2.0,1,0.0,2026-08-24 12:12:10-07:00,123.0,2026-08-24,2 orders
14,2026-08-24 12:15:27-07:00,2026-08-24 12:15:27-07:00,1.0,1,0.0,2026-08-24 12:14:13-07:00,74.0,2026-08-24,1 order
14,2026-08-24 12:17:20-07:00,2026-08-24 12:17:20-07:00,1.0,1,0.0,2026-08-24 12:15:27-07:00,113.0,2026-08-24,1 order
14,2026-08-24 12:17:57-07:00,2026-08-24 12:17:57-07:00,1.0,1,0.0,2026-08-24 12:17:20-07:00,37.0,2026-08-24,1 order
14,2026-08-24 12:18:44-07:00,2026-08-24 12:18:44-07:00,1.0,1,0.0,2026-08-24 12:17:57-07:00,47.0,2026-08-24,1 order
14,2026-08-24 12:19:13-07:00,2026-08-24 12:19:13-07:00,1.0,1,0.0,2026-08-24 12:18:44-07:00,29.0,2026-08-24,1 order
14,2026-08-24 12:20:06-07:00,2026-08-24 12:20:06-07:00,2.0,1,0.0,2026-08-24 12:19:13-07:00,53.0,2026-08-24,2 orders
14,2026-08-24 12:21:49-07:00,2026-08-24 12:21:49-07:00,2.0,1,0.0,2026-08-24 12:20:06-07:00,103.0,2026-08-24,2 orders
14,2026-08-24 12:23:44-07:00,2026-08-24 12:23:44-07:00,1.0,1,0.0,2026-08-24 12:21:49-07:00,115.0,2026-08-24,1 order
14,2026-08-24 12:25:14-07:00,2026-08-24 12:25:14-07:00,2.0,1,0.0,2026-08-24 12:23:44-07:00,90.0,2026-08-24,2 orders
14,2026-08-24 12:28:24-07:00,2026-08-24 12:28:24-07:00,2.0,1,0.0,2026-08-24 12:25:14-07:00,190.0,2026-08-24,2 orders
14,2026-08-24 12:30:35-07:00,2026-08-24 12:30:35-07:00,1.0,1,0.0,2026-08-24 12:28:24-07:00,131.0,2026-08-24,1 order
14,2026-08-24 12:31:53-07:00,2026-08-24 12:31:53-07:00,1.0,1,0.0,2026-08-24 12:30:35-07:00,78.0,2026-08-24,1 order
14,2026-08-24 12:32:51-07:00,2026-08-24 12:32:51-07:00,1.0,1,0.0,2026-08-24 12:31:53-07:00,58.0,2026-08-24,1 order
14,2026-08-24 12:34:33-07:00,2026-08-24 12:34:33-07:00,1.0,1,0.0,2026-08-24 12:32:51-07:00,102.0,2026-08-24,1 order
14,2026-08-24 12:36:06-07:00,2026-08-24 12:36:06-07:00,1.0,1,0.0,2026-08-24 12:34:33-07:00,93.0,2026-08-24,1 order
14,2026-08-24 12:36:21-07:00,2026-08-24 12:36:21-07:00,1.0,1,0.0,2026-08-24 12:36:06-07:00,15.0,2026-08-24,1 order
14,2026-08-24 12:36:52-07:00,2026-08-24 12:36:52-07:00,1.0,1,0.0,2026-08-24 12:36:21-07:00,31.0,2026-08-24,1 order
14,2026-08-24 12:38:04-07:00,2026-08-24 12:38:04-07:00,1.0,1,0.0,2026-08-24 12:36:52-07:00,72.0,2026-08-24,1 order
14,2026-08-24 12:40:38-07:00,2026-08-24 12:40:38-07:00,2.0,1,0.0,2026-08-24 12:38:04-07:00,154.0,2026-08-24,2 orders
14,2026-08-24 12:42:46-07:00,2026-08-24 12:42:46-07:00,1.0,1,0.0,2026-08-24 12:40:38-07:00,128.0,2026-08-24,1 order
14,2026-08-24 12:43:27-07:00,2026-08-24 12:43:27-07:00,1.0,1,0.0,2026-08-24 12:42:46-07:00,41.0,2026-08-24,1 order
14,2026-08-24 12:45:53-07:00,2026-08-24 12:45:53-07:00,1.0,1,0.0,2026-08-24 12:43:27-07:00,146.0,2026-08-24,1 order
14,2026-08-24 12:46:17-07:00,2026-08-24 12:46:17-07:00,1.0,1,0.0,2026-08-24 12:45:53-07:00,24.0,2026-08-24,1 order
14,2026-08-24 12:47:25-07:00,2026-08-24 12:47:25-07:00,1.0,1,0.0,2026-08-24 12:46:17-07:00,68.0,2026-08-24,1 order
15,2026-08-24 19:36:28-07:00,2026-08-24 19:36:28-07:00,1.0,1,0.0,,,2026-08-24,1 order
15,2026-08-24 19:38:51-07:00,2026-08-24 19:38:51-07:00,3.0,1,0.0,2026-08-24 19:36:28-07:00,143.0,2026-08-24,3+ orders
15,2026-08-24 19:39:22-07:00,2026-08-24 19:39:22-07:00,1.0,1,0.0,2026-08-24 19:38:51-07:00,31.0,2026-08-24,1 order
15,2026-08-24 19:41:44-07:00,2026-08-24 19:41:44-07:00,1.0,1,0.0,2026-08-24 19:39:22-07:00,142.0,2026-08-24,1 order
16,2026-08-25 18:47:35-07:00,2026-08-25 18:47:35-07:00,2.0,1,0.0,,,2026-08-25,2 orders
16,2026-08-25 18:48:07-07:00,2026-08-25 18:48:07-07:00,1.0,1,0.0,2026-08-25 18:47:35-07:00,32.0,2026-08-25,1 order
16,2026-08-25 18:50:22-07:00,2026-08-25 18:50:22-07:00,1.0,1,0.0,2026-08-25 18:48:07-07:00,135.0,2026-08-25,1 order
16,2026-08-25 18:51:42-07:00,2026-08-25 18:51:42-07:00,1.0,1,0.0,2026-08-25 18:50:22-07:00,80.0,2026-08-25,1 order
16,2026-08-25 18:53:26-07:00,2026-08-25 18:53:26-07:00,1.0,1,0.0,2026-08-25 18:51:42-07:00,104.0,2026-08-25,1 order
16,2026-08-25 18:54:21-07:00,2026-08-25 18:54:21-07:00,2.0,1,0.0,2026-08-25 18:53:26-07:00,55.0,2026-08-25,2 orders
16,2026-08-25 18:55:58-07:00,2026-08-25 18:55:58-07:00,1.0,1,0.0,2026-08-25 18:54:21-07:00,97.0,2026-08-25,1 order
16,2026-08-25 18:56:31-07:00,2026-08-25 18:56:31-07:00,1.0,1,0.0,2026-08-25 18:55:58-07:00,33.0,2026-08-25,1 order
16,2026-08-25 18:58:01-07:00,2026-08-25 18:58:01-07:00,1.0,1,0.0,2026-08-25 18:56:31-07:00,90.0,2026-08-25,1 order
17,2026-08-29 21:08:48-07:00,2026-08-29 21:08:48-07:00,1.0,1,0.0,,,2026-08-29,1 order
17,2026-08-29 21:12:42-07:00,2026-08-29 21:12:42-07:00,1.0,1,0.0,2026-08-29 21:08:48-07:00,234.0,2026-08-29,1 order
17,2026-08-29 21:13:22-07:00,2026-08-29 21:13:22-07:00,1.0,1,0.0,2026-08-29 21:12:42-07:00,40.0,2026-08-29,1 order
17,2026-08-29 21:14:30-07:00,2026-08-29 21:14:30-07:00,1.0,1,0.0,2026-08-29 21:13:22-07:00,68.0,2026-08-29,1 order
17,2026-08-29 21:16:37-07:00,2026-08-29 21:16:37-07:00,1.0,1,0.0,2026-08-29 21:14:30-07:00,127.0,2026-08-29,1 order
17,2026-08-29 21:17:27-07:00,2026-08-29 21:17:27-07:00,2.0,1,0.0,2026-08-29 21:16:37-07:00,50.0,2026-08-29,2 orders
17,2026-08-29 21:20:05-07:00,2026-08-29 21:20:05-07:00,1.0,1,0.0,2026-08-29 21:17:27-07:00,158.0,2026-08-29,1 order
17,2026-08-29 21:20:21-07:00,2026-08-29 21:20:21-07:00,1.0,1,0.0,2026-08-29 21:20:05-07:00,16.0,2026-08-29,1 order
17,2026-08-29 21:20:46-07:00,2026-08-29 21:20:46-07:00,1.0,1,0.0,2026-08-29 21:20:21-07:00,25.0,2026-08-29,1 order
18,2026-08-30 11:52:06-07:00,2026-08-30 11:52:16-07:00,2.0,2,10.0,,,2026-08-30,2 orders
18,2026-08-30 11:52:59-07:00,2026-08-30 11:52:59-07:00,1.0,1,0.0,2026-08-30 11:52:16-07:00,43.0,2026-08-30,1 order
18,2026-08-30 11:54:26-07:00,2026-08-30 11:54:26-07:00,1.0,1,0.0,2026-08-30 11:52:59-07:00,87.0,2026-08-30,1 order
18,2026-08-30 11:58:23-07:00,2026-08-30 11:58:23-07:00,1.0,1,0.0,2026-08-30 11:54:26-07:00,237.0,2026-08-30,1 order
18,2026-08-30 12:00:14-07:00,2026-08-30 12:00:19-07:00,3.0,2,5.0,2026-08-30 11:58:23-07:00,111.0,2026-08-30,3+ orders
18,2026-08-30 12:02:10-07:00,2026-08-30 12:02:10-07:00,1.0,1,0.0,2026-08-30 12:00:19-07:00,111.0,2026-08-30,1 order
18,2026-08-30 12:02:43-07:00,2026-08-30 12:02:43-07:00,1.0,1,0.0,2026-08-30 12:02:10-07:00,33.0,2026-08-30,1 order
18,2026-08-30 12:04:44-07:00,2026-08-30 12:04:44-07:00,1.0,1,0.0,2026-08-30 12:02:43-07:00,121.0,2026-08-30,1 order
18,2026-08-30 12:07:44-07:00,2026-08-30 12:07:44-07:00,1.0,1,0.0,2026-08-30 12:04:44-07:00,180.0,2026-08-30,1 order
18,2026-08-30 12:08:07-07:00,2026-08-30 12:08:07-07:00,1.0,1,0.0,2026-08-30 12:07:44-07:00,23.0,2026-08-30,1 order
18,2026-08-30 12:14:43-07:00,2026-08-30 12:14:43-07:00,1.0,1,0.0,2026-08-30 12:08:07-07:00,396.0,2026-08-30,1 order
18,2026-08-30 12:17:27-07:00,2026-08-30 12:17:27-07:00,1.0,1,0.0,2026-08-30 12:14:43-07:00,164.0,2026-08-30,1 order
18,2026-08-30 12:17:52-07:00,2026-08-30 12:17:52-07:00,1.0,1,0.0,2026-08-30 12:17:27-07:00,25.0,2026-08-30,1 order
18,2026-08-30 12:20:08-07:00,2026-08-30 12:20:08-07:00,1.0,1,0.0,2026-08-30 12:17:52-07:00,136.0,2026-08-30,1 order
18,2026-08-30 12:25:20-07:00,2026-08-30 12:25:20-07:00,1.0,1,0.0,2026-08-30 12:20:08-07:00,312.0,2026-08-30,1 order
18,2026-08-30 12:25:43-07:00,2026-08-30 12:25:43-07:00,1.0,1,0.0,2026-08-30 12:25:20-07:00,23.0,2026-08-30,1 order
18,2026-08-30 12:26:24-07:00,2026-08-30 12:26:24-07:00,1.0,1,0.0,2026-08-30 12:25:43-07:00,41.0,2026-08-30,1 order
18,2026-08-30 12:27:49-07:00,2026-08-30 12:27:49-07:00,1.0,1,0.0,2026-08-30 12:26:24-07:00,85.0,2026-08-30,1 order
18,2026-08-30 12:29:52-07:00,2026-08-30 12:29:52-07:00,1.0,1,0.0,2026-08-30 12:27:49-07:00,123.0,2026-08-30,1 order
18,2026-08-30 12:30:30-07:00,2026-08-30 12:30:30-07:00,1.0,1,0.0,2026-08-30 12:29:52-07:00,38.0,2026-08-30,1 order
18,2026-08-30 12:32:35-07:00,2026-08-30 12:32:35-07:00,1.0,1,0.0,2026-08-30 12:30:30-07:00,125.0,2026-08-30,1 order
18,2026-08-30 12:33:29-07:00,2026-08-30 12:33:29-07:00,1.0,1,0.0,2026-08-30 12:32:35-07:00,54.0,2026-08-30,1 order
18,2026-08-30 12:34:32-07:00,2026-08-30 12:34:32-07:00,1.0,1,0.0,2026-08-30 12:33:29-07:00,63.0,2026-08-30,1 order
18,2026-08-30 12:37:35-07:00,2026-08-30 12:37:35-07:00,1.0,1,0.0,2026-08-30 12:34:32-07:00,183.0,2026-08-30,1 order
18,2026-08-30 12:38:03-07:00,2026-08-30 12:38:03-07:00,1.0,1,0.0,2026-08-30 12:37:35-07:00,28.0,2026-08-30,1 order
18,2026-08-30 12:40:45-07:00,2026-08-30 12:40:45-07:00,1.0,1,0.0,2026-08-30 12:38:03-07:00,162.0,2026-08-30,1 order
18,2026-08-30 12:43:49-07:00,2026-08-30 12:43:49-07:00,2.0,1,0.0,2026-08-30 12:40:45-07:00,184.0,2026-08-30,2 orders
18,2026-08-30 12:44:23-07:00,2026-08-30 12:44:23-07:00,1.0,1,0.0,2026-08-30 12:43:49-07:00,34.0,2026-08-30,1 order
18,2026-08-30 12:45:02-07:00,2026-08-30 12:45:02-07:00,1.0,1,0.0,2026-08-30 12:44:23-07:00,39.0,2026-08-30,1 order
18,2026-08-30 12:45:17-07:00,2026-08-30 12:45:19-07:00,2.0,2,2.0,2026-08-30 12:45:02-07:00,15.0,2026-08-30,2 orders
18,2026-08-30 12:45:28-07:00,2026-08-30 12:45:28-07:00,1.0,1,0.0,2026-08-30 12:45:19-07:00,9.0,2026-08-30,1 order
18,2026-08-30 12:52:58-07:00,2026-08-30 12:52:58-07:00,1.0,1,0.0,2026-08-30 12:45:28-07:00,450.0,2026-08-30,1 order
18,2026-08-30 12:56:13-07:00,2026-08-30 12:56:13-07:00,1.0,1,0.0,2026-08-30 12:52:58-07:00,195.0,2026-08-30,1 order
18,2026-08-30 12:57:21-07:00,2026-08-30 12:57:21-07:00,1.0,1,0.0,2026-08-30 12:56:13-07:00,68.0,2026-08-30,1 order
18,2026-08-30 12:57:47-07:00,2026-08-30 12:57:47-07:00,1.0,1,0.0,2026-08-30 12:57:21-07:00,26.0,2026-08-30,1 order
18,2026-08-30 12:58:29-07:00,2026-08-30 12:58:29-07:00,1.0,1,0.0,2026-08-30 12:57:47-07:00,42.0,2026-08-30,1 order
18,2026-08-30 12:59:41-07:00,2026-08-30 12:59:41-07:00,1.0,1,0.0,2026-08-30 12:58:29-07:00,72.0,2026-08-30,1 order
18,2026-08-30 13:01:29-07:00,2026-08-30 13:01:29-07:00,1.0,1,0.0,2026-08-30 12:59:41-07:00,108.0,2026-08-30,1 order
18,2026-08-30 13:02:19-07:00,2026-08-30 13:02:19-07:00,1.0,1,0.0,2026-08-30 13:01:29-07:00,50.0,2026-08-30,1 order
18,2026-08-30 13:04:12-07:00,2026-08-30 13:04:12-07:00,1.0,1,0.0,2026-08-30 13:02:19-07:00,113.0,2026-08-30,1 order
18,2026-08-30 13:04:46-07:00,2026-08-30 13:04:46-07:00,1.0,1,0.0,2026-08-30 13:04:12-07:00,34.0,2026-08-30,1 order
18,2026-08-30 13:06:02-07:00,2026-08-30 13:06:02-07:00,1.0,1,0.0,2026-08-30 13:04:46-07:00,76.0,2026-08-30,1 order
18,2026-08-30 13:06:18-07:00,2026-08-30 13:06:18-07:00,2.0,1,0.0,2026-08-30 13:06:02-07:00,16.0,2026-08-30,2 orders
18,2026-08-30 13:07:25-07:00,2026-08-30 13:07:25-07:00,1.0,1,0.0,2026-08-30 13:06:18-07:00,67.0,2026-08-30,1 order
18,2026-08-30 13:08:14-07:00,2026-08-30 13:08:14-07:00,1.0,1,0.0,2026-08-30 13:07:25-07:00,49.0,2026-08-30,1 order
18,2026-08-30 13:09:18-07:00,2026-08-30 13:09:18-07:00,1.0,1,0.0,2026-08-30 13:08:14-07:00,64.0,2026-08-30,1 order
18,2026-08-30 13:10:20-07:00,2026-08-30 13:10:20-07:00,1.0,1,0.0,2026-08-30 13:09:18-07:00,62.0,2026-08-30,1 order
18,2026-08-30 13:12:39-07:00,2026-08-30 13:12:39-07:00,1.0,1,0.0,2026-08-30 13:10:20-07:00,139.0,2026-08-30,1 order
18,2026-08-30 13:13:36-07:00,2026-08-30 13:13:36-07:00,1.0,1,0.0,2026-08-30 13:12:39-07:00,57.0,2026-08-30,1 order
18,2026-08-30 13:14:30-07:00,2026-08-30 13:14:30-07:00,1.0,1,0.0,2026-08-30 13:13:36-07:00,54.0,2026-08-30,1 order
18,2026-08-30 13:15:16-07:00,2026-08-30 13:15:16-07:00,2.0,1,0.0,2026-08-30 13:14:30-07:00,46.0,2026-08-30,2 orders
18,2026-08-30 13:16:28-07:00,2026-08-30 13:16:28-07:00,1.0,1,0.0,2026-08-30 13:15:16-07:00,72.0,2026-08-30,1 order
18,2026-08-30 13:18:13-07:00,2026-08-30 13:18:13-07:00,1.0,1,0.0,2026-08-30 13:16:28-07:00,105.0,2026-08-30,1 order
18,2026-08-30 13:18:36-07:00,2026-08-30 13:18:39-07:00,2.0,2,3.0,2026-08-30 13:18:13-07:00,23.0,2026-08-30,2 orders
18,2026-08-30 13:20:43-07:00,2026-08-30 13:20:43-07:00,1.0,1,0.0,2026-08-30 13:18:39-07:00,124.0,2026-08-30,1 order
18,2026-08-30 13:21:27-07:00,2026-08-30 13:21:35-07:00,2.0,2,8.0,2026-08-30 13:20:43-07:00,44.0,2026-08-30,2 orders
18,2026-08-30 13:22:43-07:00,2026-08-30 13:22:43-07:00,1.0,1,0.0,2026-08-30 13:21:35-07:00,68.0,2026-08-30,1 order
18,2026-08-30 13:23:18-07:00,2026-08-30 13:23:18-07:00,4.0,1,0.0,2026-08-30 13:22:43-07:00,35.0,2026-08-30,3+ orders
18,2026-08-30 13:24:50-07:00,2026-08-30 13:24:50-07:00,1.0,1,0.0,2026-08-30 13:23:18-07:00,92.0,2026-08-30,1 order
18,2026-08-30 13:25:13-07:00,2026-08-30 13:25:13-07:00,1.0,1,0.0,2026-08-30 13:24:50-07:00,23.0,2026-08-30,1 order
18,2026-08-30 13:25:55-07:00,2026-08-30 13:25:55-07:00,1.0,1,0.0,2026-08-30 13:25:13-07:00,42.0,2026-08-30,1 order
18,2026-08-30 13:28:39-07:00,2026-08-30 13:28:39-07:00,1.0,1,0.0,2026-08-30 13:25:55-07:00,164.0,2026-08-30,1 order
18,2026-08-30 13:29:28-07:00,2026-08-30 13:29:28-07:00,1.0,1,0.0,2026-08-30 13:28:39-07:00,49.0,2026-08-30,1 order
18,2026-08-30 13:30:53-07:00,2026-08-30 13:30:53-07:00,1.0,1,0.0,2026-08-30 13:29:28-07:00,85.0,2026-08-30,1 order
18,2026-08-30 13:31:15-07:00,2026-08-30 13:31:15-07:00,1.0,1,0.0,2026-08-30 13:30:53-07:00,22.0,2026-08-30,1 order
18,2026-08-30 13:34:05-07:00,2026-08-30 13:34:05-07:00,1.0,1,0.0,2026-08-30 13:31:15-07:00,170.0,2026-08-30,1 order
18,2026-08-30 13:37:25-07:00,2026-08-30 13:37:25-07:00,1.0,1,0.0,2026-08-30 13:34:05-07:00,200.0,2026-08-30,1 order
18,2026-08-30 13:38:11-07:00,2026-08-30 13:38:11-07:00,1.0,1,0.0,2026-08-30 13:37:25-07:00,46.0,2026-08-30,1 order
18,2026-08-30 13:40:04-07:00,2026-08-30 13:40:04-07:00,2.0,1,0.0,2026-08-30 13:38:11-07:00,113.0,2026-08-30,2 orders
18,2026-08-30 13:43:50-07:00,2026-08-30 13:43:50-07:00,1.0,1,0.0,2026-08-30 13:40:04-07:00,226.0,2026-08-30,1 order
18,2026-08-30 13:45:22-07:00,2026-08-30 13:45:22-07:00,1.0,1,0.0,2026-08-30 13:43:50-07:00,92.0,2026-08-30,1 order
18,2026-08-30 13:47:36-07:00,2026-08-30 13:47:36-07:00,2.0,1,0.0,2026-08-30 13:45:22-07:00,134.0,2026-08-30,2 orders
18,2026-08-30 13:49:46-07:00,2026-08-30 13:49:46-07:00,2.0,1,0.0,2026-08-30 13:47:36-07:00,130.0,2026-08-30,2 orders
18,2026-08-30 13:50:00-07:00,2026-08-30 13:50:00-07:00,1.0,1,0.0,2026-08-30 13:49:46-07:00,14.0,2026-08-30,1 order
18,2026-08-30 13:50:11-07:00,2026-08-30 13:50:11-07:00,1.0,1,0.0,2026-08-30 13:50:00-07:00,11.0,2026-08-30,1 order
18,2026-08-30 13:53:10-07:00,2026-08-30 13:53:10-07:00,1.0,1,0.0,2026-08-30 13:50:11-07:00,179.0,2026-08-30,1 order
19,2026-08-30 19:26:56-07:00,2026-08-30 19:26:56-07:00,2.0,1,0.0,,,2026-08-30,2 orders
19,2026-08-30 19:27:24-07:00,2026-08-30 19:27:24-07:00,1.0,1,0.0,2026-08-30 19:26:56-07:00,28.0,2026-08-30,1 order
19,2026-08-30 19:30:22-07:00,2026-08-30 19:30:22-07:00,1.0,1,0.0,2026-08-30 19:27:24-07:00,178.0,2026-08-30,1 order
19,2026-08-30 19:30:33-07:00,2026-08-30 19:30:33-07:00,1.0,1,0.0,2026-08-30 19:30:22-07:00,11.0,2026-08-30,1 order
19,2026-08-30 19:31:12-07:00,2026-08-30 19:31:12-07:00,1.0,1,0.0,2026-08-30 19:30:33-07:00,39.0,2026-08-30,1 order
19,2026-08-30 19:33:10-07:00,2026-08-30 19:33:12-07:00,2.0,2,2.0,2026-08-30 19:31:12-07:00,118.0,2026-08-30,2 orders
19,2026-08-30 19:36:49-07:00,2026-08-30 19:36:49-07:00,1.0,1,0.0,2026-08-30 19:33:12-07:00,217.0,2026-08-30,1 order
19,2026-08-30 19:37:18-07:00,2026-08-30 19:37:18-07:00,1.0,1,0.0,2026-08-30 19:36:49-07:00,29.0,2026-08-30,1 order
19,2026-08-30 19:38:00-07:00,2026-08-30 19:38:00-07:00,1.0,1,0.0,2026-08-30 19:37:18-07:00,42.0,2026-08-30,1 order
19,2026-08-30 19:44:24-07:00,2026-08-30 19:44:24-07:00,1.0,1,0.0,2026-08-30 19:38:00-07:00,384.0,2026-08-30,1 order
19,2026-08-30 19:45:45-07:00,2026-08-30 19:45:45-07:00,1.0,1,0.0,2026-08-30 19:44:24-07:00,81.0,2026-08-30,1 order
19,2026-08-30 19:48:16-07:00,2026-08-30 19:48:16-07:00,1.0,1,0.0,2026-08-30 19:45:45-07:00,151.0,2026-08-30,1 order
19,2026-08-30 19:49:54-07:00,2026-08-30 19:49:54-07:00,1.0,1,0.0,2026-08-30 19:48:16-07:00,98.0,2026-08-30,1 order
19,2026-08-30 19:50:21-07:00,2026-08-30 19:50:21-07:00,1.0,1,0.0,2026-08-30 19:49:54-07:00,27.0,2026-08-30,1 order
19,2026-08-30 19:51:24-07:00,2026-08-30 19:51:24-07:00,1.0,1,0.0,2026-08-30 19:50:21-07:00,63.0,2026-08-30,1 order
19,2026-08-30 19:55:28-07:00,2026-08-30 19:55:28-07:00,2.0,1,0.0,2026-08-30 19:51:24-07:00,244.0,2026-08-30,2 orders
19,2026-08-30 19:55:45-07:00,2026-08-30 19:55:45-07:00,1.0,1,0.0,2026-08-30 19:55:28-07:00,17.0,2026-08-30,1 order
19,2026-08-30 19:56:05-07:00,2026-08-30 19:56:05-07:00,1.0,1,0.0,2026-08-30 19:55:45-07:00,20.0,2026-08-30,1 order
19,2026-08-30 19:56:56-07:00,2026-08-30 19:56:56-07:00,1.0,1,0.0,2026-08-30 19:56:05-07:00,51.0,2026-08-30,1 order
19,2026-08-30 19:59:02-07:00,2026-08-30 19:59:02-07:00,1.0,1,0.0,2026-08-30 19:56:56-07:00,126.0,2026-08-30,1 order
19,2026-08-30 19:59:59-07:00,2026-08-30 20:00:06-07:00,2.0,2,7.0,2026-08-30 19:59:02-07:00,57.0,2026-08-30,2 orders
19,2026-08-30 20:02:20-07:00,2026-08-30 20:02:20-07:00,1.0,1,0.0,2026-08-30 20:00:06-07:00,134.0,2026-08-30,1 order
19,2026-08-30 20:05:09-07:00,2026-08-30 20:05:09-07:00,1.0,1,0.0,2026-08-30 20:02:20-07:00,169.0,2026-08-30,1 order
19,2026-08-30 20:05:33-07:00,2026-08-30 20:05:33-07:00,1.0,1,0.0,2026-08-30 20:05:09-07:00,24.0,2026-08-30,1 order
19,2026-08-30 20:06:26-07:00,2026-08-30 20:06:26-07:00,1.0,1,0.0,2026-08-30 20:05:33-07:00,53.0,2026-08-30,1 order
19,2026-08-30 20:07:04-07:00,2026-08-30 20:07:04-07:00,1.0,1,0.0,2026-08-30 20:06:26-07:00,38.0,2026-08-30,1 order
19,2026-08-30 20:07:21-07:00,2026-08-30 20:07:21-07:00,1.0,1,0.0,2026-08-30 20:07:04-07:00,17.0,2026-08-30,1 order
19,2026-08-30 20:08:08-07:00,2026-08-30 20:08:08-07:00,1.0,1,0.0,2026-08-30 20:07:21-07:00,47.0,2026-08-30,1 order
19,2026-08-30 20:08:25-07:00,2026-08-30 20:08:25-07:00,3.0,1,0.0,2026-08-30 20:08:08-07:00,17.0,2026-08-30,3+ orders
19,2026-08-30 20:08:44-07:00,2026-08-30 20:08:44-07:00,1.0,1,0.0,2026-08-30 20:08:25-07:00,19.0,2026-08-30,1 order
19,2026-08-30 20:09:24-07:00,2026-08-30 20:09:24-07:00,3.0,1,0.0,2026-08-30 20:08:44-07:00,40.0,2026-08-30,3+ orders
19,2026-08-30 20:09:50-07:00,2026-08-30 20:09:50-07:00,1.0,1,0.0,2026-08-30 20:09:24-07:00,26.0,2026-08-30,1 order
19,2026-08-30 20:11:27-07:00,2026-08-30 20:11:27-07:00,1.0,1,0.0,2026-08-30 20:09:50-07:00,97.0,2026-08-30,1 order
19,2026-08-30 20:12:49-07:00,2026-08-30 20:12:49-07:00,1.0,1,0.0,2026-08-30 20:11:27-07:00,82.0,2026-08-30,1 order
19,2026-08-30 20:15:02-07:00,2026-08-30 20:15:02-07:00,1.0,1,0.0,2026-08-30 20:12:49-07:00,133.0,2026-08-30,1 order
19,2026-08-30 20:16:00-07:00,2026-08-30 20:16:00-07:00,4.0,1,0.0,2026-08-30 20:15:02-07:00,58.0,2026-08-30,3+ orders
19,2026-08-30 20:17:27-07:00,2026-08-30 20:17:27-07:00,1.0,1,0.0,2026-08-30 20:16:00-07:00,87.0,2026-08-30,1 order
19,2026-08-30 20:18:03-07:00,2026-08-30 20:18:03-07:00,1.0,1,0.0,2026-08-30 20:17:27-07:00,36.0,2026-08-30,1 order
19,2026-08-30 20:18:39-07:00,2026-08-30 20:18:39-07:00,2.0,1,0.0,2026-08-30 20:18:03-07:00,36.0,2026-08-30,2 orders
19,2026-08-30 20:19:29-07:00,2026-08-30 20:19:39-07:00,2.0,2,10.0,2026-08-30 20:18:39-07:00,50.0,2026-08-30,2 orders
19,2026-08-30 20:20:59-07:00,2026-08-30 20:21:02-07:00,2.0,2,3.0,2026-08-30 20:19:39-07:00,80.0,2026-08-30,2 orders
19,2026-08-30 20:22:12-07:00,2026-08-30 20:22:12-07:00,1.0,1,0.0,2026-08-30 20:21:02-07:00,70.0,2026-08-30,1 order
19,2026-08-30 20:23:52-07:00,2026-08-30 20:23:52-07:00,1.0,1,0.0,2026-08-30 20:22:12-07:00,100.0,2026-08-30,1 order
19,2026-08-30 20:25:03-07:00,2026-08-30 20:25:03-07:00,1.0,1,0.0,2026-08-30 20:23:52-07:00,71.0,2026-08-30,1 order
19,2026-08-30 20:25:29-07:00,2026-08-30 20:25:29-07:00,1.0,1,0.0,2026-08-30 20:25:03-07:00,26.0,2026-08-30,1 order
19,2026-08-30 20:26:45-07:00,2026-08-30 20:26:45-07:00,1.0,1,0.0,2026-08-30 20:25:29-07:00,76.0,2026-08-30,1 order
19,2026-08-30 20:27:02-07:00,2026-08-30 20:27:02-07:00,1.0,1,0.0,2026-08-30 20:26:45-07:00,17.0,2026-08-30,1 order
19,2026-08-30 20:27:29-07:00,2026-08-30 20:27:29-07:00,1.0,1,0.0,2026-08-30 20:27:02-07:00,27.0,2026-08-30,1 order
19,2026-08-30 20:28:52-07:00,2026-08-30 20:28:52-07:00,1.0,1,0.0,2026-08-30 20:27:29-07:00,83.0,2026-08-30,1 order
20,2026-08-31 21:36:41-07:00,2026-08-31 21:36:41-07:00,3.0,1,0.0,,,2026-08-31,3+ orders
20,2026-08-31 21:38:10-07:00,2026-08-31 21:38:10-07:00,1.0,1,0.0,2026-08-31 21:36:41-07:00,89.0,2026-08-31,1 order
20,2026-08-31 21:39:55-07:00,2026-08-31 21:39:55-07:00,1.0,1,0.0,2026-08-31 21:38:10-07:00,105.0,2026-08-31,1 order
20,2026-08-31 21:40:54-07:00,2026-08-31 21:40:54-07:00,1.0,1,0.0,2026-08-31 21:39:55-07:00,59.0,2026-08-31,1 order
20,2026-08-31 21:42:31-07:00,2026-08-31 21:42:31-07:00,3.0,1,0.0,2026-08-31 21:40:54-07:00,97.0,2026-08-31,3+ orders
20,2026-08-31 21:43:56-07:00,2026-08-31 21:43:56-07:00,1.0,1,0.0,2026-08-31 21:42:31-07:00,85.0,2026-08-31,1 order
20,2026-08-31 21:47:24-07:00,2026-08-31 21:47:24-07:00,2.0,1,0.0,2026-08-31 21:43:56-07:00,208.0,2026-08-31,2 orders
20,2026-08-31 21:51:18-07:00,2026-08-31 21:51:18-07:00,1.0,1,0.0,2026-08-31 21:47:24-07:00,234.0,2026-08-31,1 order
20,2026-08-31 21:55:37-07:00,2026-08-31 21:55:37-07:00,1.0,1,0.0,2026-08-31 21:51:18-07:00,259.0,2026-08-31,1 order
20,2026-08-31 21:56:13-07:00,2026-08-31 21:56:13-07:00,2.0,1,0.0,2026-08-31 21:55:37-07:00,36.0,2026-08-31,2 orders
20,2026-08-31 22:01:05-07:00,2026-08-31 22:01:13-07:00,2.0,2,8.0,2026-08-31 21:56:13-07:00,292.0,2026-08-31,2 orders
20,2026-08-31 22:04:41-07:00,2026-08-31 22:04:41-07:00,1.0,1,0.0,2026-08-31 22:01:13-07:00,208.0,2026-08-31,1 order
20,2026-08-31 22:06:18-07:00,2026-08-31 22:06:18-07:00,1.0,1,0.0,2026-08-31 22:04:41-07:00,97.0,2026-08-31,1 order
20,2026-08-31 22:08:51-07:00,2026-08-31 22:08:51-07:00,2.0,1,0.0,2026-08-31 22:06:18-07:00,153.0,2026-08-31,2 orders
20,2026-08-31 22:11:22-07:00,2026-08-31 22:11:22-07:00,3.0,1,0.0,2026-08-31 22:08:51-07:00,151.0,2026-08-31,3+ orders
20,2026-08-31 22:17:51-07:00,2026-08-31 22:17:51-07:00,1.0,1,0.0,2026-08-31 22:11:22-07:00,389.0,2026-08-31,1 order
20,2026-08-31 22:19:31-07:00,2026-08-31 22:19:31-07:00,1.0,1,0.0,2026-08-31 22:17:51-07:00,100.0,2026-08-31,1 order
20,2026-08-31 22:21:27-07:00,2026-08-31 22:21:27-07:00,1.0,1,0.0,2026-08-31 22:19:31-07:00,116.0,2026-08-31,1 order
20,2026-08-31 22:25:18-07:00,2026-08-31 22:25:18-07:00,1.0,1,0.0,2026-08-31 22:21:27-07:00,231.0,2026-08-31,1 order
20,2026-08-31 22:26:27-07:00,2026-08-31 22:26:27-07:00,1.0,1,0.0,2026-08-31 22:25:18-07:00,69.0,2026-08-31,1 order
20,2026-08-31 22:29:33-07:00,2026-08-31 22:29:33-07:00,1.0,1,0.0,2026-08-31 22:26:27-07:00,186.0,2026-08-31,1 order
20,2026-08-31 22:30:46-07:00,2026-08-31 22:30:46-07:00,1.0,1,0.0,2026-08-31 22:29:33-07:00,73.0,2026-08-31,1 order
20,2026-08-31 22:32:30-07:00,2026-08-31 22:32:30-07:00,1.0,1,0.0,2026-08-31 22:30:46-07:00,104.0,2026-08-31,1 order
20,2026-08-31 22:33:01-07:00,2026-08-31 22:33:01-07:00,1.0,1,0.0,2026-08-31 22:32:30-07:00,31.0,2026-08-31,1 order
20,2026-08-31 22:35:38-07:00,2026-08-31 22:35:38-07:00,1.0,1,0.0,2026-08-31 22:33:01-07:00,157.0,2026-08-31,1 order
20,2026-08-31 22:40:25-07:00,2026-08-31 22:40:25-07:00,1.0,1,0.0,2026-08-31 22:35:38-07:00,287.0,2026-08-31,1 order
20,2026-08-31 22:42:52-07:00,2026-08-31 22:42:52-07:00,1.0,1,0.0,2026-08-31 22:40:25-07:00,147.0,2026-08-31,1 order
21,2026-09-01 22:30:38-07:00,2026-09-01 22:30:38-07:00,2.0,1,0.0,,,2026-09-01,2 orders
21,2026-09-01 22:32:11-07:00,2026-09-01 22:32:11-07:00,1.0,1,0.0,2026-09-01 22:30:38-07:00,93.0,2026-09-01,1 order
21,2026-09-01 22:37:35-07:00,2026-09-01 22:37:35-07:00,1.0,1,0.0,2026-09-01 22:32:11-07:00,324.0,2026-09-01,1 order
21,2026-09-01 22:40:50-07:00,2026-09-01 22:40:50-07:00,1.0,1,0.0,2026-09-01 22:37:35-07:00,195.0,2026-09-01,1 order
21,2026-09-01 22:48:55-07:00,2026-09-01 22:48:55-07:00,1.0,1,0.0,2026-09-01 22:40:50-07:00,485.0,2026-09-01,1 order
21,2026-09-01 22:57:43-07:00,2026-09-01 22:57:43-07:00,1.0,1,0.0,2026-09-01 22:48:55-07:00,528.0,2026-09-01,1 order
21,2026-09-01 22:59:52-07:00,2026-09-01 22:59:52-07:00,1.0,1,0.0,2026-09-01 22:57:43-07:00,129.0,2026-09-01,1 order
21,2026-09-01 23:14:57-07:00,2026-09-01 23:14:57-07:00,1.0,1,0.0,2026-09-01 22:59:52-07:00,905.0,2026-09-01,1 order
21,2026-09-01 23:15:46-07:00,2026-09-01 23:15:46-07:00,1.0,1,0.0,2026-09-01 23:14:57-07:00,49.0,2026-09-01,1 order
21,2026-09-01 23:24:50-07:00,2026-09-01 23:24:50-07:00,2.0,1,0.0,2026-09-01 23:15:46-07:00,544.0,2026-09-01,2 orders
21,2026-09-01 23:27:47-07:00,2026-09-01 23:27:47-07:00,1.0,1,0.0,2026-09-01 23:24:50-07:00,177.0,2026-09-01,1 order
21,2026-09-01 23:29:35-07:00,2026-09-01 23:29:35-07:00,1.0,1,0.0,2026-09-01 23:27:47-07:00,108.0,2026-09-01,1 order
21,2026-09-01 23:35:18-07:00,2026-09-01 23:35:18-07:00,1.0,1,0.0,2026-09-01 23:29:35-07:00,343.0,2026-09-01,1 order
21,2026-09-01 23:37:10-07:00,2026-09-01 23:37:10-07:00,1.0,1,0.0,2026-09-01 23:35:18-07:00,112.0,2026-09-01,1 order
21,2026-09-01 23:37:54-07:00,2026-09-01 23:37:54-07:00,1.0,1,0.0,2026-09-01 23:37:10-07:00,44.0,2026-09-01,1 order
21,2026-09-01 23:39:06-07:00,2026-09-01 23:39:06-07:00,1.0,1,0.0,2026-09-01 23:37:54-07:00,72.0,2026-09-01,1 order
21,2026-09-01 23:42:12-07:00,2026-09-01 23:42:12-07:00,1.0,1,0.0,2026-09-01 23:39:06-07:00,186.0,2026-09-01,1 order
22,2026-09-02 16:49:18-07:00,2026-09-02 16:49:18-07:00,3.0,1,0.0,,,2026-09-02,3+ orders
22,2026-09-02 16:51:01-07:00,2026-09-02 16:51:10-07:00,3.0,2,9.0,2026-09-02 16:49:18-07:00,103.0,2026-09-02,3+ orders
22,2026-09-02 16:54:22-07:00,2026-09-02 16:54:22-07:00,2.0,1,0.0,2026-09-02 16:51:10-07:00,192.0,2026-09-02,2 orders
22,2026-09-02 16:55:21-07:00,2026-09-02 16:55:21-07:00,1.0,1,0.0,2026-09-02 16:54:22-07:00,59.0,2026-09-02,1 order
22,2026-09-02 16:56:15-07:00,2026-09-02 16:56:15-07:00,1.0,1,0.0,2026-09-02 16:55:21-07:00,54.0,2026-09-02,1 order
22,2026-09-02 16:57:04-07:00,2026-09-02 16:57:04-07:00,1.0,1,0.0,2026-09-02 16:56:15-07:00,49.0,2026-09-02,1 order
22,2026-09-02 16:58:25-07:00,2026-09-02 16:58:25-07:00,1.0,1,0.0,2026-09-02 16:57:04-07:00,81.0,2026-09-02,1 order
22,2026-09-02 17:02:51-07:00,2026-09-02 17:02:51-07:00,1.0,1,0.0,2026-09-02 16:58:25-07:00,266.0,2026-09-02,1 order
22,2026-09-02 17:03:11-07:00,2026-09-02 17:03:11-07:00,1.0,1,0.0,2026-09-02 17:02:51-07:00,20.0,2026-09-02,1 order
22,2026-09-02 17:03:42-07:00,2026-09-02 17:03:42-07:00,1.0,1,0.0,2026-09-02 17:03:11-07:00,31.0,2026-09-02,1 order
22,2026-09-02 17:04:10-07:00,2026-09-02 17:04:10-07:00,1.0,1,0.0,2026-09-02 17:03:42-07:00,28.0,2026-09-02,1 order
22,2026-09-02 17:10:43-07:00,2026-09-02 17:10:43-07:00,1.0,1,0.0,2026-09-02 17:04:10-07:00,393.0,2026-09-02,1 order
22,2026-09-02 17:13:40-07:00,2026-09-02 17:13:40-07:00,1.0,1,0.0,2026-09-02 17:10:43-07:00,177.0,2026-09-02,1 order
22,2026-09-02 17:16:18-07:00,2026-09-02 17:16:18-07:00,1.0,1,0.0,2026-09-02 17:13:40-07:00,158.0,2026-09-02,1 order
22,2026-09-02 17:16:55-07:00,2026-09-02 17:16:55-07:00,1.0,1,0.0,2026-09-02 17:16:18-07:00,37.0,2026-09-02,1 order
22,2026-09-02 17:19:14-07:00,2026-09-02 17:19:14-07:00,2.0,1,0.0,2026-09-02 17:16:55-07:00,139.0,2026-09-02,2 orders
22,2026-09-02 17:20:43-07:00,2026-09-02 17:20:43-07:00,1.0,1,0.0,2026-09-02 17:19:14-07:00,89.0,2026-09-02,1 order
22,2026-09-02 17:21:14-07:00,2026-09-02 17:21:14-07:00,1.0,1,0.0,2026-09-02 17:20:43-07:00,31.0,2026-09-02,1 order
22,2026-09-02 17:27:24-07:00,2026-09-02 17:27:24-07:00,1.0,1,0.0,2026-09-02 17:21:14-07:00,370.0,2026-09-02,1 order
22,2026-09-02 17:28:22-07:00,2026-09-02 17:28:22-07:00,1.0,1,0.0,2026-09-02 17:27:24-07:00,58.0,2026-09-02,1 order
22,2026-09-02 17:29:28-07:00,2026-09-02 17:29:28-07:00,1.0,1,0.0,2026-09-02 17:28:22-07:00,66.0,2026-09-02,1 order
23,2026-09-03 21:03:14-07:00,2026-09-03 21:03:14-07:00,1.0,1,0.0,,,2026-09-03,1 order
23,2026-09-03 21:07:07-07:00,2026-09-03 21:07:07-07:00,2.0,1,0.0,2026-09-03 21:03:14-07:00,233.0,2026-09-03,2 orders
23,2026-09-03 21:08:23-07:00,2026-09-03 21:08:32-07:00,2.0,2,9.0,2026-09-03 21:07:07-07:00,76.0,2026-09-03,2 orders
23,2026-09-03 21:10:15-07:00,2026-09-03 21:10:18-07:00,2.0,2,3.0,2026-09-03 21:08:32-07:00,103.0,2026-09-03,2 orders
23,2026-09-03 21:10:44-07:00,2026-09-03 21:10:44-07:00,1.0,1,0.0,2026-09-03 21:10:18-07:00,26.0,2026-09-03,1 order
23,2026-09-03 21:13:47-07:00,2026-09-03 21:13:47-07:00,1.0,1,0.0,2026-09-03 21:10:44-07:00,183.0,2026-09-03,1 order
23,2026-09-03 21:14:19-07:00,2026-09-03 21:14:19-07:00,2.0,1,0.0,2026-09-03 21:13:47-07:00,32.0,2026-09-03,2 orders
23,2026-09-03 21:15:03-07:00,2026-09-03 21:15:03-07:00,1.0,1,0.0,2026-09-03 21:14:19-07:00,44.0,2026-09-03,1 order
23,2026-09-03 21:16:22-07:00,2026-09-03 21:16:22-07:00,2.0,1,0.0,2026-09-03 21:15:03-07:00,79.0,2026-09-03,2 orders
23,2026-09-03 21:17:41-07:00,2026-09-03 21:17:41-07:00,1.0,1,0.0,2026-09-03 21:16:22-07:00,79.0,2026-09-03,1 order
23,2026-09-03 21:19:22-07:00,2026-09-03 21:19:22-07:00,2.0,1,0.0,2026-09-03 21:17:41-07:00,101.0,2026-09-03,2 orders
23,2026-09-03 21:21:50-07:00,2026-09-03 21:21:50-07:00,1.0,1,0.0,2026-09-03 21:19:22-07:00,148.0,2026-09-03,1 order
23,2026-09-03 21:22:06-07:00,2026-09-03 21:22:06-07:00,2.0,1,0.0,2026-09-03 21:21:50-07:00,16.0,2026-09-03,2 orders
23,2026-09-03 21:23:05-07:00,2026-09-03 21:23:05-07:00,1.0,1,0.0,2026-09-03 21:22:06-07:00,59.0,2026-09-03,1 order
23,2026-09-03 21:23:19-07:00,2026-09-03 21:23:19-07:00,1.0,1,0.0,2026-09-03 21:23:05-07:00,14.0,2026-09-03,1 order
23,2026-09-03 21:23:57-07:00,2026-09-03 21:23:57-07:00,1.0,1,0.0,2026-09-03 21:23:19-07:00,38.0,2026-09-03,1 order
23,2026-09-03 21:24:39-07:00,2026-09-03 21:24:39-07:00,1.0,1,0.0,2026-09-03 21:23:57-07:00,42.0,2026-09-03,1 order
23,2026-09-03 21:25:48-07:00,2026-09-03 21:25:48-07:00,2.0,1,0.0,2026-09-03 21:24:39-07:00,69.0,2026-09-03,2 orders
23,2026-09-03 21:28:33-07:00,2026-09-03 21:28:33-07:00,1.0,1,0.0,2026-09-03 21:25:48-07:00,165.0,2026-09-03,1 order
23,2026-09-03 21:29:04-07:00,2026-09-03 21:29:04-07:00,1.0,1,0.0,2026-09-03 21:28:33-07:00,31.0,2026-09-03,1 order
23,2026-09-03 21:31:07-07:00,2026-09-03 21:31:07-07:00,1.0,1,0.0,2026-09-03 21:29:04-07:00,123.0,2026-09-03,1 order
23,2026-09-03 21:32:54-07:00,2026-09-03 21:32:54-07:00,2.0,1,0.0,2026-09-03 21:31:07-07:00,107.0,2026-09-03,2 orders
23,2026-09-03 21:33:50-07:00,2026-09-03 21:33:50-07:00,1.0,1,0.0,2026-09-03 21:32:54-07:00,56.0,2026-09-03,1 order
23,2026-09-03 21:36:50-07:00,2026-09-03 21:36:56-07:00,3.0,2,6.0,2026-09-03 21:33:50-07:00,180.0,2026-09-03,3+ orders
23,2026-09-03 21:39:04-07:00,2026-09-03 21:39:04-07:00,1.0,1,0.0,2026-09-03 21:36:56-07:00,128.0,2026-09-03,1 order
23,2026-09-03 21:39:41-07:00,2026-09-03 21:39:41-07:00,1.0,1,0.0,2026-09-03 21:39:04-07:00,37.0,2026-09-03,1 order
23,2026-09-03 21:42:09-07:00,2026-09-03 21:42:09-07:00,2.0,1,0.0,2026-09-03 21:39:41-07:00,148.0,2026-09-03,2 orders
23,2026-09-03 21:43:53-07:00,2026-09-03 21:43:53-07:00,2.0,1,0.0,2026-09-03 21:42:09-07:00,104.0,2026-09-03,2 orders
23,2026-09-03 21:44:42-07:00,2026-09-03 21:44:42-07:00,2.0,1,0.0,2026-09-03 21:43:53-07:00,49.0,2026-09-03,2 orders
23,2026-09-03 21:44:53-07:00,2026-09-03 21:44:53-07:00,1.0,1,0.0,2026-09-03 21:44:42-07:00,11.0,2026-09-03,1 order
23,2026-09-03 21:47:54-07:00,2026-09-03 21:47:54-07:00,1.0,1,0.0,2026-09-03 21:44:53-07:00,181.0,2026-09-03,1 order
23,2026-09-03 21:48:32-07:00,2026-09-03 21:48:32-07:00,1.0,1,0.0,2026-09-03 21:47:54-07:00,38.0,2026-09-03,1 order
23,2026-09-03 21:49:55-07:00,2026-09-03 21:49:55-07:00,1.0,1,0.0,2026-09-03 21:48:32-07:00,83.0,2026-09-03,1 order
23,2026-09-03 21:50:36-07:00,2026-09-03 21:50:36-07:00,1.0,1,0.0,2026-09-03 21:49:55-07:00,41.0,2026-09-03,1 order
23,2026-09-03 21:54:15-07:00,2026-09-03 21:54:15-07:00,2.0,1,0.0,2026-09-03 21:50:36-07:00,219.0,2026-09-03,2 orders
23,2026-09-03 21:59:12-07:00,2026-09-03 21:59:12-07:00,1.0,1,0.0,2026-09-03 21:54:15-07:00,297.0,2026-09-03,1 order
23,2026-09-03 22:02:50-07:00,2026-09-03 22:02:50-07:00,1.0,1,0.0,2026-09-03 21:59:12-07:00,218.0,2026-09-03,1 order
23,2026-09-03 22:06:59-07:00,2026-09-03 22:06:59-07:00,2.0,1,0.0,2026-09-03 22:02:50-07:00,249.0,2026-09-03,2 orders
23,2026-09-03 22:12:07-07:00,2026-09-03 22:12:07-07:00,2.0,1,0.0,2026-09-03 22:06:59-07:00,308.0,2026-09-03,2 orders
23,2026-09-03 22:13:27-07:00,2026-09-03 22:13:27-07:00,1.0,1,0.0,2026-09-03 22:12:07-07:00,80.0,2026-09-03,1 order
23,2026-09-03 22:14:29-07:00,2026-09-03 22:14:29-07:00,1.0,1,0.0,2026-09-03 22:13:27-07:00,62.0,2026-09-03,1 order
23,2026-09-03 22:18:21-07:00,2026-09-03 22:18:21-07:00,1.0,1,0.0,2026-09-03 22:14:29-07:00,232.0,2026-09-03,1 order
23,2026-09-03 22:18:43-07:00,2026-09-03 22:18:43-07:00,2.0,1,0.0,2026-09-03 22:18:21-07:00,22.0,2026-09-03,2 orders
23,2026-09-03 22:25:39-07:00,2026-09-03 22:25:39-07:00,2.0,1,0.0,2026-09-03 22:18:43-07:00,416.0,2026-09-03,2 orders
23,2026-09-03 22:26:22-07:00,2026-09-03 22:26:22-07:00,1.0,1,0.0,2026-09-03 22:25:39-07:00,43.0,2026-09-03,1 order
23,2026-09-03 22:30:32-07:00,2026-09-03 22:30:41-07:00,2.0,2,9.0,2026-09-03 22:26:22-07:00,250.0,2026-09-03,2 orders
23,2026-09-03 22:30:55-07:00,2026-09-03 22:30:55-07:00,2.0,1,0.0,2026-09-03 22:30:41-07:00,14.0,2026-09-03,2 orders
23,2026-09-03 22:32:13-07:00,2026-09-03 22:32:21-07:00,2.0,2,8.0,2026-09-03 22:30:55-07:00,78.0,2026-09-03,2 orders
24,2026-09-04 20:14:16-07:00,2026-09-04 20:14:16-07:00,1.0,1,0.0,,,2026-09-04,1 order
24,2026-09-04 20:15:08-07:00,2026-09-04 20:15:08-07:00,1.0,1,0.0,2026-09-04 20:14:16-07:00,52.0,2026-09-04,1 order
24,2026-09-04 20:15:37-07:00,2026-09-04 20:15:37-07:00,1.0,1,0.0,2026-09-04 20:15:08-07:00,29.0,2026-09-04,1 order
24,2026-09-04 20:16:18-07:00,2026-09-04 20:16:18-07:00,1.0,1,0.0,2026-09-04 20:15:37-07:00,41.0,2026-09-04,1 order
24,2026-09-04 20:17:59-07:00,2026-09-04 20:17:59-07:00,3.0,1,0.0,2026-09-04 20:16:18-07:00,101.0,2026-09-04,3+ orders
24,2026-09-04 20:21:00-07:00,2026-09-04 20:21:00-07:00,2.0,1,0.0,2026-09-04 20:17:59-07:00,181.0,2026-09-04,2 orders
24,2026-09-04 20:21:27-07:00,2026-09-04 20:21:27-07:00,1.0,1,0.0,2026-09-04 20:21:00-07:00,27.0,2026-09-04,1 order
24,2026-09-04 20:22:12-07:00,2026-09-04 20:22:12-07:00,2.0,1,0.0,2026-09-04 20:21:27-07:00,45.0,2026-09-04,2 orders
24,2026-09-04 20:24:50-07:00,2026-09-04 20:24:50-07:00,2.0,1,0.0,2026-09-04 20:22:12-07:00,158.0,2026-09-04,2 orders
24,2026-09-04 20:25:29-07:00,2026-09-04 20:25:29-07:00,2.0,1,0.0,2026-09-04 20:24:50-07:00,39.0,2026-09-04,2 orders
24,2026-09-04 20:25:50-07:00,2026-09-04 20:25:50-07:00,1.0,1,0.0,2026-09-04 20:25:29-07:00,21.0,2026-09-04,1 order
24,2026-09-04 20:27:20-07:00,2026-09-04 20:27:20-07:00,2.0,1,0.0,2026-09-04 20:25:50-07:00,90.0,2026-09-04,2 orders
24,2026-09-04 20:29:07-07:00,2026-09-04 20:29:07-07:00,2.0,1,0.0,2026-09-04 20:27:20-07:00,107.0,2026-09-04,2 orders
24,2026-09-04 20:30:10-07:00,2026-09-04 20:30:10-07:00,1.0,1,0.0,2026-09-04 20:29:07-07:00,63.0,2026-09-04,1 order
24,2026-09-04 20:32:03-07:00,2026-09-04 20:32:03-07:00,3.0,1,0.0,2026-09-04 20:30:10-07:00,113.0,2026-09-04,3+ orders
24,2026-09-04 20:32:40-07:00,2026-09-04 20:32:40-07:00,1.0,1,0.0,2026-09-04 20:32:03-07:00,37.0,2026-09-04,1 order
24,2026-09-04 20:33:23-07:00,2026-09-04 20:33:23-07:00,1.0,1,0.0,2026-09-04 20:32:40-07:00,43.0,2026-09-04,1 order
24,2026-09-04 20:34:18-07:00,2026-09-04 20:34:18-07:00,1.0,1,0.0,2026-09-04 20:33:23-07:00,55.0,2026-09-04,1 order
24,2026-09-04 20:36:12-07:00,2026-09-04 20:36:12-07:00,1.0,1,0.0,2026-09-04 20:34:18-07:00,114.0,2026-09-04,1 order
24,2026-09-04 20:37:36-07:00,2026-09-04 20:37:36-07:00,1.0,1,0.0,2026-09-04 20:36:12-07:00,84.0,2026-09-04,1 order
24,2026-09-04 20:38:30-07:00,2026-09-04 20:38:32-07:00,2.0,2,2.0,2026-09-04 20:37:36-07:00,54.0,2026-09-04,2 orders
24,2026-09-04 20:38:45-07:00,2026-09-04 20:38:45-07:00,1.0,1,0.0,2026-09-04 20:38:32-07:00,13.0,2026-09-04,1 order
24,2026-09-04 20:41:43-07:00,2026-09-04 20:41:43-07:00,1.0,1,0.0,2026-09-04 20:38:45-07:00,178.0,2026-09-04,1 order
24,2026-09-04 20:42:16-07:00,2026-09-04 20:42:16-07:00,2.0,1,0.0,2026-09-04 20:41:43-07:00,33.0,2026-09-04,2 orders
24,2026-09-04 20:45:20-07:00,2026-09-04 20:45:20-07:00,1.0,1,0.0,2026-09-04 20:42:16-07:00,184.0,2026-09-04,1 order
24,2026-09-04 20:47:39-07:00,2026-09-04 20:47:39-07:00,1.0,1,0.0,2026-09-04 20:45:20-07:00,139.0,2026-09-04,1 order
24,2026-09-04 20:51:38-07:00,2026-09-04 20:51:38-07:00,1.0,1,0.0,2026-09-04 20:47:39-07:00,239.0,2026-09-04,1 order
24,2026-09-04 20:52:21-07:00,2026-09-04 20:52:21-07:00,1.0,1,0.0,2026-09-04 20:51:38-07:00,43.0,2026-09-04,1 order
24,2026-09-04 20:53:17-07:00,2026-09-04 20:53:17-07:00,1.0,1,0.0,2026-09-04 20:52:21-07:00,56.0,2026-09-04,1 order
24,2026-09-04 20:54:02-07:00,2026-09-04 20:54:02-07:00,1.0,1,0.0,2026-09-04 20:53:17-07:00,45.0,2026-09-04,1 order
24,2026-09-04 20:55:58-07:00,2026-09-04 20:55:58-07:00,1.0,1,0.0,2026-09-04 20:54:02-07:00,116.0,2026-09-04,1 order
24,2026-09-04 20:56:24-07:00,2026-09-04 20:56:24-07:00,1.0,1,0.0,2026-09-04 20:55:58-07:00,26.0,2026-09-04,1 order
24,2026-09-04 20:59:00-07:00,2026-09-04 20:59:00-07:00,1.0,1,0.0,2026-09-04 20:56:24-07:00,156.0,2026-09-04,1 order
24,2026-09-04 20:59:37-07:00,2026-09-04 20:59:37-07:00,1.0,1,0.0,2026-09-04 20:59:00-07:00,37.0,2026-09-04,1 order
24,2026-09-04 21:00:27-07:00,2026-09-04 21:00:27-07:00,1.0,1,0.0,2026-09-04 20:59:37-07:00,50.0,2026-09-04,1 order
24,2026-09-04 21:02:23-07:00,2026-09-04 21:02:23-07:00,1.0,1,0.0,2026-09-04 21:00:27-07:00,116.0,2026-09-04,1 order
24,2026-09-04 21:03:58-07:00,2026-09-04 21:03:58-07:00,1.0,1,0.0,2026-09-04 21:02:23-07:00,95.0,2026-09-04,1 order
24,2026-09-04 21:04:23-07:00,2026-09-04 21:04:32-07:00,2.0,2,9.0,2026-09-04 21:03:58-07:00,25.0,2026-09-04,2 orders
24,2026-09-04 21:06:52-07:00,2026-09-04 21:06:52-07:00,1.0,1,0.0,2026-09-04 21:04:32-07:00,140.0,2026-09-04,1 order
24,2026-09-04 21:07:22-07:00,2026-09-04 21:07:22-07:00,1.0,1,0.0,2026-09-04 21:06:52-07:00,30.0,2026-09-04,1 order
24,2026-09-04 21:07:37-07:00,2026-09-04 21:07:37-07:00,1.0,1,0.0,2026-09-04 21:07:22-07:00,15.0,2026-09-04,1 order
24,2026-09-04 21:09:37-07:00,2026-09-04 21:09:37-07:00,1.0,1,0.0,2026-09-04 21:07:37-07:00,120.0,2026-09-04,1 order
24,2026-09-04 21:10:59-07:00,2026-09-04 21:10:59-07:00,1.0,1,0.0,2026-09-04 21:09:37-07:00,82.0,2026-09-04,1 order
24,2026-09-04 21:11:11-07:00,2026-09-04 21:11:11-07:00,1.0,1,0.0,2026-09-04 21:10:59-07:00,12.0,2026-09-04,1 order
24,2026-09-04 21:12:25-07:00,2026-09-04 21:12:25-07:00,1.0,1,0.0,2026-09-04 21:11:11-07:00,74.0,2026-09-04,1 order
24,2026-09-04 21:13:08-07:00,2026-09-04 21:13:15-07:00,2.0,2,7.0,2026-09-04 21:12:25-07:00,43.0,2026-09-04,2 orders
24,2026-09-04 21:14:26-07:00,2026-09-04 21:14:26-07:00,1.0,1,0.0,2026-09-04 21:13:15-07:00,71.0,2026-09-04,1 order
24,2026-09-04 21:15:12-07:00,2026-09-04 21:15:12-07:00,2.0,1,0.0,2026-09-04 21:14:26-07:00,46.0,2026-09-04,2 orders
24,2026-09-04 21:16:09-07:00,2026-09-04 21:16:09-07:00,1.0,1,0.0,2026-09-04 21:15:12-07:00,57.0,2026-09-04,1 order
24,2026-09-04 21:18:00-07:00,2026-09-04 21:18:00-07:00,1.0,1,0.0,2026-09-04 21:16:09-07:00,111.0,2026-09-04,1 order
25,2026-09-05 18:13:49-07:00,2026-09-05 18:13:58-07:00,2.0,2,9.0,,,2026-09-05,2 orders
25,2026-09-05 18:14:09-07:00,2026-09-05 18:14:09-07:00,1.0,1,0.0,2026-09-05 18:13:58-07:00,11.0,2026-09-05,1 order
25,2026-09-05 18:17:05-07:00,2026-09-05 18:17:05-07:00,1.0,1,0.0,2026-09-05 18:14:09-07:00,176.0,2026-09-05,1 order
25,2026-09-05 18:18:28-07:00,2026-09-05 18:18:35-07:00,3.0,2,7.0,2026-09-05 18:17:05-07:00,83.0,2026-09-05,3+ orders
25,2026-09-05 18:22:57-07:00,2026-09-05 18:22:57-07:00,1.0,1,0.0,2026-09-05 18:18:35-07:00,262.0,2026-09-05,1 order
25,2026-09-05 18:25:58-07:00,2026-09-05 18:25:58-07:00,2.0,1,0.0,2026-09-05 18:22:57-07:00,181.0,2026-09-05,2 orders
25,2026-09-05 18:28:57-07:00,2026-09-05 18:28:57-07:00,1.0,1,0.0,2026-09-05 18:25:58-07:00,179.0,2026-09-05,1 order
25,2026-09-05 18:30:25-07:00,2026-09-05 18:30:25-07:00,2.0,1,0.0,2026-09-05 18:28:57-07:00,88.0,2026-09-05,2 orders
25,2026-09-05 18:31:25-07:00,2026-09-05 18:31:25-07:00,1.0,1,0.0,2026-09-05 18:30:25-07:00,60.0,2026-09-05,1 order
25,2026-09-05 18:34:06-07:00,2026-09-05 18:34:06-07:00,1.0,1,0.0,2026-09-05 18:31:25-07:00,161.0,2026-09-05,1 order
25,2026-09-05 18:34:23-07:00,2026-09-05 18:34:23-07:00,1.0,1,0.0,2026-09-05 18:34:06-07:00,17.0,2026-09-05,1 order
25,2026-09-05 18:37:01-07:00,2026-09-05 18:37:01-07:00,1.0,1,0.0,2026-09-05 18:34:23-07:00,158.0,2026-09-05,1 order
25,2026-09-05 18:37:56-07:00,2026-09-05 18:37:56-07:00,1.0,1,0.0,2026-09-05 18:37:01-07:00,55.0,2026-09-05,1 order
25,2026-09-05 18:39:36-07:00,2026-09-05 18:39:36-07:00,1.0,1,0.0,2026-09-05 18:37:56-07:00,100.0,2026-09-05,1 order
25,2026-09-05 18:41:02-07:00,2026-09-05 18:41:02-07:00,1.0,1,0.0,2026-09-05 18:39:36-07:00,86.0,2026-09-05,1 order
25,2026-09-05 18:42:17-07:00,2026-09-05 18:42:17-07:00,1.0,1,0.0,2026-09-05 18:41:02-07:00,75.0,2026-09-05,1 order
25,2026-09-05 18:42:57-07:00,2026-09-05 18:42:57-07:00,1.0,1,0.0,2026-09-05 18:42:17-07:00,40.0,2026-09-05,1 order
25,2026-09-05 18:43:42-07:00,2026-09-05 18:43:42-07:00,1.0,1,0.0,2026-09-05 18:42:57-07:00,45.0,2026-09-05,1 order
25,2026-09-05 18:46:34-07:00,2026-09-05 18:46:34-07:00,2.0,1,0.0,2026-09-05 18:43:42-07:00,172.0,2026-09-05,2 orders
25,2026-09-05 18:48:50-07:00,2026-09-05 18:48:50-07:00,1.0,1,0.0,2026-09-05 18:46:34-07:00,136.0,2026-09-05,1 order
25,2026-09-05 18:50:13-07:00,2026-09-05 18:50:13-07:00,1.0,1,0.0,2026-09-05 18:48:50-07:00,83.0,2026-09-05,1 order
25,2026-09-05 18:52:44-07:00,2026-09-05 18:52:44-07:00,1.0,1,0.0,2026-09-05 18:50:13-07:00,151.0,2026-09-05,1 order
25,2026-09-05 18:53:17-07:00,2026-09-05 18:53:17-07:00,1.0,1,0.0,2026-09-05 18:52:44-07:00,33.0,2026-09-05,1 order
25,2026-09-05 18:54:20-07:00,2026-09-05 18:54:20-07:00,1.0,1,0.0,2026-09-05 18:53:17-07:00,63.0,2026-09-05,1 order
25,2026-09-05 18:55:02-07:00,2026-09-05 18:55:02-07:00,1.0,1,0.0,2026-09-05 18:54:20-07:00,42.0,2026-09-05,1 order
25,2026-09-05 18:56:40-07:00,2026-09-05 18:56:40-07:00,1.0,1,0.0,2026-09-05 18:55:02-07:00,98.0,2026-09-05,1 order
25,2026-09-05 18:57:27-07:00,2026-09-05 18:57:27-07:00,1.0,1,0.0,2026-09-05 18:56:40-07:00,47.0,2026-09-05,1 order
25,2026-09-05 19:03:19-07:00,2026-09-05 19:03:19-07:00,1.0,1,0.0,2026-09-05 18:57:27-07:00,352.0,2026-09-05,1 order
25,2026-09-05 19:03:37-07:00,2026-09-05 19:03:37-07:00,1.0,1,0.0,2026-09-05 19:03:19-07:00,18.0,2026-09-05,1 order
25,2026-09-05 19:06:55-07:00,2026-09-05 19:06:55-07:00,1.0,1,0.0,2026-09-05 19:03:37-07:00,198.0,2026-09-05,1 order
25,2026-09-05 19:07:56-07:00,2026-09-05 19:07:56-07:00,1.0,1,0.0,2026-09-05 19:06:55-07:00,61.0,2026-09-05,1 order
25,2026-09-05 19:10:49-07:00,2026-09-05 19:10:49-07:00,1.0,1,0.0,2026-09-05 19:07:56-07:00,173.0,2026-09-05,1 order
25,2026-09-05 19:11:10-07:00,2026-09-05 19:11:10-07:00,1.0,1,0.0,2026-09-05 19:10:49-07:00,21.0,2026-09-05,1 order
25,2026-09-05 19:12:04-07:00,2026-09-05 19:12:04-07:00,1.0,1,0.0,2026-09-05 19:11:10-07:00,54.0,2026-09-05,1 order
25,2026-09-05 19:13:50-07:00,2026-09-05 19:13:50-07:00,1.0,1,0.0,2026-09-05 19:12:04-07:00,106.0,2026-09-05,1 order
25,2026-09-05 19:14:56-07:00,2026-09-05 19:14:56-07:00,2.0,1,0.0,2026-09-05 19:13:50-07:00,66.0,2026-09-05,2 orders
25,2026-09-05 19:15:18-07:00,2026-09-05 19:15:18-07:00,1.0,1,0.0,2026-09-05 19:14:56-07:00,22.0,2026-09-05,1 order
25,2026-09-05 19:16:03-07:00,2026-09-05 19:16:03-07:00,1.0,1,0.0,2026-09-05 19:15:18-07:00,45.0,2026-09-05,1 order
25,2026-09-05 19:16:52-07:00,2026-09-05 19:16:52-07:00,1.0,1,0.0,2026-09-05 19:16:03-07:00,49.0,2026-09-05,1 order
25,2026-09-05 19:18:25-07:00,2026-09-05 19:18:25-07:00,1.0,1,0.0,2026-09-05 19:16:52-07:00,93.0,2026-09-05,1 order
25,2026-09-05 19:21:44-07:00,2026-09-05 19:21:44-07:00,2.0,1,0.0,2026-09-05 19:18:25-07:00,199.0,2026-09-05,2 orders
25,2026-09-05 19:23:52-07:00,2026-09-05 19:23:52-07:00,1.0,1,0.0,2026-09-05 19:21:44-07:00,128.0,2026-09-05,1 order
25,2026-09-05 19:24:36-07:00,2026-09-05 19:24:36-07:00,2.0,1,0.0,2026-09-05 19:23:52-07:00,44.0,2026-09-05,2 orders
25,2026-09-05 19:26:18-07:00,2026-09-05 19:26:18-07:00,1.0,1,0.0,2026-09-05 19:24:36-07:00,102.0,2026-09-05,1 order
25,2026-09-05 19:28:07-07:00,2026-09-05 19:28:07-07:00,1.0,1,0.0,2026-09-05 19:26:18-07:00,109.0,2026-09-05,1 order
25,2026-09-05 19:28:56-07:00,2026-09-05 19:29:05-07:00,2.0,2,9.0,2026-09-05 19:28:07-07:00,49.0,2026-09-05,2 orders
25,2026-09-05 19:32:04-07:00,2026-09-05 19:32:04-07:00,1.0,1,0.0,2026-09-05 19:29:05-07:00,179.0,2026-09-05,1 order
25,2026-09-05 19:32:26-07:00,2026-09-05 19:32:26-07:00,1.0,1,0.0,2026-09-05 19:32:04-07:00,22.0,2026-09-05,1 order
25,2026-09-05 19:32:55-07:00,2026-09-05 19:32:55-07:00,1.0,1,0.0,2026-09-05 19:32:26-07:00,29.0,2026-09-05,1 order
25,2026-09-05 19:35:35-07:00,2026-09-05 19:35:35-07:00,1.0,1,0.0,2026-09-05 19:32:55-07:00,160.0,2026-09-05,1 order
25,2026-09-05 19:39:34-07:00,2026-09-05 19:39:34-07:00,3.0,1,0.0,2026-09-05 19:35:35-07:00,239.0,2026-09-05,3+ orders
25,2026-09-05 19:40:35-07:00,2026-09-05 19:40:35-07:00,1.0,1,0.0,2026-09-05 19:39:34-07:00,61.0,2026-09-05,1 order
25,2026-09-05 19:45:29-07:00,2026-09-05 19:45:29-07:00,1.0,1,0.0,2026-09-05 19:40:35-07:00,294.0,2026-09-05,1 order
25,2026-09-05 19:46:21-07:00,2026-09-05 19:46:21-07:00,1.0,1,0.0,2026-09-05 19:45:29-07:00,52.0,2026-09-05,1 order
25,2026-09-05 19:46:50-07:00,2026-09-05 19:46:50-07:00,1.0,1,0.0,2026-09-05 19:46:21-07:00,29.0,2026-09-05,1 order
25,2026-09-05 19:47:41-07:00,2026-09-05 19:47:41-07:00,1.0,1,0.0,2026-09-05 19:46:50-07:00,51.0,2026-09-05,1 order
25,2026-09-05 19:50:00-07:00,2026-09-05 19:50:00-07:00,1.0,1,0.0,2026-09-05 19:47:41-07:00,139.0,2026-09-05,1 order
25,2026-09-05 19:51:54-07:00,2026-09-05 19:51:54-07:00,1.0,1,0.0,2026-09-05 19:50:00-07:00,114.0,2026-09-05,1 order
25,2026-09-05 19:53:50-07:00,2026-09-05 19:53:50-07:00,1.0,1,0.0,2026-09-05 19:51:54-07:00,116.0,2026-09-05,1 order
25,2026-09-05 19:54:24-07:00,2026-09-05 19:54:24-07:00,2.0,1,0.0,2026-09-05 19:53:50-07:00,34.0,2026-09-05,2 orders
25,2026-09-05 19:55:11-07:00,2026-09-05 19:55:11-07:00,1.0,1,0.0,2026-09-05 19:54:24-07:00,47.0,2026-09-05,1 order
25,2026-09-05 19:56:59-07:00,2026-09-05 19:56:59-07:00,1.0,1,0.0,2026-09-05 19:55:11-07:00,108.0,2026-09-05,1 order
25,2026-09-05 19:59:56-07:00,2026-09-05 19:59:56-07:00,1.0,1,0.0,2026-09-05 19:56:59-07:00,177.0,2026-09-05,1 order
25,2026-09-05 20:01:18-07:00,2026-09-05 20:01:18-07:00,1.0,1,0.0,2026-09-05 19:59:56-07:00,82.0,2026-09-05,1 order
25,2026-09-05 20:06:42-07:00,2026-09-05 20:06:52-07:00,2.0,2,10.0,2026-09-05 20:01:18-07:00,324.0,2026-09-05,2 orders
25,2026-09-05 20:09:25-07:00,2026-09-05 20:09:25-07:00,2.0,1,0.0,2026-09-05 20:06:52-07:00,153.0,2026-09-05,2 orders
25,2026-09-05 20:12:44-07:00,2026-09-05 20:12:44-07:00,1.0,1,0.0,2026-09-05 20:09:25-07:00,199.0,2026-09-05,1 order
25,2026-09-05 20:13:10-07:00,2026-09-05 20:13:13-07:00,4.0,2,3.0,2026-09-05 20:12:44-07:00,26.0,2026-09-05,3+ orders
25,2026-09-05 20:18:22-07:00,2026-09-05 20:18:22-07:00,1.0,1,0.0,2026-09-05 20:13:13-07:00,309.0,2026-09-05,1 order
25,2026-09-05 20:18:48-07:00,2026-09-05 20:18:48-07:00,2.0,1,0.0,2026-09-05 20:18:22-07:00,26.0,2026-09-05,2 orders
25,2026-09-05 20:24:38-07:00,2026-09-05 20:24:38-07:00,2.0,1,0.0,2026-09-05 20:18:48-07:00,350.0,2026-09-05,2 orders
25,2026-09-05 20:26:01-07:00,2026-09-05 20:26:01-07:00,1.0,1,0.0,2026-09-05 20:24:38-07:00,83.0,2026-09-05,1 order
25,2026-09-05 20:27:06-07:00,2026-09-05 20:27:13-07:00,5.0,2,7.0,2026-09-05 20:26:01-07:00,65.0,2026-09-05,3+ orders
25,2026-09-05 20:28:36-07:00,2026-09-05 20:28:39-07:00,2.0,2,3.0,2026-09-05 20:27:13-07:00,83.0,2026-09-05,2 orders
25,2026-09-05 20:30:12-07:00,2026-09-05 20:30:12-07:00,3.0,1,0.0,2026-09-05 20:28:39-07:00,93.0,2026-09-05,3+ orders
25,2026-09-05 20:30:54-07:00,2026-09-05 20:30:54-07:00,1.0,1,0.0,2026-09-05 20:30:12-07:00,42.0,2026-09-05,1 order
26,2026-09-06 18:26:01-07:00,2026-09-06 18:26:01-07:00,1.0,1,0.0,,,2026-09-06,1 order
26,2026-09-06 18:28:20-07:00,2026-09-06 18:28:20-07:00,2.0,1,0.0,2026-09-06 18:26:01-07:00,139.0,2026-09-06,2 orders
26,2026-09-06 18:30:25-07:00,2026-09-06 18:30:25-07:00,1.0,1,0.0,2026-09-06 18:28:20-07:00,125.0,2026-09-06,1 order
26,2026-09-06 18:31:00-07:00,2026-09-06 18:31:00-07:00,1.0,1,0.0,2026-09-06 18:30:25-07:00,35.0,2026-09-06,1 order
26,2026-09-06 18:33:12-07:00,2026-09-06 18:33:12-07:00,1.0,1,0.0,2026-09-06 18:31:00-07:00,132.0,2026-09-06,1 order
26,2026-09-06 18:35:07-07:00,2026-09-06 18:35:07-07:00,1.0,1,0.0,2026-09-06 18:33:12-07:00,115.0,2026-09-06,1 order
26,2026-09-06 18:37:32-07:00,2026-09-06 18:37:32-07:00,1.0,1,0.0,2026-09-06 18:35:07-07:00,145.0,2026-09-06,1 order
26,2026-09-06 18:38:42-07:00,2026-09-06 18:38:42-07:00,1.0,1,0.0,2026-09-06 18:37:32-07:00,70.0,2026-09-06,1 order
26,2026-09-06 18:40:35-07:00,2026-09-06 18:40:35-07:00,1.0,1,0.0,2026-09-06 18:38:42-07:00,113.0,2026-09-06,1 order
26,2026-09-06 18:41:40-07:00,2026-09-06 18:41:40-07:00,2.0,1,0.0,2026-09-06 18:40:35-07:00,65.0,2026-09-06,2 orders
26,2026-09-06 18:43:41-07:00,2026-09-06 18:43:41-07:00,1.0,1,0.0,2026-09-06 18:41:40-07:00,121.0,2026-09-06,1 order
26,2026-09-06 18:44:08-07:00,2026-09-06 18:44:08-07:00,1.0,1,0.0,2026-09-06 18:43:41-07:00,27.0,2026-09-06,1 order
26,2026-09-06 18:44:28-07:00,2026-09-06 18:44:28-07:00,1.0,1,0.0,2026-09-06 18:44:08-07:00,20.0,2026-09-06,1 order
26,2026-09-06 18:47:30-07:00,2026-09-06 18:47:30-07:00,2.0,1,0.0,2026-09-06 18:44:28-07:00,182.0,2026-09-06,2 orders
26,2026-09-06 18:48:03-07:00,2026-09-06 18:48:03-07:00,1.0,1,0.0,2026-09-06 18:47:30-07:00,33.0,2026-09-06,1 order
26,2026-09-06 18:49:47-07:00,2026-09-06 18:49:56-07:00,2.0,2,9.0,2026-09-06 18:48:03-07:00,104.0,2026-09-06,2 orders
26,2026-09-06 18:51:06-07:00,2026-09-06 18:51:06-07:00,2.0,1,0.0,2026-09-06 18:49:56-07:00,70.0,2026-09-06,2 orders
26,2026-09-06 18:53:29-07:00,2026-09-06 18:53:29-07:00,1.0,1,0.0,2026-09-06 18:51:06-07:00,143.0,2026-09-06,1 order
26,2026-09-06 18:56:39-07:00,2026-09-06 18:56:39-07:00,2.0,1,0.0,2026-09-06 18:53:29-07:00,190.0,2026-09-06,2 orders
26,2026-09-06 18:58:55-07:00,2026-09-06 18:58:55-07:00,1.0,1,0.0,2026-09-06 18:56:39-07:00,136.0,2026-09-06,1 order
26,2026-09-06 18:59:35-07:00,2026-09-06 18:59:35-07:00,1.0,1,0.0,2026-09-06 18:58:55-07:00,40.0,2026-09-06,1 order
26,2026-09-06 19:03:54-07:00,2026-09-06 19:03:54-07:00,2.0,1,0.0,2026-09-06 18:59:35-07:00,259.0,2026-09-06,2 orders
26,2026-09-06 19:08:50-07:00,2026-09-06 19:08:50-07:00,2.0,1,0.0,2026-09-06 19:03:54-07:00,296.0,2026-09-06,2 orders
26,2026-09-06 19:10:45-07:00,2026-09-06 19:10:45-07:00,1.0,1,0.0,2026-09-06 19:08:50-07:00,115.0,2026-09-06,1 order
26,2026-09-06 19:12:01-07:00,2026-09-06 19:12:01-07:00,1.0,1,0.0,2026-09-06 19:10:45-07:00,76.0,2026-09-06,1 order
26,2026-09-06 19:12:26-07:00,2026-09-06 19:12:26-07:00,2.0,1,0.0,2026-09-06 19:12:01-07:00,25.0,2026-09-06,2 orders
26,2026-09-06 19:13:58-07:00,2026-09-06 19:13:58-07:00,2.0,1,0.0,2026-09-06 19:12:26-07:00,92.0,2026-09-06,2 orders
26,2026-09-06 19:15:36-07:00,2026-09-06 19:15:36-07:00,1.0,1,0.0,2026-09-06 19:13:58-07:00,98.0,2026-09-06,1 order
26,2026-09-06 19:17:16-07:00,2026-09-06 19:17:16-07:00,4.0,1,0.0,2026-09-06 19:15:36-07:00,100.0,2026-09-06,3+ orders
26,2026-09-06 19:18:01-07:00,2026-09-06 19:18:01-07:00,1.0,1,0.0,2026-09-06 19:17:16-07:00,45.0,2026-09-06,1 order
26,2026-09-06 19:18:41-07:00,2026-09-06 19:18:41-07:00,1.0,1,0.0,2026-09-06 19:18:01-07:00,40.0,2026-09-06,1 order
26,2026-09-06 19:21:44-07:00,2026-09-06 19:21:46-07:00,3.0,2,2.0,2026-09-06 19:18:41-07:00,183.0,2026-09-06,3+ orders
26,2026-09-06 19:22:41-07:00,2026-09-06 19:22:41-07:00,1.0,1,0.0,2026-09-06 19:21:46-07:00,55.0,2026-09-06,1 order
26,2026-09-06 19:23:05-07:00,2026-09-06 19:23:05-07:00,1.0,1,0.0,2026-09-06 19:22:41-07:00,24.0,2026-09-06,1 order
26,2026-09-06 19:23:54-07:00,2026-09-06 19:23:54-07:00,2.0,1,0.0,2026-09-06 19:23:05-07:00,49.0,2026-09-06,2 orders
26,2026-09-06 19:24:59-07:00,2026-09-06 19:24:59-07:00,3.0,1,0.0,2026-09-06 19:23:54-07:00,65.0,2026-09-06,3+ orders
26,2026-09-06 19:27:21-07:00,2026-09-06 19:27:21-07:00,1.0,1,0.0,2026-09-06 19:24:59-07:00,142.0,2026-09-06,1 order
26,2026-09-06 19:29:53-07:00,2026-09-06 19:29:53-07:00,2.0,1,0.0,2026-09-06 19:27:21-07:00,152.0,2026-09-06,2 orders
26,2026-09-06 19:31:13-07:00,2026-09-06 19:31:13-07:00,1.0,1,0.0,2026-09-06 19:29:53-07:00,80.0,2026-09-06,1 order
26,2026-09-06 19:31:57-07:00,2026-09-06 19:31:57-07:00,2.0,1,0.0,2026-09-06 19:31:13-07:00,44.0,2026-09-06,2 orders
26,2026-09-06 19:32:20-07:00,2026-09-06 19:32:20-07:00,2.0,1,0.0,2026-09-06 19:31:57-07:00,23.0,2026-09-06,2 orders
