operating_hour,mode,orders_per_hour,observed_minutes,observed_days,preliminary,bootstrap_usable_fraction,bootstrap_low,bootstrap_high
10,drive_thru,32.848935451165936,49.31666666666666,2,True,0.877,,
10,counter,,0.0,0,True,0.0,,
11,drive_thru,47.80023781212842,168.2,5,False,0.9986666666666667,42.072799097065456,52.084523129640196
11,counter,45.45454545454545,33.0,3,False,0.9636666666666667,37.974683544303794,49.21875
12,drive_thru,65.16956920256645,72.73333333333333,2,True,0.8863333333333333,,
12,counter,38.64380154470481,127.31666666666666,3,False,0.9616666666666667,37.0,40.37587147620491
13,drive_thru,50.607702445453214,113.81666666666666,4,False,0.9913333333333333,35.37117903930131,60.53299492385787
13,counter,54.08286891204265,68.78333333333333,2,True,0.8863333333333333,,
14,drive_thru,44.47722662732805,90.38333333333333,3,False,0.9613333333333334,41.877256317689536,46.79826673086182
14,counter,70.64150943396226,22.083333333333336,2,True,0.8803333333333333,,
15,drive_thru,46.90140845070423,47.33333333333333,2,True,0.8903333333333333,,
15,counter,,0.0,0,True,0.0,,
16,drive_thru,57.4938574938575,13.566666666666666,2,True,0.8883333333333333,,
16,counter,67.28971962616824,10.7,1,True,0.64,,
17,drive_thru,46.86390532544379,56.333333333333336,3,False,0.9693333333333334,25.71428571428571,56.597417181358786
17,counter,31.874525676701243,65.88333333333333,3,False,0.9693333333333334,30.542986425339368,37.04974271012007
18,drive_thru,63.60902255639098,88.66666666666666,3,False,0.9606666666666667,56.14366729678639,69.50819672131148
18,counter,47.8462770216173,104.08333333333333,4,False,0.9893333333333333,42.87260916636593,62.69956458635704
19,drive_thru,53.57313385325482,209.43333333333334,8,False,1.0,45.21342094650833,60.28382638615582
19,counter,48.895925339555035,200.01666666666668,8,False,1.0,40.63425177560125,59.553848732970984
20,drive_thru,52.62096774193549,198.39999999999998,7,False,1.0,48.960413156339506,61.40660287081341
20,counter,55.49955529202491,168.64999999999998,5,False,0.9963333333333333,43.03178484107579,68.85245901639344
21,drive_thru,54.84443011446074,206.76666666666668,6,False,0.9996666666666667,46.39458229463519,60.198933256450914
21,counter,57.103102824544315,119.78333333333333,5,False,0.997,45.248997788874064,80.72727272727273
22,drive_thru,51.45118733509235,151.6,5,False,0.998,47.16451431779899,57.89473684210526
22,counter,28.729879615852838,123.21666666666665,4,False,0.9873333333333333,16.34506242905789,44.59459459459459
23,drive_thru,54.27709887319473,105.01666666666667,2,True,0.882,,
23,counter,14.712354605469978,53.016666666666666,2,True,0.889,,
24,drive_thru,34.20752565564425,43.849999999999994,2,True,0.8836666666666667,,
24,counter,5.172413793103448,11.6,1,True,0.6506666666666666,,
25,drive_thru,,0.0,0,True,0.0,,
25,counter,,0.0,0,True,0.0,,
