operating_hour,drive_orders,counter_orders,drive_minutes,counter_minutes,drive_orders_per_hour,counter_orders_per_hour,drive_days,drive_preliminary,counter_days,counter_preliminary
10,27,0,49.31666666666666,0.0,32.848935451165936,,2,True,0,True
11,134,25,168.20000000000002,33.0,47.800237812128415,45.45454545454545,5,False,3,False
12,79,82,72.73333333333333,127.31666666666666,65.16956920256645,38.6438015447048,2,True,3,False
13,96,62,113.81666666666666,68.78333333333333,50.607702445453214,54.08286891204265,4,False,2,True
14,67,26,90.38333333333333,22.083333333333336,44.47722662732805,70.64150943396226,3,False,2,True
15,37,0,47.33333333333333,0.0,46.90140845070423,,2,True,0,True
16,13,12,13.566666666666666,10.7,57.4938574938575,67.28971962616824,2,True,1,True
17,44,35,56.333333333333336,65.88333333333333,46.86390532544379,31.874525676701243,3,False,3,False
18,94,83,88.66666666666666,104.08333333333333,63.60902255639099,47.8462770216173,3,False,4,False
19,187,163,209.43333333333334,200.01666666666668,53.57313385325482,48.89592533955503,8,False,8,False
20,174,156,198.4,168.65,52.62096774193548,55.49955529202491,7,False,5,False
21,189,114,206.76666666666668,119.78333333333333,54.84443011446074,57.103102824544315,6,False,5,False
22,130,59,151.6,123.21666666666667,51.45118733509235,28.729879615852834,5,False,4,False
23,95,13,105.01666666666667,53.016666666666666,54.27709887319473,14.712354605469978,2,True,2,True
24,25,1,43.849999999999994,11.6,34.20752565564425,5.172413793103448,2,True,1,True
25,0,0,0.0,0.0,,,0,True,0,True
