removed_day,operating_hour,mode,baseline_rate,rate_without_day,removed_minutes,remaining_minutes,remaining_days,change_orders_per_hour,percent_change,lost_hour_coverage
2026-08-17,10,drive_thru,32.848935451165936,32.848935451165936,0.0,49.31666666666666,2,0.0,0.0,False
2026-08-17,10,counter,,,0.0,0.0,0,,,False
2026-08-17,11,drive_thru,47.80023781212842,47.80023781212842,0.0,168.2,5,0.0,0.0,False
2026-08-17,11,counter,45.45454545454545,45.45454545454545,0.0,33.0,3,0.0,0.0,False
2026-08-17,12,drive_thru,65.16956920256645,65.16956920256645,0.0,72.73333333333333,2,0.0,0.0,False
2026-08-17,12,counter,38.64380154470481,38.64380154470481,0.0,127.31666666666666,3,0.0,0.0,False
2026-08-17,13,drive_thru,50.607702445453214,50.607702445453214,0.0,113.81666666666666,4,0.0,0.0,False
2026-08-17,13,counter,54.08286891204265,54.08286891204265,0.0,68.78333333333333,2,0.0,0.0,False
2026-08-17,14,drive_thru,44.47722662732805,44.47722662732805,0.0,90.38333333333333,3,0.0,0.0,False
2026-08-17,14,counter,70.64150943396226,70.64150943396226,0.0,22.083333333333336,2,0.0,0.0,False
2026-08-17,15,drive_thru,46.90140845070423,46.90140845070423,0.0,47.33333333333333,2,0.0,0.0,False
2026-08-17,15,counter,,,0.0,0.0,0,,,False
2026-08-17,16,drive_thru,57.4938574938575,57.4938574938575,0.0,13.566666666666666,2,0.0,0.0,False
2026-08-17,16,counter,67.28971962616824,67.28971962616824,0.0,10.7,1,0.0,0.0,False
2026-08-17,17,drive_thru,46.86390532544379,46.86390532544379,0.0,56.333333333333336,3,0.0,0.0,False
2026-08-17,17,counter,31.874525676701243,31.874525676701243,0.0,65.88333333333333,3,0.0,0.0,False
2026-08-17,18,drive_thru,63.60902255639098,63.60902255639098,0.0,88.66666666666666,3,0.0,0.0,False
2026-08-17,18,counter,47.8462770216173,47.8462770216173,0.0,104.08333333333333,4,0.0,0.0,False
2026-08-17,19,drive_thru,53.57313385325482,53.57313385325482,0.0,209.43333333333334,8,0.0,0.0,False
2026-08-17,19,counter,48.895925339555035,48.895925339555035,0.0,200.01666666666668,8,0.0,0.0,False
2026-08-17,20,drive_thru,52.62096774193549,51.25515174222556,20.466666666666665,177.9333333333333,6,-1.3658159997099304,-2.595573700598182,False
2026-08-17,20,counter,55.49955529202491,58.56613934702121,20.1,148.54999999999998,4,3.066584054996305,5.525420949520585,False
2026-08-17,21,drive_thru,54.84443011446074,54.84443011446074,0.0,206.76666666666668,6,0.0,0.0,False
2026-08-17,21,counter,57.103102824544315,57.103102824544315,0.0,119.78333333333333,5,0.0,0.0,False
2026-08-17,22,drive_thru,51.45118733509235,51.45118733509235,0.0,151.6,5,0.0,0.0,False
2026-08-17,22,counter,28.729879615852838,28.729879615852838,0.0,123.21666666666665,4,0.0,0.0,False
2026-08-17,23,drive_thru,54.27709887319473,54.27709887319473,0.0,105.01666666666667,2,0.0,0.0,False
2026-08-17,23,counter,14.712354605469978,14.712354605469978,0.0,53.016666666666666,2,0.0,0.0,False
2026-08-17,24,drive_thru,34.20752565564425,34.20752565564425,0.0,43.849999999999994,2,0.0,0.0,False
2026-08-17,24,counter,5.172413793103448,5.172413793103448,0.0,11.6,1,0.0,0.0,False
2026-08-17,25,drive_thru,,,0.0,0.0,0,,,False
2026-08-17,25,counter,,,0.0,0.0,0,,,False
2026-08-18,10,drive_thru,32.848935451165936,32.848935451165936,0.0,49.31666666666666,2,0.0,0.0,False
2026-08-18,10,counter,,,0.0,0.0,0,,,False
2026-08-18,11,drive_thru,47.80023781212842,47.83407151344928,13.916666666666666,154.28333333333333,4,0.03383370132085872,0.07078144977821438,False
2026-08-18,11,counter,45.45454545454545,44.141689373297,8.533333333333333,24.46666666666667,2,-1.312856081248455,-2.888283378746601,False
2026-08-18,12,drive_thru,65.16956920256645,65.16956920256645,0.0,72.73333333333333,2,0.0,0.0,False
2026-08-18,12,counter,38.64380154470481,38.64380154470481,0.0,127.31666666666666,3,0.0,0.0,False
2026-08-18,13,drive_thru,50.607702445453214,50.607702445453214,0.0,113.81666666666666,4,0.0,0.0,False
2026-08-18,13,counter,54.08286891204265,54.08286891204265,0.0,68.78333333333333,2,0.0,0.0,False
2026-08-18,14,drive_thru,44.47722662732805,44.47722662732805,0.0,90.38333333333333,3,0.0,0.0,False
2026-08-18,14,counter,70.64150943396226,70.64150943396226,0.0,22.083333333333336,2,0.0,0.0,False
2026-08-18,15,drive_thru,46.90140845070423,46.90140845070423,0.0,47.33333333333333,2,0.0,0.0,False
2026-08-18,15,counter,,,0.0,0.0,0,,,False
2026-08-18,16,drive_thru,57.4938574938575,57.4938574938575,0.0,13.566666666666666,2,0.0,0.0,False
2026-08-18,16,counter,67.28971962616824,67.28971962616824,0.0,10.7,1,0.0,0.0,False
2026-08-18,17,drive_thru,46.86390532544379,46.86390532544379,0.0,56.333333333333336,3,0.0,0.0,False
2026-08-18,17,counter,31.874525676701243,31.874525676701243,0.0,65.88333333333333,3,0.0,0.0,False
2026-08-18,18,drive_thru,63.60902255639098,63.60902255639098,0.0,88.66666666666666,3,0.0,0.0,False
2026-08-18,18,counter,47.8462770216173,47.8462770216173,0.0,104.08333333333333,4,0.0,0.0,False
2026-08-18,19,drive_thru,53.57313385325482,52.92760064962817,14.45,194.98333333333335,7,-0.6455332036266483,-1.2049569573339962,False
2026-08-18,19,counter,48.895925339555035,50.76104211410962,21.533333333333335,178.48333333333335,7,1.8651167745545862,3.8144625786348993,False
2026-08-18,20,drive_thru,52.62096774193549,52.62096774193549,0.0,198.39999999999998,7,0.0,0.0,False
2026-08-18,20,counter,55.49955529202491,55.49955529202491,0.0,168.64999999999998,5,0.0,0.0,False
2026-08-18,21,drive_thru,54.84443011446074,54.84443011446074,0.0,206.76666666666668,6,0.0,0.0,False
2026-08-18,21,counter,57.103102824544315,57.103102824544315,0.0,119.78333333333333,5,0.0,0.0,False
2026-08-18,22,drive_thru,51.45118733509235,51.45118733509235,0.0,151.6,5,0.0,0.0,False
2026-08-18,22,counter,28.729879615852838,28.729879615852838,0.0,123.21666666666665,4,0.0,0.0,False
2026-08-18,23,drive_thru,54.27709887319473,54.27709887319473,0.0,105.01666666666667,2,0.0,0.0,False
2026-08-18,23,counter,14.712354605469978,14.712354605469978,0.0,53.016666666666666,2,0.0,0.0,False
2026-08-18,24,drive_thru,34.20752565564425,34.20752565564425,0.0,43.849999999999994,2,0.0,0.0,False
2026-08-18,24,counter,5.172413793103448,5.172413793103448,0.0,11.6,1,0.0,0.0,False
2026-08-18,25,drive_thru,,,0.0,0.0,0,,,False
2026-08-18,25,counter,,,0.0,0.0,0,,,False
2026-08-19,10,drive_thru,32.848935451165936,32.848935451165936,0.0,49.31666666666666,2,0.0,0.0,False
2026-08-19,10,counter,,,0.0,0.0,0,,,False
2026-08-19,11,drive_thru,47.80023781212842,47.80023781212842,0.0,168.2,5,0.0,0.0,False
2026-08-19,11,counter,45.45454545454545,45.45454545454545,0.0,33.0,3,0.0,0.0,False
2026-08-19,12,drive_thru,65.16956920256645,65.16956920256645,0.0,72.73333333333333,2,0.0,0.0,False
2026-08-19,12,counter,38.64380154470481,38.64380154470481,0.0,127.31666666666666,3,0.0,0.0,False
2026-08-19,13,drive_thru,50.607702445453214,50.607702445453214,0.0,113.81666666666666,4,0.0,0.0,False
2026-08-19,13,counter,54.08286891204265,54.08286891204265,0.0,68.78333333333333,2,0.0,0.0,False
2026-08-19,14,drive_thru,44.47722662732805,44.47722662732805,0.0,90.38333333333333,3,0.0,0.0,False
2026-08-19,14,counter,70.64150943396226,70.64150943396226,0.0,22.083333333333336,2,0.0,0.0,False
2026-08-19,15,drive_thru,46.90140845070423,46.90140845070423,0.0,47.33333333333333,2,0.0,0.0,False
2026-08-19,15,counter,,,0.0,0.0,0,,,False
2026-08-19,16,drive_thru,57.4938574938575,57.4938574938575,0.0,13.566666666666666,2,0.0,0.0,False
2026-08-19,16,counter,67.28971962616824,67.28971962616824,0.0,10.7,1,0.0,0.0,False
2026-08-19,17,drive_thru,46.86390532544379,46.86390532544379,0.0,56.333333333333336,3,0.0,0.0,False
2026-08-19,17,counter,31.874525676701243,31.874525676701243,0.0,65.88333333333333,3,0.0,0.0,False
2026-08-19,18,drive_thru,63.60902255639098,63.60902255639098,0.0,88.66666666666666,3,0.0,0.0,False
2026-08-19,18,counter,47.8462770216173,47.8462770216173,0.0,104.08333333333333,4,0.0,0.0,False
2026-08-19,19,drive_thru,53.57313385325482,53.57313385325482,0.0,209.43333333333334,8,0.0,0.0,False
2026-08-19,19,counter,48.895925339555035,48.895925339555035,0.0,200.01666666666668,8,0.0,0.0,False
2026-08-19,20,drive_thru,52.62096774193549,52.62096774193549,0.0,198.39999999999998,7,0.0,0.0,False
2026-08-19,20,counter,55.49955529202491,55.49955529202491,0.0,168.64999999999998,5,0.0,0.0,False
2026-08-19,21,drive_thru,54.84443011446074,54.84443011446074,0.0,206.76666666666668,6,0.0,0.0,False
2026-08-19,21,counter,57.103102824544315,57.103102824544315,0.0,119.78333333333333,5,0.0,0.0,False
2026-08-19,22,drive_thru,51.45118733509235,51.45118733509235,0.0,151.6,5,0.0,0.0,False
2026-08-19,22,counter,28.729879615852838,28.729879615852838,0.0,123.21666666666665,4,0.0,0.0,False
2026-08-19,23,drive_thru,54.27709887319473,54.27709887319473,0.0,105.01666666666667,2,0.0,0.0,False
2026-08-19,23,counter,14.712354605469978,15.639810426540283,10.816666666666666,42.2,1,0.9274558210703052,6.303925142787695,False
2026-08-19,24,drive_thru,34.20752565564425,40.208488458674616,21.466666666666665,22.38333333333333,1,6.000962803030369,17.54281459419211,False
2026-08-19,24,counter,5.172413793103448,,11.6,0.0,0,,,True
2026-08-19,25,drive_thru,,,0.0,0.0,0,,,False
2026-08-19,25,counter,,,0.0,0.0,0,,,False
2026-08-20,10,drive_thru,32.848935451165936,32.848935451165936,0.0,49.31666666666666,2,0.0,0.0,False
2026-08-20,10,counter,,,0.0,0.0,0,,,False
2026-08-20,11,drive_thru,47.80023781212842,47.80023781212842,0.0,168.2,5,0.0,0.0,False
2026-08-20,11,counter,45.45454545454545,45.45454545454545,0.0,33.0,3,0.0,0.0,False
2026-08-20,12,drive_thru,65.16956920256645,65.16956920256645,0.0,72.73333333333333,2,0.0,0.0,False
2026-08-20,12,counter,38.64380154470481,38.64380154470481,0.0,127.31666666666666,3,0.0,0.0,False
2026-08-20,13,drive_thru,50.607702445453214,50.607702445453214,0.0,113.81666666666666,4,0.0,0.0,False
2026-08-20,13,counter,54.08286891204265,54.08286891204265,0.0,68.78333333333333,2,0.0,0.0,False
2026-08-20,14,drive_thru,44.47722662732805,44.47722662732805,0.0,90.38333333333333,3,0.0,0.0,False
2026-08-20,14,counter,70.64150943396226,70.64150943396226,0.0,22.083333333333336,2,0.0,0.0,False
2026-08-20,15,drive_thru,46.90140845070423,46.90140845070423,0.0,47.33333333333333,2,0.0,0.0,False
2026-08-20,15,counter,,,0.0,0.0,0,,,False
2026-08-20,16,drive_thru,57.4938574938575,57.4938574938575,0.0,13.566666666666666,2,0.0,0.0,False
2026-08-20,16,counter,67.28971962616824,67.28971962616824,0.0,10.7,1,0.0,0.0,False
2026-08-20,17,drive_thru,46.86390532544379,51.06382978723404,9.333333333333334,47.0,2,4.199924461790253,8.961960025789809,False
2026-08-20,17,counter,31.874525676701243,30.97922848664689,9.716666666666667,56.16666666666666,2,-0.8952971900543538,-2.808817295464175,False
2026-08-20,18,drive_thru,63.60902255639098,63.69059864225469,7.65,81.01666666666665,2,0.08157608586370912,0.1282460924334907,False
2026-08-20,18,counter,47.8462770216173,46.00431965442765,11.483333333333333,92.6,3,-1.84195736718965,-3.8497402135540035,False
2026-08-20,19,drive_thru,53.57313385325482,53.57313385325482,0.0,209.43333333333334,8,0.0,0.0,False
2026-08-20,19,counter,48.895925339555035,48.895925339555035,0.0,200.01666666666668,8,0.0,0.0,False
2026-08-20,20,drive_thru,52.62096774193549,52.62096774193549,0.0,198.39999999999998,7,0.0,0.0,False
2026-08-20,20,counter,55.49955529202491,55.49955529202491,0.0,168.64999999999998,5,0.0,0.0,False
2026-08-20,21,drive_thru,54.84443011446074,54.84443011446074,0.0,206.76666666666668,6,0.0,0.0,False
2026-08-20,21,counter,57.103102824544315,57.103102824544315,0.0,119.78333333333333,5,0.0,0.0,False
2026-08-20,22,drive_thru,51.45118733509235,50.92724679029958,11.4,140.2,4,-0.5239405447927723,-1.018325469110055,False
2026-08-20,22,counter,28.729879615852838,26.564181398923907,14.8,108.41666666666666,3,-2.1656982169289307,-7.538138850167411,False
2026-08-20,23,drive_thru,54.27709887319473,54.27709887319473,0.0,105.01666666666667,2,0.0,0.0,False
2026-08-20,23,counter,14.712354605469978,14.712354605469978,0.0,53.016666666666666,2,0.0,0.0,False
2026-08-20,24,drive_thru,34.20752565564425,34.20752565564425,0.0,43.849999999999994,2,0.0,0.0,False
2026-08-20,24,counter,5.172413793103448,5.172413793103448,0.0,11.6,1,0.0,0.0,False
2026-08-20,25,drive_thru,,,0.0,0.0,0,,,False
2026-08-20,25,counter,,,0.0,0.0,0,,,False
2026-08-21,10,drive_thru,32.848935451165936,32.848935451165936,0.0,49.31666666666666,2,0.0,0.0,False
2026-08-21,10,counter,,,0.0,0.0,0,,,False
2026-08-21,11,drive_thru,47.80023781212842,47.80023781212842,0.0,168.2,5,0.0,0.0,False
2026-08-21,11,counter,45.45454545454545,45.45454545454545,0.0,33.0,3,0.0,0.0,False
2026-08-21,12,drive_thru,65.16956920256645,65.16956920256645,0.0,72.73333333333333,2,0.0,0.0,False
2026-08-21,12,counter,38.64380154470481,38.64380154470481,0.0,127.31666666666666,3,0.0,0.0,False
2026-08-21,13,drive_thru,50.607702445453214,50.45207956600362,3.216666666666667,110.6,3,-0.15562287944959508,-0.30750828812537173,False
2026-08-21,13,counter,54.08286891204265,54.08286891204265,0.0,68.78333333333333,2,0.0,0.0,False
2026-08-21,14,drive_thru,44.47722662732805,43.036461446503296,34.61666666666667,55.76666666666666,2,-1.440765180824755,-3.2393323281976145,False
2026-08-21,14,counter,70.64150943396226,62.827225130890035,12.533333333333333,9.550000000000002,1,-7.81428430307222,-11.061887501678092,False
2026-08-21,15,drive_thru,46.90140845070423,46.90140845070423,0.0,47.33333333333333,2,0.0,0.0,False
2026-08-21,15,counter,,,0.0,0.0,0,,,False
2026-08-21,16,drive_thru,57.4938574938575,57.4938574938575,0.0,13.566666666666666,2,0.0,0.0,False
2026-08-21,16,counter,67.28971962616824,67.28971962616824,0.0,10.7,1,0.0,0.0,False
2026-08-21,17,drive_thru,46.86390532544379,46.86390532544379,0.0,56.333333333333336,3,0.0,0.0,False
2026-08-21,17,counter,31.874525676701243,31.874525676701243,0.0,65.88333333333333,3,0.0,0.0,False
2026-08-21,18,drive_thru,63.60902255639098,63.60902255639098,0.0,88.66666666666666,3,0.0,0.0,False
2026-08-21,18,counter,47.8462770216173,47.8462770216173,0.0,104.08333333333333,4,0.0,0.0,False
2026-08-21,19,drive_thru,53.57313385325482,53.05074923420813,8.116666666666667,201.31666666666666,7,-0.522384619046683,-0.9750869166578459,False
2026-08-21,19,counter,48.895925339555035,46.39439022079029,24.133333333333333,175.88333333333335,7,-2.5015351187647425,-5.116040040950184,False
2026-08-21,20,drive_thru,52.62096774193549,51.40631761142363,5.816666666666666,192.58333333333331,6,-1.2146501305118562,-2.3083006311642937,False
2026-08-21,20,counter,55.49955529202491,55.49955529202491,0.0,168.64999999999998,5,0.0,0.0,False
2026-08-21,21,drive_thru,54.84443011446074,54.84443011446074,0.0,206.76666666666668,6,0.0,0.0,False
2026-08-21,21,counter,57.103102824544315,57.103102824544315,0.0,119.78333333333333,5,0.0,0.0,False
2026-08-21,22,drive_thru,51.45118733509235,51.45118733509235,0.0,151.6,5,0.0,0.0,False
2026-08-21,22,counter,28.729879615852838,28.729879615852838,0.0,123.21666666666665,4,0.0,0.0,False
2026-08-21,23,drive_thru,54.27709887319473,46.37134778510839,51.96666666666667,53.05,1,-7.90575108808634,-14.565537311705274,False
2026-08-21,23,counter,14.712354605469978,14.712354605469978,0.0,53.016666666666666,2,0.0,0.0,False
2026-08-21,24,drive_thru,34.20752565564425,27.95031055900622,22.383333333333333,21.46666666666666,1,-6.257215096638028,-18.2919254658385,False
2026-08-21,24,counter,5.172413793103448,5.172413793103448,0.0,11.6,1,0.0,0.0,False
2026-08-21,25,drive_thru,,,0.0,0.0,0,,,False
2026-08-21,25,counter,,,0.0,0.0,0,,,False
2026-08-22,10,drive_thru,32.848935451165936,34.06113537117905,26.416666666666668,22.899999999999995,1,1.2121999200131128,3.6902258881880665,False
2026-08-22,10,counter,,,0.0,0.0,0,,,False
2026-08-22,11,drive_thru,47.80023781212842,51.375055745503204,56.083333333333336,112.11666666666665,4,3.5748179333747814,7.478661397930823,False
2026-08-22,11,counter,45.45454545454545,45.45454545454545,0.0,33.0,3,0.0,0.0,False
2026-08-22,12,drive_thru,65.16956920256645,65.16956920256645,0.0,72.73333333333333,2,0.0,0.0,False
2026-08-22,12,counter,38.64380154470481,38.61429192636614,12.333333333333334,114.98333333333333,2,-0.029509618338664723,-0.07636313498951891,False
2026-08-22,13,drive_thru,50.607702445453214,50.607702445453214,0.0,113.81666666666666,4,0.0,0.0,False
2026-08-22,13,counter,54.08286891204265,54.08286891204265,0.0,68.78333333333333,2,0.0,0.0,False
2026-08-22,14,drive_thru,44.47722662732805,44.47722662732805,0.0,90.38333333333333,3,0.0,0.0,False
2026-08-22,14,counter,70.64150943396226,70.64150943396226,0.0,22.083333333333336,2,0.0,0.0,False
2026-08-22,15,drive_thru,46.90140845070423,46.90140845070423,0.0,47.33333333333333,2,0.0,0.0,False
2026-08-22,15,counter,,,0.0,0.0,0,,,False
2026-08-22,16,drive_thru,57.4938574938575,60.55045871559633,2.6666666666666665,10.9,1,3.0566012217388305,5.316396142084205,False
2026-08-22,16,counter,67.28971962616824,67.28971962616824,0.0,10.7,1,0.0,0.0,False
2026-08-22,17,drive_thru,46.86390532544379,49.209739427595046,17.316666666666666,39.016666666666666,2,2.345834102151258,5.005630849287407,False
2026-08-22,17,counter,31.874525676701243,32.15652913653765,26.7,39.18333333333332,2,0.28200345983640673,0.8847299021692981,False
2026-08-22,18,drive_thru,63.60902255639098,63.60902255639098,0.0,88.66666666666666,3,0.0,0.0,False
2026-08-22,18,counter,47.8462770216173,47.8462770216173,0.0,104.08333333333333,4,0.0,0.0,False
2026-08-22,19,drive_thru,53.57313385325482,53.57313385325482,0.0,209.43333333333334,8,0.0,0.0,False
2026-08-22,19,counter,48.895925339555035,48.895925339555035,0.0,200.01666666666668,8,0.0,0.0,False
2026-08-22,20,drive_thru,52.62096774193549,52.5501231093915,8.866666666666667,189.5333333333333,6,-0.07084463254398798,-0.13463194537095036,False
2026-08-22,20,counter,55.49955529202491,55.49955529202491,0.0,168.64999999999998,5,0.0,0.0,False
2026-08-22,21,drive_thru,54.84443011446074,52.60886622204786,36.833333333333336,169.93333333333334,5,-2.235563892412884,-4.076191306477696,False
2026-08-22,21,counter,57.103102824544315,57.103102824544315,0.0,119.78333333333333,5,0.0,0.0,False
2026-08-22,22,drive_thru,51.45118733509235,51.45118733509235,0.0,151.6,5,0.0,0.0,False
2026-08-22,22,counter,28.729879615852838,28.729879615852838,0.0,123.21666666666665,4,0.0,0.0,False
2026-08-22,23,drive_thru,54.27709887319473,54.27709887319473,0.0,105.01666666666667,2,0.0,0.0,False
2026-08-22,23,counter,14.712354605469978,14.712354605469978,0.0,53.016666666666666,2,0.0,0.0,False
2026-08-22,24,drive_thru,34.20752565564425,34.20752565564425,0.0,43.849999999999994,2,0.0,0.0,False
2026-08-22,24,counter,5.172413793103448,5.172413793103448,0.0,11.6,1,0.0,0.0,False
2026-08-22,25,drive_thru,,,0.0,0.0,0,,,False
2026-08-22,25,counter,,,0.0,0.0,0,,,False
2026-08-23,10,drive_thru,32.848935451165936,32.848935451165936,0.0,49.31666666666666,2,0.0,0.0,False
2026-08-23,10,counter,,,0.0,0.0,0,,,False
2026-08-23,11,drive_thru,47.80023781212842,47.80023781212842,0.0,168.2,5,0.0,0.0,False
2026-08-23,11,counter,45.45454545454545,45.45454545454545,0.0,33.0,3,0.0,0.0,False
2026-08-23,12,drive_thru,65.16956920256645,67.0,12.733333333333333,60.0,1,1.83043079743355,2.8087201125175856,False
2026-08-23,12,counter,38.64380154470481,38.64380154470481,0.0,127.31666666666666,3,0.0,0.0,False
2026-08-23,13,drive_thru,50.607702445453214,54.916686223891105,42.8,71.01666666666667,3,4.3089837784378915,8.514482124696864,False
2026-08-23,13,counter,54.08286891204265,54.011022657685245,14.35,54.43333333333333,1,-0.07184625435740344,-0.13284475436066487,False
2026-08-23,14,drive_thru,44.47722662732805,46.689419795221845,41.55,48.83333333333333,2,2.212193167893794,4.973765982374811,False
2026-08-23,14,counter,70.64150943396226,76.59574468085106,9.55,12.533333333333335,1,5.9542352468888,8.428805237315878,False
2026-08-23,15,drive_thru,46.90140845070423,48.8135593220339,12.916666666666666,34.416666666666664,1,1.912150871329672,4.076958314246448,False
2026-08-23,15,counter,,,0.0,0.0,0,,,False
2026-08-23,16,drive_thru,57.4938574938575,57.4938574938575,0.0,13.566666666666666,2,0.0,0.0,False
2026-08-23,16,counter,67.28971962616824,67.28971962616824,0.0,10.7,1,0.0,0.0,False
2026-08-23,17,drive_thru,46.86390532544379,46.86390532544379,0.0,56.333333333333336,3,0.0,0.0,False
2026-08-23,17,counter,31.874525676701243,31.874525676701243,0.0,65.88333333333333,3,0.0,0.0,False
2026-08-23,18,drive_thru,63.60902255639098,63.60902255639098,0.0,88.66666666666666,3,0.0,0.0,False
2026-08-23,18,counter,47.8462770216173,47.8462770216173,0.0,104.08333333333333,4,0.0,0.0,False
2026-08-23,19,drive_thru,53.57313385325482,55.50510783200908,33.233333333333334,176.2,7,1.9319739787542645,3.60623663354517,False
2026-08-23,19,counter,48.895925339555035,48.71134020618556,18.95,181.0666666666667,7,-0.1845851333694739,-0.37750616659288627,False
2026-08-23,20,drive_thru,52.62096774193549,52.62096774193549,0.0,198.39999999999998,7,0.0,0.0,False
2026-08-23,20,counter,55.49955529202491,57.92778649921508,41.25,127.39999999999998,4,2.428231207190173,4.375226421929729,False
2026-08-23,21,drive_thru,54.84443011446074,54.84443011446074,0.0,206.76666666666668,6,0.0,0.0,False
2026-08-23,21,counter,57.103102824544315,52.22910684600272,9.5,110.28333333333333,4,-4.873995978541593,-8.535431066710144,False
2026-08-23,22,drive_thru,51.45118733509235,51.45118733509235,0.0,151.6,5,0.0,0.0,False
2026-08-23,22,counter,28.729879615852838,28.729879615852838,0.0,123.21666666666665,4,0.0,0.0,False
2026-08-23,23,drive_thru,54.27709887319473,54.27709887319473,0.0,105.01666666666667,2,0.0,0.0,False
2026-08-23,23,counter,14.712354605469978,14.712354605469978,0.0,53.016666666666666,2,0.0,0.0,False
2026-08-23,24,drive_thru,34.20752565564425,34.20752565564425,0.0,43.849999999999994,2,0.0,0.0,False
2026-08-23,24,counter,5.172413793103448,5.172413793103448,0.0,11.6,1,0.0,0.0,False
2026-08-23,25,drive_thru,,,0.0,0.0,0,,,False
2026-08-23,25,counter,,,0.0,0.0,0,,,False
2026-08-24,10,drive_thru,32.848935451165936,31.798107255520506,22.9,26.416666666666664,1,-1.0508281956454297,-3.1989718425049656,False
2026-08-24,10,counter,,,0.0,0.0,0,,,False
2026-08-24,11,drive_thru,47.80023781212842,46.509200052198885,40.483333333333334,127.71666666666665,4,-1.2910377599295373,-2.700902378360052,False
2026-08-24,11,counter,45.45454545454545,43.81338742393509,16.566666666666666,16.433333333333334,2,-1.641158030610363,-3.6105476673427983,False
2026-08-24,12,drive_thru,65.16956920256645,65.16956920256645,0.0,72.73333333333333,2,0.0,0.0,False
2026-08-24,12,counter,38.64380154470481,37.32718894009217,54.983333333333334,72.33333333333333,2,-1.3166126046126365,-3.4070473193211144,False
2026-08-24,13,drive_thru,50.607702445453214,52.96803652968037,15.266666666666667,98.55,3,2.360334084227155,4.663981904278716,False
2026-08-24,13,counter,54.08286891204265,54.08286891204265,0.0,68.78333333333333,2,0.0,0.0,False
2026-08-24,14,drive_thru,44.47722662732805,44.47722662732805,0.0,90.38333333333333,3,0.0,0.0,False
2026-08-24,14,counter,70.64150943396226,70.64150943396226,0.0,22.083333333333336,2,0.0,0.0,False
2026-08-24,15,drive_thru,46.90140845070423,46.90140845070423,0.0,47.33333333333333,2,0.0,0.0,False
2026-08-24,15,counter,,,0.0,0.0,0,,,False
2026-08-24,16,drive_thru,57.4938574938575,57.4938574938575,0.0,13.566666666666666,2,0.0,0.0,False
2026-08-24,16,counter,67.28971962616824,67.28971962616824,0.0,10.7,1,0.0,0.0,False
2026-08-24,17,drive_thru,46.86390532544379,46.86390532544379,0.0,56.333333333333336,3,0.0,0.0,False
2026-08-24,17,counter,31.874525676701243,31.874525676701243,0.0,65.88333333333333,3,0.0,0.0,False
2026-08-24,18,drive_thru,63.60902255639098,63.60902255639098,0.0,88.66666666666666,3,0.0,0.0,False
2026-08-24,18,counter,47.8462770216173,47.8462770216173,0.0,104.08333333333333,4,0.0,0.0,False
2026-08-24,19,drive_thru,53.57313385325482,53.15278570845909,5.116666666666666,204.31666666666666,7,-0.42034814479572447,-0.7846248941626669,False
2026-08-24,19,counter,48.895925339555035,49.539836970812516,9.866666666666667,190.15,7,0.6439116312574811,1.3169024346832023,False
2026-08-24,20,drive_thru,52.62096774193549,53.65684575389949,54.15,144.24999999999997,6,1.0358780119640016,1.9685651108587923,False
2026-08-24,20,counter,55.49955529202491,55.49955529202491,0.0,168.64999999999998,5,0.0,0.0,False
2026-08-24,21,drive_thru,54.84443011446074,55.69825058145414,41.95,164.81666666666666,5,0.8538204669933975,1.556804337671971,False
2026-08-24,21,counter,57.103102824544315,57.103102824544315,0.0,119.78333333333333,5,0.0,0.0,False
2026-08-24,22,drive_thru,51.45118733509235,51.45118733509235,0.0,151.6,5,0.0,0.0,False
2026-08-24,22,counter,28.729879615852838,28.729879615852838,0.0,123.21666666666665,4,0.0,0.0,False
2026-08-24,23,drive_thru,54.27709887319473,54.27709887319473,0.0,105.01666666666667,2,0.0,0.0,False
2026-08-24,23,counter,14.712354605469978,14.712354605469978,0.0,53.016666666666666,2,0.0,0.0,False
2026-08-24,24,drive_thru,34.20752565564425,34.20752565564425,0.0,43.849999999999994,2,0.0,0.0,False
2026-08-24,24,counter,5.172413793103448,5.172413793103448,0.0,11.6,1,0.0,0.0,False
2026-08-24,25,drive_thru,,,0.0,0.0,0,,,False
2026-08-24,25,counter,,,0.0,0.0,0,,,False
2026-08-25,10,drive_thru,32.848935451165936,32.848935451165936,0.0,49.31666666666666,2,0.0,0.0,False
2026-08-25,10,counter,,,0.0,0.0,0,,,False
2026-08-25,11,drive_thru,47.80023781212842,46.06494221243809,47.06666666666667,121.13333333333333,4,-1.7352955996903319,-3.630307461043704,False
2026-08-25,11,counter,45.45454545454545,45.45454545454545,0.0,33.0,3,0.0,0.0,False
2026-08-25,12,drive_thru,65.16956920256645,65.16956920256645,0.0,72.73333333333333,2,0.0,0.0,False
2026-08-25,12,counter,38.64380154470481,38.64380154470481,0.0,127.31666666666666,3,0.0,0.0,False
2026-08-25,13,drive_thru,50.607702445453214,50.607702445453214,0.0,113.81666666666666,4,0.0,0.0,False
2026-08-25,13,counter,54.08286891204265,54.08286891204265,0.0,68.78333333333333,2,0.0,0.0,False
2026-08-25,14,drive_thru,44.47722662732805,44.47722662732805,0.0,90.38333333333333,3,0.0,0.0,False
2026-08-25,14,counter,70.64150943396226,70.64150943396226,0.0,22.083333333333336,2,0.0,0.0,False
2026-08-25,15,drive_thru,46.90140845070423,46.90140845070423,0.0,47.33333333333333,2,0.0,0.0,False
2026-08-25,15,counter,,,0.0,0.0,0,,,False
2026-08-25,16,drive_thru,57.4938574938575,57.4938574938575,0.0,13.566666666666666,2,0.0,0.0,False
2026-08-25,16,counter,67.28971962616824,67.28971962616824,0.0,10.7,1,0.0,0.0,False
2026-08-25,17,drive_thru,46.86390532544379,46.86390532544379,0.0,56.333333333333336,3,0.0,0.0,False
2026-08-25,17,counter,31.874525676701243,31.874525676701243,0.0,65.88333333333333,3,0.0,0.0,False
2026-08-25,18,drive_thru,63.60902255639098,63.60902255639098,0.0,88.66666666666666,3,0.0,0.0,False
2026-08-25,18,counter,47.8462770216173,47.13584288052374,12.433333333333334,91.64999999999999,3,-0.7104341410935575,-1.484826375879942,False
2026-08-25,19,drive_thru,53.57313385325482,56.47573878146661,26.7,182.73333333333335,7,2.902604928211794,5.418023399867707,False
2026-08-25,19,counter,48.895925339555035,48.92854164929542,0.13333333333333333,199.88333333333335,7,0.03261630974038354,0.06670557825397799,False
2026-08-25,20,drive_thru,52.62096774193549,52.62096774193549,0.0,198.39999999999998,7,0.0,0.0,False
2026-08-25,20,counter,55.49955529202491,55.49955529202491,0.0,168.64999999999998,5,0.0,0.0,False
2026-08-25,21,drive_thru,54.84443011446074,54.84443011446074,0.0,206.76666666666668,6,0.0,0.0,False
2026-08-25,21,counter,57.103102824544315,57.103102824544315,0.0,119.78333333333333,5,0.0,0.0,False
2026-08-25,22,drive_thru,51.45118733509235,51.45118733509235,0.0,151.6,5,0.0,0.0,False
2026-08-25,22,counter,28.729879615852838,28.729879615852838,0.0,123.21666666666665,4,0.0,0.0,False
2026-08-25,23,drive_thru,54.27709887319473,54.27709887319473,0.0,105.01666666666667,2,0.0,0.0,False
2026-08-25,23,counter,14.712354605469978,14.712354605469978,0.0,53.016666666666666,2,0.0,0.0,False
2026-08-25,24,drive_thru,34.20752565564425,34.20752565564425,0.0,43.849999999999994,2,0.0,0.0,False
2026-08-25,24,counter,5.172413793103448,5.172413793103448,0.0,11.6,1,0.0,0.0,False
2026-08-25,25,drive_thru,,,0.0,0.0,0,,,False
2026-08-25,25,counter,,,0.0,0.0,0,,,False
2026-08-28,10,drive_thru,32.848935451165936,32.848935451165936,0.0,49.31666666666666,2,0.0,0.0,False
2026-08-28,10,counter,,,0.0,0.0,0,,,False
2026-08-28,11,drive_thru,47.80023781212842,47.80023781212842,0.0,168.2,5,0.0,0.0,False
2026-08-28,11,counter,45.45454545454545,45.45454545454545,0.0,33.0,3,0.0,0.0,False
2026-08-28,12,drive_thru,65.16956920256645,65.16956920256645,0.0,72.73333333333333,2,0.0,0.0,False
2026-08-28,12,counter,38.64380154470481,38.64380154470481,0.0,127.31666666666666,3,0.0,0.0,False
2026-08-28,13,drive_thru,50.607702445453214,50.607702445453214,0.0,113.81666666666666,4,0.0,0.0,False
2026-08-28,13,counter,54.08286891204265,54.08286891204265,0.0,68.78333333333333,2,0.0,0.0,False
2026-08-28,14,drive_thru,44.47722662732805,44.47722662732805,0.0,90.38333333333333,3,0.0,0.0,False
2026-08-28,14,counter,70.64150943396226,70.64150943396226,0.0,22.083333333333336,2,0.0,0.0,False
2026-08-28,15,drive_thru,46.90140845070423,46.90140845070423,0.0,47.33333333333333,2,0.0,0.0,False
2026-08-28,15,counter,,,0.0,0.0,0,,,False
2026-08-28,16,drive_thru,57.4938574938575,57.4938574938575,0.0,13.566666666666666,2,0.0,0.0,False
2026-08-28,16,counter,67.28971962616824,67.28971962616824,0.0,10.7,1,0.0,0.0,False
2026-08-28,17,drive_thru,46.86390532544379,46.86390532544379,0.0,56.333333333333336,3,0.0,0.0,False
2026-08-28,17,counter,31.874525676701243,31.874525676701243,0.0,65.88333333333333,3,0.0,0.0,False
2026-08-28,18,drive_thru,63.60902255639098,63.60902255639098,0.0,88.66666666666666,3,0.0,0.0,False
2026-08-28,18,counter,47.8462770216173,47.8462770216173,0.0,104.08333333333333,4,0.0,0.0,False
2026-08-28,19,drive_thru,53.57313385325482,53.57313385325482,0.0,209.43333333333334,8,0.0,0.0,False
2026-08-28,19,counter,48.895925339555035,48.895925339555035,0.0,200.01666666666668,8,0.0,0.0,False
2026-08-28,20,drive_thru,52.62096774193549,52.62096774193549,0.0,198.39999999999998,7,0.0,0.0,False
2026-08-28,20,counter,55.49955529202491,55.49955529202491,0.0,168.64999999999998,5,0.0,0.0,False
2026-08-28,21,drive_thru,54.84443011446074,54.84443011446074,0.0,206.76666666666668,6,0.0,0.0,False
2026-08-28,21,counter,57.103102824544315,57.103102824544315,0.0,119.78333333333333,5,0.0,0.0,False
2026-08-28,22,drive_thru,51.45118733509235,52.16678058783322,29.683333333333334,121.91666666666666,4,0.7155932527408737,1.3908197066091854,False
2026-08-28,22,counter,28.729879615852838,28.729879615852838,0.0,123.21666666666665,4,0.0,0.0,False
2026-08-28,23,drive_thru,54.27709887319473,54.27709887319473,0.0,105.01666666666667,2,0.0,0.0,False
2026-08-28,23,counter,14.712354605469978,14.712354605469978,0.0,53.016666666666666,2,0.0,0.0,False
2026-08-28,24,drive_thru,34.20752565564425,34.20752565564425,0.0,43.849999999999994,2,0.0,0.0,False
2026-08-28,24,counter,5.172413793103448,5.172413793103448,0.0,11.6,1,0.0,0.0,False
2026-08-28,25,drive_thru,,,0.0,0.0,0,,,False
2026-08-28,25,counter,,,0.0,0.0,0,,,False
2026-08-29,10,drive_thru,32.848935451165936,32.848935451165936,0.0,49.31666666666666,2,0.0,0.0,False
2026-08-29,10,counter,,,0.0,0.0,0,,,False
2026-08-29,11,drive_thru,47.80023781212842,47.80023781212842,0.0,168.2,5,0.0,0.0,False
2026-08-29,11,counter,45.45454545454545,45.45454545454545,0.0,33.0,3,0.0,0.0,False
2026-08-29,12,drive_thru,65.16956920256645,65.16956920256645,0.0,72.73333333333333,2,0.0,0.0,False
2026-08-29,12,counter,38.64380154470481,38.64380154470481,0.0,127.31666666666666,3,0.0,0.0,False
2026-08-29,13,drive_thru,50.607702445453214,50.607702445453214,0.0,113.81666666666666,4,0.0,0.0,False
2026-08-29,13,counter,54.08286891204265,54.08286891204265,0.0,68.78333333333333,2,0.0,0.0,False
2026-08-29,14,drive_thru,44.47722662732805,44.11378555798688,14.216666666666667,76.16666666666666,2,-0.36344106934117093,-0.817139684509606,False
2026-08-29,14,counter,70.64150943396226,70.64150943396226,0.0,22.083333333333336,2,0.0,0.0,False
2026-08-29,15,drive_thru,46.90140845070423,41.80645161290323,34.416666666666664,12.916666666666664,1,-5.094956837801,-10.86312118570183,False
2026-08-29,15,counter,,,0.0,0.0,0,,,False
2026-08-29,16,drive_thru,57.4938574938575,57.4938574938575,0.0,13.566666666666666,2,0.0,0.0,False
2026-08-29,16,counter,67.28971962616824,67.28971962616824,0.0,10.7,1,0.0,0.0,False
2026-08-29,17,drive_thru,46.86390532544379,46.86390532544379,0.0,56.333333333333336,3,0.0,0.0,False
2026-08-29,17,counter,31.874525676701243,31.874525676701243,0.0,65.88333333333333,3,0.0,0.0,False
2026-08-29,18,drive_thru,63.60902255639098,63.60902255639098,0.0,88.66666666666666,3,0.0,0.0,False
2026-08-29,18,counter,47.8462770216173,47.8462770216173,0.0,104.08333333333333,4,0.0,0.0,False
2026-08-29,19,drive_thru,53.57313385325482,53.57313385325482,0.0,209.43333333333334,8,0.0,0.0,False
2026-08-29,19,counter,48.895925339555035,48.895925339555035,0.0,200.01666666666668,8,0.0,0.0,False
2026-08-29,20,drive_thru,52.62096774193549,52.62096774193549,0.0,198.39999999999998,7,0.0,0.0,False
2026-08-29,20,counter,55.49955529202491,55.49955529202491,0.0,168.64999999999998,5,0.0,0.0,False
2026-08-29,21,drive_thru,54.84443011446074,55.004351610095725,34.416666666666664,172.35000000000002,5,0.1599214956349826,0.2915911338694289,False
2026-08-29,21,counter,57.103102824544315,58.001549186676996,12.2,107.58333333333333,4,0.898446362132681,1.5733757321266029,False
2026-08-29,22,drive_thru,51.45118733509235,51.45118733509235,0.0,151.6,5,0.0,0.0,False
2026-08-29,22,counter,28.729879615852838,28.729879615852838,0.0,123.21666666666665,4,0.0,0.0,False
2026-08-29,23,drive_thru,54.27709887319473,54.27709887319473,0.0,105.01666666666667,2,0.0,0.0,False
2026-08-29,23,counter,14.712354605469978,14.712354605469978,0.0,53.016666666666666,2,0.0,0.0,False
2026-08-29,24,drive_thru,34.20752565564425,34.20752565564425,0.0,43.849999999999994,2,0.0,0.0,False
2026-08-29,24,counter,5.172413793103448,5.172413793103448,0.0,11.6,1,0.0,0.0,False
2026-08-29,25,drive_thru,,,0.0,0.0,0,,,False
2026-08-29,25,counter,,,0.0,0.0,0,,,False
2026-08-30,10,drive_thru,32.848935451165936,32.848935451165936,0.0,49.31666666666666,2,0.0,0.0,False
2026-08-30,10,counter,,,0.0,0.0,0,,,False
2026-08-30,11,drive_thru,47.80023781212842,47.60393525864805,10.65,157.54999999999998,4,-0.19630255348037196,-0.41067275491789257,False
2026-08-30,11,counter,45.45454545454545,47.808764940239044,7.9,25.1,2,2.3542194856935907,5.1792828685259,False
2026-08-30,12,drive_thru,65.16956920256645,56.544502617801044,60.0,12.733333333333334,1,-8.625066584765406,-13.234806812910069,False
2026-08-30,12,counter,38.64380154470481,40.10893785590493,60.0,67.31666666666666,2,1.4651363112001192,3.7913876291523407,False
2026-08-30,13,drive_thru,50.607702445453214,42.09953766657601,52.53333333333333,61.28333333333333,3,-8.508164778877202,-16.81199573928021,False
2026-08-30,13,counter,54.08286891204265,54.35540069686411,54.43333333333333,14.350000000000001,1,0.2725317848214601,0.5039151774006119,False
2026-08-30,14,drive_thru,44.47722662732805,44.47722662732805,0.0,90.38333333333333,3,0.0,0.0,False
2026-08-30,14,counter,70.64150943396226,70.64150943396226,0.0,22.083333333333336,2,0.0,0.0,False
2026-08-30,15,drive_thru,46.90140845070423,46.90140845070423,0.0,47.33333333333333,2,0.0,0.0,False
2026-08-30,15,counter,,,0.0,0.0,0,,,False
2026-08-30,16,drive_thru,57.4938574938575,57.4938574938575,0.0,13.566666666666666,2,0.0,0.0,False
2026-08-30,16,counter,67.28971962616824,67.28971962616824,0.0,10.7,1,0.0,0.0,False
2026-08-30,17,drive_thru,46.86390532544379,46.86390532544379,0.0,56.333333333333336,3,0.0,0.0,False
2026-08-30,17,counter,31.874525676701243,31.874525676701243,0.0,65.88333333333333,3,0.0,0.0,False
2026-08-30,18,drive_thru,63.60902255639098,63.60902255639098,0.0,88.66666666666666,3,0.0,0.0,False
2026-08-30,18,counter,47.8462770216173,47.8462770216173,0.0,104.08333333333333,4,0.0,0.0,False
2026-08-30,19,drive_thru,53.57313385325482,52.73991655076495,29.683333333333334,179.75,7,-0.8332173024898637,-1.555289456786635,False
2026-08-30,19,counter,48.895925339555035,49.9550763701707,33.06666666666667,166.95000000000002,7,1.0591510306156664,2.1661335239295525,False
2026-08-30,20,drive_thru,52.62096774193549,52.3079964416329,29.783333333333335,168.61666666666665,6,-0.3129713003025856,-0.5947653829505074,False
2026-08-30,20,counter,55.49955529202491,50.60675237294246,29.933333333333334,138.71666666666664,4,-4.892802919082449,-8.815931755376655,False
2026-08-30,21,drive_thru,54.84443011446074,54.84443011446074,0.0,206.76666666666668,6,0.0,0.0,False
2026-08-30,21,counter,57.103102824544315,57.103102824544315,0.0,119.78333333333333,5,0.0,0.0,False
2026-08-30,22,drive_thru,51.45118733509235,51.45118733509235,0.0,151.6,5,0.0,0.0,False
2026-08-30,22,counter,28.729879615852838,28.729879615852838,0.0,123.21666666666665,4,0.0,0.0,False
2026-08-30,23,drive_thru,54.27709887319473,54.27709887319473,0.0,105.01666666666667,2,0.0,0.0,False
2026-08-30,23,counter,14.712354605469978,14.712354605469978,0.0,53.016666666666666,2,0.0,0.0,False
2026-08-30,24,drive_thru,34.20752565564425,34.20752565564425,0.0,43.849999999999994,2,0.0,0.0,False
2026-08-30,24,counter,5.172413793103448,5.172413793103448,0.0,11.6,1,0.0,0.0,False
2026-08-30,25,drive_thru,,,0.0,0.0,0,,,False
2026-08-30,25,counter,,,0.0,0.0,0,,,False
2026-08-31,10,drive_thru,32.848935451165936,32.848935451165936,0.0,49.31666666666666,2,0.0,0.0,False
2026-08-31,10,counter,,,0.0,0.0,0,,,False
2026-08-31,11,drive_thru,47.80023781212842,47.80023781212842,0.0,168.2,5,0.0,0.0,False
2026-08-31,11,counter,45.45454545454545,45.45454545454545,0.0,33.0,3,0.0,0.0,False
2026-08-31,12,drive_thru,65.16956920256645,65.16956920256645,0.0,72.73333333333333,2,0.0,0.0,False
2026-08-31,12,counter,38.64380154470481,38.64380154470481,0.0,127.31666666666666,3,0.0,0.0,False
2026-08-31,13,drive_thru,50.607702445453214,50.607702445453214,0.0,113.81666666666666,4,0.0,0.0,False
2026-08-31,13,counter,54.08286891204265,54.08286891204265,0.0,68.78333333333333,2,0.0,0.0,False
2026-08-31,14,drive_thru,44.47722662732805,44.47722662732805,0.0,90.38333333333333,3,0.0,0.0,False
2026-08-31,14,counter,70.64150943396226,70.64150943396226,0.0,22.083333333333336,2,0.0,0.0,False
2026-08-31,15,drive_thru,46.90140845070423,46.90140845070423,0.0,47.33333333333333,2,0.0,0.0,False
2026-08-31,15,counter,,,0.0,0.0,0,,,False
2026-08-31,16,drive_thru,57.4938574938575,57.4938574938575,0.0,13.566666666666666,2,0.0,0.0,False
2026-08-31,16,counter,67.28971962616824,67.28971962616824,0.0,10.7,1,0.0,0.0,False
2026-08-31,17,drive_thru,46.86390532544379,46.86390532544379,0.0,56.333333333333336,3,0.0,0.0,False
2026-08-31,17,counter,31.874525676701243,31.874525676701243,0.0,65.88333333333333,3,0.0,0.0,False
2026-08-31,18,drive_thru,63.60902255639098,63.60902255639098,0.0,88.66666666666666,3,0.0,0.0,False
2026-08-31,18,counter,47.8462770216173,47.8462770216173,0.0,104.08333333333333,4,0.0,0.0,False
2026-08-31,19,drive_thru,53.57313385325482,53.57313385325482,0.0,209.43333333333334,8,0.0,0.0,False
2026-08-31,19,counter,48.895925339555035,48.895925339555035,0.0,200.01666666666668,8,0.0,0.0,False
2026-08-31,20,drive_thru,52.62096774193549,52.62096774193549,0.0,198.39999999999998,7,0.0,0.0,False
2026-08-31,20,counter,55.49955529202491,55.49955529202491,0.0,168.64999999999998,5,0.0,0.0,False
2026-08-31,21,drive_thru,54.84443011446074,56.18017378967902,18.8,187.96666666666667,5,1.335743675218275,2.4355138205111584,False
2026-08-31,21,counter,57.103102824544315,60.95369730476848,23.316666666666666,96.46666666666667,4,3.850594480224167,6.743231610470539,False
2026-08-31,22,drive_thru,51.45118733509235,48.679245283018865,45.6,106.0,4,-2.7719420520734843,-5.38751814223513,False
2026-08-31,22,counter,28.729879615852838,29.797429753866265,46.7,76.51666666666665,3,1.0675501380134271,3.7158183476145323,False
2026-08-31,23,drive_thru,54.27709887319473,54.27709887319473,0.0,105.01666666666667,2,0.0,0.0,False
2026-08-31,23,counter,14.712354605469978,14.712354605469978,0.0,53.016666666666666,2,0.0,0.0,False
2026-08-31,24,drive_thru,34.20752565564425,34.20752565564425,0.0,43.849999999999994,2,0.0,0.0,False
2026-08-31,24,counter,5.172413793103448,5.172413793103448,0.0,11.6,1,0.0,0.0,False
2026-08-31,25,drive_thru,,,0.0,0.0,0,,,False
2026-08-31,25,counter,,,0.0,0.0,0,,,False
2026-09-01,10,drive_thru,32.848935451165936,32.848935451165936,0.0,49.31666666666666,2,0.0,0.0,False
2026-09-01,10,counter,,,0.0,0.0,0,,,False
2026-09-01,11,drive_thru,47.80023781212842,47.80023781212842,0.0,168.2,5,0.0,0.0,False
2026-09-01,11,counter,45.45454545454545,45.45454545454545,0.0,33.0,3,0.0,0.0,False
2026-09-01,12,drive_thru,65.16956920256645,65.16956920256645,0.0,72.73333333333333,2,0.0,0.0,False
2026-09-01,12,counter,38.64380154470481,38.64380154470481,0.0,127.31666666666666,3,0.0,0.0,False
2026-09-01,13,drive_thru,50.607702445453214,50.607702445453214,0.0,113.81666666666666,4,0.0,0.0,False
2026-09-01,13,counter,54.08286891204265,54.08286891204265,0.0,68.78333333333333,2,0.0,0.0,False
2026-09-01,14,drive_thru,44.47722662732805,44.47722662732805,0.0,90.38333333333333,3,0.0,0.0,False
2026-09-01,14,counter,70.64150943396226,70.64150943396226,0.0,22.083333333333336,2,0.0,0.0,False
2026-09-01,15,drive_thru,46.90140845070423,46.90140845070423,0.0,47.33333333333333,2,0.0,0.0,False
2026-09-01,15,counter,,,0.0,0.0,0,,,False
2026-09-01,16,drive_thru,57.4938574938575,57.4938574938575,0.0,13.566666666666666,2,0.0,0.0,False
2026-09-01,16,counter,67.28971962616824,67.28971962616824,0.0,10.7,1,0.0,0.0,False
2026-09-01,17,drive_thru,46.86390532544379,46.86390532544379,0.0,56.333333333333336,3,0.0,0.0,False
2026-09-01,17,counter,31.874525676701243,31.874525676701243,0.0,65.88333333333333,3,0.0,0.0,False
2026-09-01,18,drive_thru,63.60902255639098,63.60902255639098,0.0,88.66666666666666,3,0.0,0.0,False
2026-09-01,18,counter,47.8462770216173,47.8462770216173,0.0,104.08333333333333,4,0.0,0.0,False
2026-09-01,19,drive_thru,53.57313385325482,53.57313385325482,0.0,209.43333333333334,8,0.0,0.0,False
2026-09-01,19,counter,48.895925339555035,48.895925339555035,0.0,200.01666666666668,8,0.0,0.0,False
2026-09-01,20,drive_thru,52.62096774193549,52.62096774193549,0.0,198.39999999999998,7,0.0,0.0,False
2026-09-01,20,counter,55.49955529202491,55.49955529202491,0.0,168.64999999999998,5,0.0,0.0,False
2026-09-01,21,drive_thru,54.84443011446074,54.84443011446074,0.0,206.76666666666668,6,0.0,0.0,False
2026-09-01,21,counter,57.103102824544315,57.103102824544315,0.0,119.78333333333333,5,0.0,0.0,False
2026-09-01,22,drive_thru,51.45118733509235,52.65892002734108,29.683333333333334,121.91666666666666,4,1.207732692248733,2.3473368736526656,False
2026-09-01,22,counter,28.729879615852838,32.605221097496006,29.366666666666667,93.85,3,3.8753414816431686,13.48888868822408,False
2026-09-01,23,drive_thru,54.27709887319473,62.34765875561257,53.05,51.96666666666667,1,8.07055988241784,14.869180648863978,False
2026-09-01,23,counter,14.712354605469978,11.093990755007708,42.2,10.816666666666663,1,-3.61836385046227,-24.594050017778805,False
2026-09-01,24,drive_thru,34.20752565564425,34.20752565564425,0.0,43.849999999999994,2,0.0,0.0,False
2026-09-01,24,counter,5.172413793103448,5.172413793103448,0.0,11.6,1,0.0,0.0,False
2026-09-01,25,drive_thru,,,0.0,0.0,0,,,False
2026-09-01,25,counter,,,0.0,0.0,0,,,False
2026-09-02,10,drive_thru,32.848935451165936,32.848935451165936,0.0,49.31666666666666,2,0.0,0.0,False
2026-09-02,10,counter,,,0.0,0.0,0,,,False
2026-09-02,11,drive_thru,47.80023781212842,47.80023781212842,0.0,168.2,5,0.0,0.0,False
2026-09-02,11,counter,45.45454545454545,45.45454545454545,0.0,33.0,3,0.0,0.0,False
2026-09-02,12,drive_thru,65.16956920256645,65.16956920256645,0.0,72.73333333333333,2,0.0,0.0,False
2026-09-02,12,counter,38.64380154470481,38.64380154470481,0.0,127.31666666666666,3,0.0,0.0,False
2026-09-02,13,drive_thru,50.607702445453214,50.607702445453214,0.0,113.81666666666666,4,0.0,0.0,False
2026-09-02,13,counter,54.08286891204265,54.08286891204265,0.0,68.78333333333333,2,0.0,0.0,False
2026-09-02,14,drive_thru,44.47722662732805,44.47722662732805,0.0,90.38333333333333,3,0.0,0.0,False
2026-09-02,14,counter,70.64150943396226,70.64150943396226,0.0,22.083333333333336,2,0.0,0.0,False
2026-09-02,15,drive_thru,46.90140845070423,46.90140845070423,0.0,47.33333333333333,2,0.0,0.0,False
2026-09-02,15,counter,,,0.0,0.0,0,,,False
2026-09-02,16,drive_thru,57.4938574938575,45.00000000000001,10.9,2.666666666666666,1,-12.49385749385749,-21.730769230769223,False
2026-09-02,16,counter,67.28971962616824,,10.7,0.0,0,,,True
2026-09-02,17,drive_thru,46.86390532544379,36.02251407129456,29.683333333333334,26.650000000000002,2,-10.84139125414923,-23.13377679231338,False
2026-09-02,17,counter,31.874525676701243,32.95194508009154,29.466666666666665,36.41666666666666,2,1.077419403390298,3.3801896044459108,False
2026-09-02,18,drive_thru,63.60902255639098,63.60902255639098,0.0,88.66666666666666,3,0.0,0.0,False
2026-09-02,18,counter,47.8462770216173,47.8462770216173,0.0,104.08333333333333,4,0.0,0.0,False
2026-09-02,19,drive_thru,53.57313385325482,53.57313385325482,0.0,209.43333333333334,8,0.0,0.0,False
2026-09-02,19,counter,48.895925339555035,48.895925339555035,0.0,200.01666666666668,8,0.0,0.0,False
2026-09-02,20,drive_thru,52.62096774193549,52.62096774193549,0.0,198.39999999999998,7,0.0,0.0,False
2026-09-02,20,counter,55.49955529202491,55.49955529202491,0.0,168.64999999999998,5,0.0,0.0,False
2026-09-02,21,drive_thru,54.84443011446074,54.84443011446074,0.0,206.76666666666668,6,0.0,0.0,False
2026-09-02,21,counter,57.103102824544315,57.103102824544315,0.0,119.78333333333333,5,0.0,0.0,False
2026-09-02,22,drive_thru,51.45118733509235,51.45118733509235,0.0,151.6,5,0.0,0.0,False
2026-09-02,22,counter,28.729879615852838,28.729879615852838,0.0,123.21666666666665,4,0.0,0.0,False
2026-09-02,23,drive_thru,54.27709887319473,54.27709887319473,0.0,105.01666666666667,2,0.0,0.0,False
2026-09-02,23,counter,14.712354605469978,14.712354605469978,0.0,53.016666666666666,2,0.0,0.0,False
2026-09-02,24,drive_thru,34.20752565564425,34.20752565564425,0.0,43.849999999999994,2,0.0,0.0,False
2026-09-02,24,counter,5.172413793103448,5.172413793103448,0.0,11.6,1,0.0,0.0,False
2026-09-02,25,drive_thru,,,0.0,0.0,0,,,False
2026-09-02,25,counter,,,0.0,0.0,0,,,False
2026-09-03,10,drive_thru,32.848935451165936,32.848935451165936,0.0,49.31666666666666,2,0.0,0.0,False
2026-09-03,10,counter,,,0.0,0.0,0,,,False
2026-09-03,11,drive_thru,47.80023781212842,47.80023781212842,0.0,168.2,5,0.0,0.0,False
2026-09-03,11,counter,45.45454545454545,45.45454545454545,0.0,33.0,3,0.0,0.0,False
2026-09-03,12,drive_thru,65.16956920256645,65.16956920256645,0.0,72.73333333333333,2,0.0,0.0,False
2026-09-03,12,counter,38.64380154470481,38.64380154470481,0.0,127.31666666666666,3,0.0,0.0,False
2026-09-03,13,drive_thru,50.607702445453214,50.607702445453214,0.0,113.81666666666666,4,0.0,0.0,False
2026-09-03,13,counter,54.08286891204265,54.08286891204265,0.0,68.78333333333333,2,0.0,0.0,False
2026-09-03,14,drive_thru,44.47722662732805,44.47722662732805,0.0,90.38333333333333,3,0.0,0.0,False
2026-09-03,14,counter,70.64150943396226,70.64150943396226,0.0,22.083333333333336,2,0.0,0.0,False
2026-09-03,15,drive_thru,46.90140845070423,46.90140845070423,0.0,47.33333333333333,2,0.0,0.0,False
2026-09-03,15,counter,,,0.0,0.0,0,,,False
2026-09-03,16,drive_thru,57.4938574938575,57.4938574938575,0.0,13.566666666666666,2,0.0,0.0,False
2026-09-03,16,counter,67.28971962616824,67.28971962616824,0.0,10.7,1,0.0,0.0,False
2026-09-03,17,drive_thru,46.86390532544379,46.86390532544379,0.0,56.333333333333336,3,0.0,0.0,False
2026-09-03,17,counter,31.874525676701243,31.874525676701243,0.0,65.88333333333333,3,0.0,0.0,False
2026-09-03,18,drive_thru,63.60902255639098,63.60902255639098,0.0,88.66666666666666,3,0.0,0.0,False
2026-09-03,18,counter,47.8462770216173,47.8462770216173,0.0,104.08333333333333,4,0.0,0.0,False
2026-09-03,19,drive_thru,53.57313385325482,53.57313385325482,0.0,209.43333333333334,8,0.0,0.0,False
2026-09-03,19,counter,48.895925339555035,48.895925339555035,0.0,200.01666666666668,8,0.0,0.0,False
2026-09-03,20,drive_thru,52.62096774193549,52.62096774193549,0.0,198.39999999999998,7,0.0,0.0,False
2026-09-03,20,counter,55.49955529202491,55.49955529202491,0.0,168.64999999999998,5,0.0,0.0,False
2026-09-03,21,drive_thru,54.84443011446074,53.15865437992672,56.65,150.11666666666667,5,-1.685775734534019,-3.0737409997985066,False
2026-09-03,21,counter,57.103102824544315,59.984131182226925,56.766666666666666,63.016666666666666,4,2.8810283576826095,5.045309650746812,False
2026-09-03,22,drive_thru,51.45118733509235,52.59238040676024,35.233333333333334,116.36666666666666,4,1.1411930716678924,2.218011149549391,False
2026-09-03,22,counter,28.729879615852838,26.412325752017615,32.35,90.86666666666665,3,-2.317553863835222,-8.066702314187287,False
2026-09-03,23,drive_thru,54.27709887319473,54.27709887319473,0.0,105.01666666666667,2,0.0,0.0,False
2026-09-03,23,counter,14.712354605469978,14.712354605469978,0.0,53.016666666666666,2,0.0,0.0,False
2026-09-03,24,drive_thru,34.20752565564425,34.20752565564425,0.0,43.849999999999994,2,0.0,0.0,False
2026-09-03,24,counter,5.172413793103448,5.172413793103448,0.0,11.6,1,0.0,0.0,False
2026-09-03,25,drive_thru,,,0.0,0.0,0,,,False
2026-09-03,25,counter,,,0.0,0.0,0,,,False
2026-09-04,10,drive_thru,32.848935451165936,32.848935451165936,0.0,49.31666666666666,2,0.0,0.0,False
2026-09-04,10,counter,,,0.0,0.0,0,,,False
2026-09-04,11,drive_thru,47.80023781212842,47.80023781212842,0.0,168.2,5,0.0,0.0,False
2026-09-04,11,counter,45.45454545454545,45.45454545454545,0.0,33.0,3,0.0,0.0,False
2026-09-04,12,drive_thru,65.16956920256645,65.16956920256645,0.0,72.73333333333333,2,0.0,0.0,False
2026-09-04,12,counter,38.64380154470481,38.64380154470481,0.0,127.31666666666666,3,0.0,0.0,False
2026-09-04,13,drive_thru,50.607702445453214,50.607702445453214,0.0,113.81666666666666,4,0.0,0.0,False
2026-09-04,13,counter,54.08286891204265,54.08286891204265,0.0,68.78333333333333,2,0.0,0.0,False
2026-09-04,14,drive_thru,44.47722662732805,44.47722662732805,0.0,90.38333333333333,3,0.0,0.0,False
2026-09-04,14,counter,70.64150943396226,70.64150943396226,0.0,22.083333333333336,2,0.0,0.0,False
2026-09-04,15,drive_thru,46.90140845070423,46.90140845070423,0.0,47.33333333333333,2,0.0,0.0,False
2026-09-04,15,counter,,,0.0,0.0,0,,,False
2026-09-04,16,drive_thru,57.4938574938575,57.4938574938575,0.0,13.566666666666666,2,0.0,0.0,False
2026-09-04,16,counter,67.28971962616824,67.28971962616824,0.0,10.7,1,0.0,0.0,False
2026-09-04,17,drive_thru,46.86390532544379,46.86390532544379,0.0,56.333333333333336,3,0.0,0.0,False
2026-09-04,17,counter,31.874525676701243,31.874525676701243,0.0,65.88333333333333,3,0.0,0.0,False
2026-09-04,18,drive_thru,63.60902255639098,63.60902255639098,0.0,88.66666666666666,3,0.0,0.0,False
2026-09-04,18,counter,47.8462770216173,47.8462770216173,0.0,104.08333333333333,4,0.0,0.0,False
2026-09-04,19,drive_thru,53.57313385325482,53.57313385325482,0.0,209.43333333333334,8,0.0,0.0,False
2026-09-04,19,counter,48.895925339555035,48.895925339555035,0.0,200.01666666666668,8,0.0,0.0,False
2026-09-04,20,drive_thru,52.62096774193549,54.14132478159904,47.68333333333333,150.71666666666664,6,1.5203570396635513,2.8892608876364805,False
2026-09-04,20,counter,55.49955529202491,53.6949152542373,45.733333333333334,122.91666666666664,4,-1.8046400377876068,-3.251629726205982,False
2026-09-04,21,drive_thru,54.84443011446074,55.97667638483965,18.116666666666667,188.65,5,1.1322462703789071,2.0644690226808824,False
2026-09-04,21,counter,57.103102824544315,56.00130997216309,18.0,101.78333333333333,4,-1.101792852381223,-1.929479831886903,False
2026-09-04,22,drive_thru,51.45118733509235,51.45118733509235,0.0,151.6,5,0.0,0.0,False
2026-09-04,22,counter,28.729879615852838,28.729879615852838,0.0,123.21666666666665,4,0.0,0.0,False
2026-09-04,23,drive_thru,54.27709887319473,54.27709887319473,0.0,105.01666666666667,2,0.0,0.0,False
2026-09-04,23,counter,14.712354605469978,14.712354605469978,0.0,53.016666666666666,2,0.0,0.0,False
2026-09-04,24,drive_thru,34.20752565564425,34.20752565564425,0.0,43.849999999999994,2,0.0,0.0,False
2026-09-04,24,counter,5.172413793103448,5.172413793103448,0.0,11.6,1,0.0,0.0,False
2026-09-04,25,drive_thru,,,0.0,0.0,0,,,False
2026-09-04,25,counter,,,0.0,0.0,0,,,False
2026-09-05,10,drive_thru,32.848935451165936,32.848935451165936,0.0,49.31666666666666,2,0.0,0.0,False
2026-09-05,10,counter,,,0.0,0.0,0,,,False
2026-09-05,11,drive_thru,47.80023781212842,47.80023781212842,0.0,168.2,5,0.0,0.0,False
2026-09-05,11,counter,45.45454545454545,45.45454545454545,0.0,33.0,3,0.0,0.0,False
2026-09-05,12,drive_thru,65.16956920256645,65.16956920256645,0.0,72.73333333333333,2,0.0,0.0,False
2026-09-05,12,counter,38.64380154470481,38.64380154470481,0.0,127.31666666666666,3,0.0,0.0,False
2026-09-05,13,drive_thru,50.607702445453214,50.607702445453214,0.0,113.81666666666666,4,0.0,0.0,False
2026-09-05,13,counter,54.08286891204265,54.08286891204265,0.0,68.78333333333333,2,0.0,0.0,False
2026-09-05,14,drive_thru,44.47722662732805,44.47722662732805,0.0,90.38333333333333,3,0.0,0.0,False
2026-09-05,14,counter,70.64150943396226,70.64150943396226,0.0,22.083333333333336,2,0.0,0.0,False
2026-09-05,15,drive_thru,46.90140845070423,46.90140845070423,0.0,47.33333333333333,2,0.0,0.0,False
2026-09-05,15,counter,,,0.0,0.0,0,,,False
2026-09-05,16,drive_thru,57.4938574938575,57.4938574938575,0.0,13.566666666666666,2,0.0,0.0,False
2026-09-05,16,counter,67.28971962616824,67.28971962616824,0.0,10.7,1,0.0,0.0,False
2026-09-05,17,drive_thru,46.86390532544379,46.86390532544379,0.0,56.333333333333336,3,0.0,0.0,False
2026-09-05,17,counter,31.874525676701243,31.874525676701243,0.0,65.88333333333333,3,0.0,0.0,False
2026-09-05,18,drive_thru,63.60902255639098,57.32038834951457,45.75,42.91666666666666,2,-6.288634206876409,-9.88638711010121,False
2026-09-05,18,counter,47.8462770216173,51.81347150259067,46.18333333333333,57.9,3,3.967194480973376,8.291542681954061,False
2026-09-05,19,drive_thru,53.57313385325482,51.3941556993085,60.0,149.43333333333334,7,-2.1789781539463178,-4.06729641748209,False
2026-09-05,19,counter,48.895925339555035,51.42244970836805,60.0,140.01666666666668,7,2.526524368813014,5.167147060348498,False
2026-09-05,20,drive_thru,52.62096774193549,53.60783529882071,31.633333333333333,166.76666666666665,6,0.9868675568852225,1.8754264682569743,False
2026-09-05,20,counter,55.49955529202491,56.48947816567328,31.633333333333333,137.01666666666665,4,0.989922873648375,1.7836591094102394,False
2026-09-05,21,drive_thru,54.84443011446074,54.84443011446074,0.0,206.76666666666668,6,0.0,0.0,False
2026-09-05,21,counter,57.103102824544315,57.103102824544315,0.0,119.78333333333333,5,0.0,0.0,False
2026-09-05,22,drive_thru,51.45118733509235,51.45118733509235,0.0,151.6,5,0.0,0.0,False
2026-09-05,22,counter,28.729879615852838,28.729879615852838,0.0,123.21666666666665,4,0.0,0.0,False
2026-09-05,23,drive_thru,54.27709887319473,54.27709887319473,0.0,105.01666666666667,2,0.0,0.0,False
2026-09-05,23,counter,14.712354605469978,14.712354605469978,0.0,53.016666666666666,2,0.0,0.0,False
2026-09-05,24,drive_thru,34.20752565564425,34.20752565564425,0.0,43.849999999999994,2,0.0,0.0,False
2026-09-05,24,counter,5.172413793103448,5.172413793103448,0.0,11.6,1,0.0,0.0,False
2026-09-05,25,drive_thru,,,0.0,0.0,0,,,False
2026-09-05,25,counter,,,0.0,0.0,0,,,False
2026-09-06,10,drive_thru,32.848935451165936,32.848935451165936,0.0,49.31666666666666,2,0.0,0.0,False
2026-09-06,10,counter,,,0.0,0.0,0,,,False
2026-09-06,11,drive_thru,47.80023781212842,47.80023781212842,0.0,168.2,5,0.0,0.0,False
2026-09-06,11,counter,45.45454545454545,45.45454545454545,0.0,33.0,3,0.0,0.0,False
2026-09-06,12,drive_thru,65.16956920256645,65.16956920256645,0.0,72.73333333333333,2,0.0,0.0,False
2026-09-06,12,counter,38.64380154470481,38.64380154470481,0.0,127.31666666666666,3,0.0,0.0,False
2026-09-06,13,drive_thru,50.607702445453214,50.607702445453214,0.0,113.81666666666666,4,0.0,0.0,False
2026-09-06,13,counter,54.08286891204265,54.08286891204265,0.0,68.78333333333333,2,0.0,0.0,False
2026-09-06,14,drive_thru,44.47722662732805,44.47722662732805,0.0,90.38333333333333,3,0.0,0.0,False
2026-09-06,14,counter,70.64150943396226,70.64150943396226,0.0,22.083333333333336,2,0.0,0.0,False
2026-09-06,15,drive_thru,46.90140845070423,46.90140845070423,0.0,47.33333333333333,2,0.0,0.0,False
2026-09-06,15,counter,,,0.0,0.0,0,,,False
2026-09-06,16,drive_thru,57.4938574938575,57.4938574938575,0.0,13.566666666666666,2,0.0,0.0,False
2026-09-06,16,counter,67.28971962616824,67.28971962616824,0.0,10.7,1,0.0,0.0,False
2026-09-06,17,drive_thru,46.86390532544379,46.86390532544379,0.0,56.333333333333336,3,0.0,0.0,False
2026-09-06,17,counter,31.874525676701243,31.874525676701243,0.0,65.88333333333333,3,0.0,0.0,False
2026-09-06,18,drive_thru,63.60902255639098,68.53932584269664,35.266666666666666,53.39999999999999,2,4.930303286305659,7.750949610858777,False
2026-09-06,18,counter,47.8462770216173,47.93152639087019,33.983333333333334,70.1,3,0.08524936925289239,0.1781734641848437,False
2026-09-06,19,drive_thru,53.57313385325482,53.13028764805414,32.13333333333333,177.3,7,-0.44284620520067364,-0.8266199368020891,False
2026-09-06,19,counter,48.895925339555035,45.800616240930324,32.333333333333336,167.68333333333334,7,-3.0953090986247105,-6.330402946931689,False
2026-09-06,20,drive_thru,52.62096774193549,52.62096774193549,0.0,198.39999999999998,7,0.0,0.0,False
2026-09-06,20,counter,55.49955529202491,55.49955529202491,0.0,168.64999999999998,5,0.0,0.0,False
2026-09-06,21,drive_thru,54.84443011446074,54.84443011446074,0.0,206.76666666666668,6,0.0,0.0,False
2026-09-06,21,counter,57.103102824544315,57.103102824544315,0.0,119.78333333333333,5,0.0,0.0,False
2026-09-06,22,drive_thru,51.45118733509235,51.45118733509235,0.0,151.6,5,0.0,0.0,False
2026-09-06,22,counter,28.729879615852838,28.729879615852838,0.0,123.21666666666665,4,0.0,0.0,False
2026-09-06,23,drive_thru,54.27709887319473,54.27709887319473,0.0,105.01666666666667,2,0.0,0.0,False
2026-09-06,23,counter,14.712354605469978,14.712354605469978,0.0,53.016666666666666,2,0.0,0.0,False
2026-09-06,24,drive_thru,34.20752565564425,34.20752565564425,0.0,43.849999999999994,2,0.0,0.0,False
2026-09-06,24,counter,5.172413793103448,5.172413793103448,0.0,11.6,1,0.0,0.0,False
2026-09-06,25,drive_thru,,,0.0,0.0,0,,,False
2026-09-06,25,counter,,,0.0,0.0,0,,,False
