operating_hour,mode,baseline_rate,observed_days,minimum_rate_without_day,maximum_rate_without_day,most_influential_day,largest_absolute_change,largest_absolute_percent_change,deletions_losing_hour_coverage
10,counter,,0,,,,,,0
10,drive_thru,32.848935451165936,2,31.798107255520506,34.06113537117905,2026-08-22,1.2121999200131128,3.6902258881880665,0
11,counter,45.45454545454545,3,43.81338742393509,47.808764940239044,2026-08-30,2.3542194856935907,5.1792828685259,0
11,drive_thru,47.80023781212842,5,46.06494221243809,51.375055745503204,2026-08-22,3.5748179333747814,7.478661397930823,0
12,counter,38.64380154470481,3,37.32718894009217,40.10893785590493,2026-08-30,1.4651363112001192,3.7913876291523407,0
12,drive_thru,65.16956920256645,2,56.544502617801044,67.0,2026-08-30,8.625066584765406,13.234806812910069,0
13,counter,54.08286891204265,2,54.011022657685245,54.35540069686411,2026-08-30,0.2725317848214601,0.5039151774006119,0
13,drive_thru,50.607702445453214,4,42.09953766657601,54.916686223891105,2026-08-30,8.508164778877202,16.81199573928021,0
14,counter,70.64150943396226,2,62.827225130890035,76.59574468085106,2026-08-21,7.81428430307222,11.061887501678092,0
14,drive_thru,44.47722662732805,3,43.036461446503296,46.689419795221845,2026-08-23,2.212193167893794,4.973765982374811,0
15,counter,,0,,,,,,0
15,drive_thru,46.90140845070423,2,41.80645161290323,48.8135593220339,2026-08-29,5.094956837801,10.86312118570183,0
16,counter,67.28971962616824,1,,,,,,1
16,drive_thru,57.4938574938575,2,45.00000000000001,60.55045871559633,2026-09-02,12.49385749385749,21.730769230769223,0
17,counter,31.874525676701243,3,30.97922848664689,32.95194508009154,2026-09-02,1.077419403390298,3.3801896044459108,0
17,drive_thru,46.86390532544379,3,36.02251407129456,51.06382978723404,2026-09-02,10.84139125414923,23.13377679231338,0
18,counter,47.8462770216173,4,46.00431965442765,51.81347150259067,2026-09-05,3.967194480973376,8.291542681954061,0
18,drive_thru,63.60902255639098,3,57.32038834951457,68.53932584269664,2026-09-05,6.288634206876409,9.88638711010121,0
19,counter,48.895925339555035,8,45.800616240930324,51.42244970836805,2026-09-06,3.0953090986247105,6.330402946931689,0
19,drive_thru,53.57313385325482,8,51.3941556993085,56.47573878146661,2026-08-25,2.902604928211794,5.418023399867707,0
20,counter,55.49955529202491,5,50.60675237294246,58.56613934702121,2026-08-30,4.892802919082449,8.815931755376655,0
20,drive_thru,52.62096774193549,7,51.25515174222556,54.14132478159904,2026-09-04,1.5203570396635513,2.8892608876364805,0
21,counter,57.103102824544315,5,52.22910684600272,60.95369730476848,2026-08-23,4.873995978541593,8.535431066710144,0
21,drive_thru,54.84443011446074,6,52.60886622204786,56.18017378967902,2026-08-22,2.235563892412884,4.076191306477696,0
22,counter,28.729879615852838,4,26.412325752017615,32.605221097496006,2026-09-01,3.8753414816431686,13.48888868822408,0
22,drive_thru,51.45118733509235,5,48.679245283018865,52.65892002734108,2026-08-31,2.7719420520734843,5.38751814223513,0
23,counter,14.712354605469978,2,11.093990755007708,15.639810426540283,2026-09-01,3.61836385046227,24.594050017778805,0
23,drive_thru,54.27709887319473,2,46.37134778510839,62.34765875561257,2026-09-01,8.07055988241784,14.869180648863978,0
24,counter,5.172413793103448,1,,,,,,1
24,drive_thru,34.20752565564425,2,27.95031055900622,40.208488458674616,2026-08-21,6.257215096638028,18.2919254658385,0
25,counter,,0,,,,,,0
25,drive_thru,,0,,,,,,0
