removed_day,mode,schedule,baseline_supported_hour_contribution,contribution_without_day,change_orders,percent_change,baseline_covers_full_schedule,lost_supported_hours
2026-08-17,drive_thru,10 AM to 1 AM,756.7462089386208,755.380392938911,-1.3658159997098664,-0.1804853441717931,True,
2026-08-18,drive_thru,10 AM to 1 AM,756.7462089386208,756.134509436315,-0.6116995023057825,-0.08083284661098276,True,
2026-08-19,drive_thru,10 AM to 1 AM,756.7462089386208,762.7471717416513,6.000962803030461,0.7929954233199463,True,
2026-08-20,drive_thru,10 AM to 1 AM,756.7462089386208,760.5037689414821,3.7575600028612826,0.49654163555460323,True,
2026-08-21,drive_thru,10 AM to 1 AM,756.7462089386208,739.2498199440636,-17.496388994557265,-2.3120550572822736,True,
2026-08-22,drive_thru,10 AM to 1 AM,756.7462089386208,764.629253590942,7.883044652321132,1.0417025627888572,True,
2026-08-23,drive_thru,10 AM to 1 AM,756.7462089386208,768.9419415324701,12.195732593849243,1.611601412705383,True,
2026-08-24,drive_thru,10 AM to 1 AM,756.7462089386208,758.2340274014348,1.487818462813948,0.19660732293600744,True,
2026-08-25,drive_thru,10 AM to 1 AM,756.7462089386208,757.9135182671423,1.167309328521469,0.15425373985800153,True,
2026-08-28,drive_thru,10 AM to 1 AM,756.7462089386208,757.4618021913618,0.7155932527409732,0.0945618549902791,True,
2026-08-29,drive_thru,10 AM to 1 AM,756.7462089386208,751.4477325271137,-5.298476411507181,-0.7001655705601212,True,
2026-08-30,drive_thru,10 AM to 1 AM,756.7462089386208,738.2704864187056,-18.47572251991528,-2.4414687912118547,True,
2026-08-31,drive_thru,10 AM to 1 AM,756.7462089386208,755.3100105617657,-1.4361983768551454,-0.18978600221459907,True,
2026-09-01,drive_thru,10 AM to 1 AM,756.7462089386208,766.0245015132875,9.278292574666693,1.2260771795183514,True,
2026-09-02,drive_thru,10 AM to 1 AM,756.7462089386208,733.4109601906141,-23.335248748006734,-3.083629421908269,True,
2026-09-03,drive_thru,10 AM to 1 AM,756.7462089386208,756.201626275755,-0.5445826628658779,-0.07196371206532844,True,
2026-09-04,drive_thru,10 AM to 1 AM,756.7462089386208,759.3988122486633,2.652603310042423,0.3505274659734138,True,
2026-09-05,drive_thru,10 AM to 1 AM,756.7462089386208,749.2654641346835,-7.480744803937341,-0.9885407704162148,True,
2026-09-06,drive_thru,10 AM to 1 AM,756.7462089386208,761.2336660197259,4.487457081105049,0.5929936652605052,True,
2026-08-17,counter,10 AM to 1 AM,565.9464791402925,569.0130631952887,3.0665840549962695,0.5418505402939514,False,
2026-08-18,counter,10 AM to 1 AM,565.9464791402925,566.4987398335986,0.5522606933061525,0.09758178797137682,False,
2026-08-19,counter,10 AM to 1 AM,565.9464791402925,,,,False,counter 12 AM
2026-08-20,counter,10 AM to 1 AM,565.9464791402925,561.0435263661195,-4.902952774172945,-0.8663279929969406,False,
2026-08-21,counter,10 AM to 1 AM,565.9464791402925,555.6306597184555,-10.315819421836977,-1.8227552961381333,False,
2026-08-22,counter,10 AM to 1 AM,565.9464791402925,566.1989729817902,0.2524938414977669,0.04461443807925452,False,
2026-08-23,counter,10 AM to 1 AM,565.9464791402925,569.198518228103,3.2520390878105445,0.5746195457829496,False,
2026-08-24,counter,10 AM to 1 AM,565.9464791402925,563.632620136327,-2.31385900396549,-0.408847671864729,False,
2026-08-25,counter,10 AM to 1 AM,565.9464791402925,565.2686613089393,-0.6778178313531953,-0.11976712575062615,False,
2026-08-28,counter,10 AM to 1 AM,565.9464791402925,565.9464791402925,0.0,0.0,False,
2026-08-29,counter,10 AM to 1 AM,565.9464791402925,566.8449255024252,0.898446362132745,0.15875111786145224,False,
2026-08-30,counter,10 AM to 1 AM,565.9464791402925,566.204714833541,0.25823569324847995,0.04562899545567557,False,
2026-08-31,counter,10 AM to 1 AM,565.9464791402925,570.8646237585301,4.918144618237648,0.8690123182157811,False,
2026-09-01,counter,10 AM to 1 AM,565.9464791402925,566.2034567714734,0.25697763118091643,0.04540670198554487,False,
2026-09-02,counter,10 AM to 1 AM,565.9464791402925,,,,False,counter 4 PM
2026-09-03,counter,10 AM to 1 AM,565.9464791402925,566.50995363414,0.5634744938474796,0.09956321217925626,False,
2026-09-04,counter,10 AM to 1 AM,565.9464791402925,563.0400462501236,-2.906432890168844,-0.513552605642833,False,
2026-09-05,counter,10 AM to 1 AM,565.9464791402925,573.4301208637272,7.483641723434744,1.322323223002086,False,
2026-09-06,counter,10 AM to 1 AM,565.9464791402925,562.9364194109206,-3.0100597293718465,-0.5318629659017072,False,
2026-08-17,combined,10 AM to 1 AM,1322.6926880789135,1324.3934561341998,1.7007680552862894,0.1285837648166404,False,
2026-08-18,combined,10 AM to 1 AM,1322.6926880789135,1322.6332492699137,-0.05943880899985743,-0.004493773159522541,False,
2026-08-19,combined,10 AM to 1 AM,1322.6926880789135,,,,False,counter 12 AM
2026-08-20,combined,10 AM to 1 AM,1322.6926880789135,1321.5472953076016,-1.14539277131189,-0.08659553210167549,False,
2026-08-21,combined,10 AM to 1 AM,1322.6926880789135,1294.8804796625193,-27.812208416394242,-2.102696164200382,False,
2026-08-22,combined,10 AM to 1 AM,1322.6926880789135,1330.8282265727323,8.135538493818785,0.6150739750164408,False,
2026-08-23,combined,10 AM to 1 AM,1322.6926880789135,1338.140459760573,15.44777168165956,1.1679033097322096,False,
2026-08-24,combined,10 AM to 1 AM,1322.6926880789135,1321.866647537762,-0.8260405411515421,-0.062451433246469984,False,
2026-08-25,combined,10 AM to 1 AM,1322.6926880789135,1323.1821795760818,0.4894914971682738,0.0370071976340335,False,
2026-08-28,combined,10 AM to 1 AM,1322.6926880789135,1323.4082813316543,0.7155932527407458,0.05410124809717347,False,
2026-08-29,combined,10 AM to 1 AM,1322.6926880789135,1318.292658029539,-4.400030049374436,-0.3326570176905616,False,
2026-08-30,combined,10 AM to 1 AM,1322.6926880789135,1304.4752012522465,-18.217486826667027,-1.377303056927472,False,
2026-08-31,combined,10 AM to 1 AM,1322.6926880789135,1326.174634320296,3.481946241382502,0.26324680500348885,False,
2026-09-01,combined,10 AM to 1 AM,1322.6926880789135,1332.2279582847611,9.53527020584761,0.7208983834103363,False,
2026-09-02,combined,10 AM to 1 AM,1322.6926880789135,,,,False,counter 4 PM
2026-09-03,combined,10 AM to 1 AM,1322.6926880789135,1322.7115799098947,0.018891830981146995,0.0014282857349567418,False,
2026-09-04,combined,10 AM to 1 AM,1322.6926880789135,1322.438858498787,-0.2538295801264212,-0.019190366924541236,False,
2026-09-05,combined,10 AM to 1 AM,1322.6926880789135,1322.6955849984108,0.0028969194972887635,0.0002190168225316393,False,
2026-09-06,combined,10 AM to 1 AM,1322.6926880789135,1324.1700854306466,1.4773973517330887,0.11169619103881712,False,
