lag_band,line_category,burst_groups,days,blocks,distinct_notes,fraction_1_order,fraction_2_orders,fraction_3plus_orders,fraction_2plus_orders,lower_95,upper_95
0-5 min,empty,54,11,11,22,0.8333333333333334,0.16666666666666666,0.0,0.16666666666666666,0.04877065302911094,0.30434782608695654
0-5 min,1-3,24,6,6,9,0.8333333333333334,0.08333333333333333,0.08333333333333333,0.16666666666666666,0.058823529411764705,0.29426470588235215
0-5 min,4-7,59,9,10,19,0.864406779661017,0.13559322033898305,0.0,0.13559322033898305,0.04650268336314848,0.25
0-5 min,8+,53,7,9,18,0.7924528301886793,0.20754716981132076,0.0,0.20754716981132076,0.14632876016260163,0.6
5-10 min,empty,31,9,9,18,0.7096774193548387,0.22580645161290322,0.06451612903225806,0.2903225806451613,0.21052631578947367,0.38461538461538464
5-10 min,1-3,25,6,6,11,0.92,0.08,0.0,0.08,0.0,0.14814814814814814
5-10 min,4-7,40,7,7,15,0.8,0.15,0.05,0.2,0.06153846153846154,0.5454545454545454
5-10 min,8+,43,5,7,16,0.7441860465116279,0.18604651162790697,0.06976744186046512,0.2558139534883721,0.0,0.5
10-15 min,empty,30,7,7,13,0.6333333333333333,0.3333333333333333,0.03333333333333333,0.36666666666666664,0.2222222222222222,0.5555555555555556
10-15 min,1-3,15,4,4,6,0.9333333333333333,0.06666666666666667,0.0,0.06666666666666667,0.0,0.10526315789473684
10-15 min,4-7,48,9,9,16,0.8333333333333334,0.16666666666666666,0.0,0.16666666666666666,0.08860759493670886,0.32
10-15 min,8+,43,5,7,15,0.8837209302325582,0.06976744186046512,0.046511627906976744,0.11627906976744186,0.0,0.25
