source_row,seq,timestamp,mode,original_note,suggested_number_before_line,suggested_number_after_line,suggested_register_count,mentions_empty_line,mentions_drive_thru,mentions_inside,mentions_past_or_change,counter_segment_id,review_status,reviewed_channel,reviewed_line_lower,reviewed_line_upper,reviewed_line_unit,reviewed_register_count,review_comment
0,2,2026-08-17 20:08:22-07:00,counter,Slow night no one in line.,,,,True,False,False,False,1,UNREVIEWED,,,,,,
0,6,2026-08-17 20:10:42-07:00,counter,No one in line,,,,True,False,False,False,1,UNREVIEWED,,,,,,
0,8,2026-08-17 20:11:17-07:00,counter,Group just came in in line,,,,False,False,False,False,1,UNREVIEWED,,,,,,
0,13,2026-08-17 20:20:10-07:00,counter,Couple people in line,,,,False,False,False,False,1,UNREVIEWED,,,,,,
0,15,2026-08-17 20:24:24-07:00,counter,Bigger line,,,,False,False,False,False,1,UNREVIEWED,,,,,,
0,17,2026-08-17 20:25:12-07:00,counter,Several groups in line. Larger  line than earlier,,,,False,False,False,True,1,UNREVIEWED,,,,,,
0,19,2026-08-17 20:26:53-07:00,counter,Most inside tables empty but people in line,,,,False,False,True,False,1,UNREVIEWED,,,,,,
1,2,2026-08-18 11:34:11-07:00,drive_thru,No iPad helpers on drive through. Line starting to fill up,,,,False,True,False,False,,UNREVIEWED,,,,,,
1,9,2026-08-18 11:37:45-07:00,drive_thru,At the start of the queue a car finished right after I started the timer but,,,,False,True,False,False,,UNREVIEWED,,,,,,
2,3,2026-08-18 19:05:08-07:00,drive_thru,iPad are on drive through line -,,,,False,True,False,False,,UNREVIEWED,,,,,,
2,35,2026-08-18 19:27:07-07:00,counter,When I got here a few minutes ago no line. Now 6 in line,6,,,True,False,False,True,3,UNREVIEWED,,,,,,
2,37,2026-08-18 19:28:54-07:00,counter,2 registers open,,,2,False,False,True,False,3,UNREVIEWED,,,,,,
2,40,2026-08-18 19:34:46-07:00,counter,Line gone,,,,True,False,False,False,3,UNREVIEWED,,,,,,
2,41,2026-08-18 19:35:43-07:00,counter,1 in line,1,,,False,False,False,False,3,UNREVIEWED,,,,,,
2,42,2026-08-18 19:37:29-07:00,counter,2 in line - lull in I side orders likely demand driven from lull in orders a bit ago.,2,,,False,True,False,True,3,UNREVIEWED,,,,,,
2,43,2026-08-18 19:38:02-07:00,counter,Expect a burst to come out soon. Line back 2 registers open but everyone at register. No backlog,,,2,False,False,True,False,3,UNREVIEWED,,,,,,
2,48,2026-08-18 19:39:11-07:00,counter,Line has backlog two registers open,,,,False,False,True,False,3,UNREVIEWED,,,,,,
2,52,2026-08-18 19:42:16-07:00,counter,Line 7,,7,,False,False,False,False,3,UNREVIEWED,,,,,,
4,11,2026-08-20 00:06:11-07:00,counter,No one in line or manning registers they are doing a lot of clean up,,,,True,False,True,False,4,UNREVIEWED,,,,,,
4,18,2026-08-20 00:15:22-07:00,drive_thru,There was iPad ordering employee on drive through line. No demand inside but drive through not empty,,,,False,True,True,True,,UNREVIEWED,,,,,,
4,41,2026-08-20 17:34:54-07:00,drive_thru,Dt line backed up onto street,,,,False,True,False,False,,UNREVIEWED,,,,,,
4,51,2026-08-20 17:39:18-07:00,drive_thru,Not a demand issue the line is long. A car not pulling up issue,,,,False,True,False,False,,UNREVIEWED,,,,,,
4,59,2026-08-20 17:50:55-07:00,counter,Small inside line but diner is more than half full,,,,False,False,True,False,5,UNREVIEWED,,,,,,
4,65,2026-08-20 17:53:56-07:00,counter,Line forming on register - one cashier,,,,False,False,True,False,5,UNREVIEWED,,,,,,
4,67,2026-08-20 17:54:28-07:00,counter,One at cash one person waiting behind,,,,False,False,False,False,5,UNREVIEWED,,,,,,
4,72,2026-08-20 17:58:25-07:00,counter,Inside line getting longer,,,,False,False,True,False,5,UNREVIEWED,,,,,,
4,73,2026-08-20 17:58:40-07:00,counter,Still only one on register,,,,False,False,True,False,5,UNREVIEWED,,,,,,
4,77,2026-08-20 18:00:45-07:00,counter,Line big and has 2 registers open,,,2,False,False,True,False,5,UNREVIEWED,,,,,,
4,82,2026-08-20 18:03:25-07:00,counter,Line shorter. Still 2 registers open,,,2,False,False,True,False,5,UNREVIEWED,,,,,,
4,91,2026-08-20 18:07:36-07:00,counter,No line.,,,,True,False,False,False,5,UNREVIEWED,,,,,,
4,98,2026-08-20 18:10:10-07:00,counter,Burst of orders coming out from line earlier. No line now inside,,,,True,False,True,True,5,UNREVIEWED,,,,,,
4,99,2026-08-20 18:10:27-07:00,counter,Drive through line is huge as typical,,,,False,True,False,False,5,UNREVIEWED,,,,,,
4,114,2026-08-20 18:36:34-07:00,drive_thru,Drive through is moving crazy fast now. Line still super long,,,,False,True,False,True,,UNREVIEWED,,,,,,
4,116,2026-08-20 18:38:50-07:00,drive_thru,Line out of the parking lot onto signal backed up,,,,False,False,False,False,,UNREVIEWED,,,,,,
4,121,2026-08-20 22:11:42-07:00,drive_thru,Drive through line backed up onto street,,,,False,True,False,False,,UNREVIEWED,,,,,,
4,138,2026-08-20 22:26:57-07:00,drive_thru,Inside line capacity is around 20 cars. Another 6-7 to get to street so approx 28-30 cars before street spill over,,,,False,True,True,True,,UNREVIEWED,,,,,,
4,144,2026-08-20 22:28:28-07:00,counter,10 in line,10,,,False,False,False,False,,UNREVIEWED,,,,,,
4,153,2026-08-20 22:36:51-07:00,counter,Line sting down. Was pretty big.,,,,False,False,False,True,6,UNREVIEWED,,,,,,
4,157,2026-08-20 22:38:43-07:00,counter,Line hasn’t gone to zero even once since started logging,,,,False,False,False,True,6,UNREVIEWED,,,,,,
4,169,2026-08-21 13:57:40-07:00,drive_thru,Drive though just filling parking lot line but not spilling onto street.,,,,False,True,False,False,,UNREVIEWED,,,,,,
4,188,2026-08-21 14:10:51-07:00,drive_thru,Tracking jeep in DTL just as it enters parking lot line are. Expect to take 20 cars,,,,False,True,False,False,,UNREVIEWED,,,,,,
4,217,2026-08-21 14:36:10-07:00,counter,Line about 4,,4,,False,False,False,False,7,UNREVIEWED,,,,,,
4,219,2026-08-21 14:36:44-07:00,counter,2 reg open,,,2,False,False,True,False,7,UNREVIEWED,,,,,,
4,230,2026-08-21 14:45:03-07:00,counter,2 teg open 8 in line,8,,2,False,False,False,False,7,UNREVIEWED,,,,,,
4,233,2026-08-21 14:46:24-07:00,counter,No open tables. About 20-30 standing inside some in line some at drink counter some waiting for food,,,,False,False,True,False,7,UNREVIEWED,,,,,,
4,236,2026-08-21 14:47:52-07:00,counter,3 reg open 12 in line,12,,3,False,False,True,False,7,UNREVIEWED,,,,,,
4,239,2026-08-21 19:26:44-07:00,counter,Inside line big!!,,,,False,False,True,False,8,UNREVIEWED,,,,,,
4,245,2026-08-21 19:31:42-07:00,counter,Opened 3 reg line went down still huge.,,,3,False,False,True,True,8,UNREVIEWED,,,,,,
4,249,2026-08-21 19:33:19-07:00,counter,Line way down.,,,,False,False,False,False,8,UNREVIEWED,,,,,,
4,250,2026-08-21 19:33:35-07:00,counter,No line. Huge surge got handled.,,,,True,False,False,False,8,UNREVIEWED,,,,,,
4,252,2026-08-21 19:34:51-07:00,counter,Small line,,,,False,False,False,False,8,UNREVIEWED,,,,,,
4,253,2026-08-21 19:35:00-07:00,counter,2 registers open,,,2,False,False,True,False,8,UNREVIEWED,,,,,,
4,255,2026-08-21 19:36:42-07:00,counter,Expect a surge of orders after big line orders gets processed. No line now,,,,True,False,False,True,8,UNREVIEWED,,,,,,
4,259,2026-08-21 19:38:46-07:00,counter,Line formed. Was empty a min ago,,,,False,False,False,True,8,UNREVIEWED,,,,,,
4,263,2026-08-21 19:41:40-07:00,counter,Staff does other tasks when no one in line. 3 reg open now,,,3,True,False,True,True,8,UNREVIEWED,,,,,,
4,265,2026-08-21 19:42:39-07:00,counter,3 reg up still many in line. 6 behind the groups at regs,,,3,False,False,True,False,8,UNREVIEWED,,,,,,
4,271,2026-08-21 19:45:34-07:00,counter,6 in line with 3 reg open,6,,3,False,False,True,False,8,UNREVIEWED,,,,,,
4,317,2026-08-21 20:22:04-07:00,drive_thru,Drive-through line backed up onto the street,,,,False,True,False,False,,UNREVIEWED,,,,,,
4,318,2026-08-21 20:23:07-07:00,drive_thru,11 cars on the main signal street in the drive-through line,,,,False,True,False,False,,UNREVIEWED,,,,,,
4,396,2026-08-22 00:08:39-07:00,counter,No inside line,,,,True,False,True,False,,UNREVIEWED,,,,,,
4,398,2026-08-22 00:09:48-07:00,counter,Inside line now,,,,False,False,True,True,,UNREVIEWED,,,,,,
4,416,2026-08-22 00:20:36-07:00,drive_thru,Drive-through line starts just inside the parking lot no longer spilling on the street,,,,False,True,True,False,,UNREVIEWED,,,,,,
4,424,2026-08-22 00:39:31-07:00,counter,24-25 or so cars in line.,,,,False,True,False,False,,UNREVIEWED,,,,,,
4,425,2026-08-22 10:33:08-07:00,drive_thru,There’s three or four cars in line and the place just opened,,,,False,True,False,False,,UNREVIEWED,,,,,,
4,430,2026-08-22 10:35:35-07:00,drive_thru,It looks like just one car in line right now,,,,False,True,False,True,,UNREVIEWED,,,,,,
4,432,2026-08-22 10:35:48-07:00,drive_thru,"No, no cars in the drive-through line",,,,False,True,False,False,,UNREVIEWED,,,,,,
4,434,2026-08-22 10:36:48-07:00,drive_thru,Three cars now on the line one at the drive-through window,,,,False,True,False,True,,UNREVIEWED,,,,,,
4,435,2026-08-22 10:37:08-07:00,drive_thru,"Well, there’s a giant backlog of cars, it doesn’t look like the drive-through line is empty or going to be empty much at all",,,,False,True,False,False,,UNREVIEWED,,,,,,
4,437,2026-08-22 10:40:23-07:00,drive_thru,The drive-through line is slowly building,,,,False,True,False,False,,UNREVIEWED,,,,,,
4,440,2026-08-22 10:42:16-07:00,drive_thru,"The drive-through line continues to build, but still not full yet",,,,False,True,False,False,,UNREVIEWED,,,,,,
4,442,2026-08-22 10:44:30-07:00,drive_thru,The drive-through line is getting close to being full,,,,False,True,False,False,,UNREVIEWED,,,,,,
4,446,2026-08-22 10:49:49-07:00,drive_thru,"Drive-through line still not full, despite several slow cars in a row",,,,False,True,False,False,,UNREVIEWED,,,,,,
4,451,2026-08-22 10:55:32-07:00,drive_thru,I just saw a car turned around inside the drive-through line and drive out of it,,,,False,True,True,False,,UNREVIEWED,,,,,,
4,455,2026-08-22 10:57:34-07:00,drive_thru,It’s 10:57 AM and there’s only been 10 cars through the line so far,,,,False,True,False,False,,UNREVIEWED,,,,,,
4,457,2026-08-22 10:58:19-07:00,drive_thru,The amount of time this line is spent empty since the place opened was less than 20 seconds,,,,False,False,False,True,,UNREVIEWED,,,,,,
4,464,2026-08-22 11:03:00-07:00,drive_thru,Drive-through line still not full more than a half an hour after opening,,,,False,True,False,False,,UNREVIEWED,,,,,,
4,470,2026-08-22 11:06:14-07:00,drive_thru,On top of line of sight being a challenge the fact that they add him to the car and weird odd intervals during the time the car is in front of the window means getting good data on car orders is challenging,,,,False,True,False,False,,UNREVIEWED,,,,,,
4,478,2026-08-22 11:12:24-07:00,drive_thru,Drive-through line still not full almost 45 minutes in,,,,False,True,False,False,,UNREVIEWED,,,,,,
4,489,2026-08-22 11:21:22-07:00,drive_thru,Drive-through line still not a capacity about four to probably like six cars to fill it,,,,False,True,False,False,,UNREVIEWED,,,,,,
4,506,2026-08-22 11:37:33-07:00,drive_thru,"Observing box and bag count into a car is impaired by line of sight, continual obstruction of line of sight distractions, and trying to observe other variables at the same time",,,,False,True,False,False,,UNREVIEWED,,,,,,
4,507,2026-08-22 11:37:42-07:00,drive_thru,The line of sight blockage issue is unrepairable,,,,False,False,False,False,,UNREVIEWED,,,,,,
4,510,2026-08-22 11:38:40-07:00,drive_thru,More than an hour in the drive-through line has never been full and is not full now,,,,False,True,False,True,,UNREVIEWED,,,,,,
4,516,2026-08-22 11:43:27-07:00,drive_thru,"A car is just pulling up to the payment window, that’s likely to slow this line down a little bit, depending upon when the drive-through window car leaves",,,,False,True,False,False,,UNREVIEWED,,,,,,
4,527,2026-08-22 11:52:12-07:00,drive_thru,Drive-through line still not quite full on the verge,,,,False,True,False,False,,UNREVIEWED,,,,,,
4,549,2026-08-22 12:13:55-07:00,tables,No line inside,,,,True,False,True,False,9,UNREVIEWED,,,,,,
4,558,2026-08-22 17:03:12-07:00,drive_thru,Don’t see iPad will check in a few min may be farther up line,,,,False,False,False,False,,UNREVIEWED,,,,,,
4,576,2026-08-22 17:17:49-07:00,counter,Line was kind of long and died down a bit 2 reg open,,,2,False,False,True,True,10,UNREVIEWED,,,,,,
4,603,2026-08-22 17:34:02-07:00,counter,No line,,,,True,False,False,False,10,UNREVIEWED,,,,,,
4,612,2026-08-22 20:53:35-07:00,drive_thru,"Drive-through line is backed up well onto the signal Street, there’s iPad helpers in the beginning of the parking lot area",,,,False,True,False,False,,UNREVIEWED,,,,,,
4,723,2026-08-23 13:22:47-07:00,drive_thru,"Based on my understanding of the line capacity for the drive-through, I expected to see the Pathfinder by now and don’t see it",,,,False,True,False,True,,UNREVIEWED,,,,,,
4,752,2026-08-23 13:46:40-07:00,counter,Now line,,,,False,False,False,True,11,UNREVIEWED,,,,,,
4,755,2026-08-23 13:50:00-07:00,counter,Line for long,,,,False,False,False,False,11,UNREVIEWED,,,,,,
4,759,2026-08-23 13:51:03-07:00,counter,2 reg open . 9 in line inc at reg,9,,2,False,False,True,False,11,UNREVIEWED,,,,,,
4,761,2026-08-23 13:51:36-07:00,counter,Line being processed fast,,,,False,False,False,False,11,UNREVIEWED,,,,,,
4,762,2026-08-23 13:51:59-07:00,counter,2 reg but they are moving through line quickly,,,2,False,False,True,False,11,UNREVIEWED,,,,,,
4,763,2026-08-23 13:52:17-07:00,counter,8 in line but 3 are new,8,,,False,False,False,False,11,UNREVIEWED,,,,,,
4,767,2026-08-23 13:54:42-07:00,counter,10 in line,10,,,False,False,False,False,11,UNREVIEWED,,,,,,
4,778,2026-08-23 14:05:48-07:00,counter,No inside line,,,,True,False,True,False,11,UNREVIEWED,,,,,,
4,844,2026-08-23 15:18:04-07:00,counter,Line went from moderate to over 12. 3 reg open. Inside line e is bursary,,,3,False,False,True,True,,UNREVIEWED,,,,,,
4,846,2026-08-23 15:23:57-07:00,counter,11 in drive-through line on the main street,,,,False,True,False,False,,UNREVIEWED,,,,,,
4,886,2026-08-23 19:42:34-07:00,counter,Large scale snide line. 2 reg. 10+ in line,10+,,2,False,False,True,False,12,UNREVIEWED,,,,,,
4,896,2026-08-23 19:52:24-07:00,counter,13+ in line.,13+,,,False,False,False,False,12,UNREVIEWED,,,,,,
4,897,2026-08-23 19:52:36-07:00,counter,2 reg,,,2,False,False,True,False,12,UNREVIEWED,,,,,,
4,911,2026-08-23 20:09:48-07:00,counter,9 in line. Line has not died down,9,,,False,False,False,False,12,UNREVIEWED,,,,,,
4,921,2026-08-23 20:27:20-07:00,counter,Line is even longer it has not died down even once!,,,,False,False,False,False,12,UNREVIEWED,,,,,,
4,923,2026-08-23 20:27:54-07:00,counter,12 in line was longer,12,,,False,False,False,True,12,UNREVIEWED,,,,,,
4,924,2026-08-23 20:28:10-07:00,counter,2 reg open,,,2,False,False,True,False,12,UNREVIEWED,,,,,,
4,947,2026-08-23 21:08:27-07:00,counter,Line inside died down. They are going through the huge order set from earlier,,,,False,False,True,True,13,UNREVIEWED,,,,,,
4,961,2026-08-24 10:34:55-07:00,counter,About eight cars waiting in line,,,,False,True,False,False,,UNREVIEWED,,,,,,
4,974,2026-08-24 10:53:40-07:00,drive_thru,"Drive-through line more than half full, maybe 8 to fill",,,,False,True,False,False,,UNREVIEWED,,,,,,
4,1038,2026-08-24 11:45:15-07:00,counter,Inside about half full. Short inside line. Currently,,,,False,False,True,False,14,UNREVIEWED,,,,,,
4,1039,2026-08-24 11:45:30-07:00,counter,6 in line was zero not long ago,6,,,False,False,False,True,14,UNREVIEWED,,,,,,
4,1051,2026-08-24 12:00:06-07:00,counter,No line for awhile inside. Mostly empty inside now,,,,True,False,True,True,14,UNREVIEWED,,,,,,
4,1053,2026-08-24 12:04:15-07:00,counter,Small line now. Was none a min ag,,,,False,False,False,True,14,UNREVIEWED,,,,,,
4,1059,2026-08-24 12:15:42-07:00,counter,A line inside about 3-5 people steady now,,,,False,False,True,True,14,UNREVIEWED,,,,,,
4,1062,2026-08-24 12:18:08-07:00,counter,No line,,,,True,False,False,False,14,UNREVIEWED,,,,,,
4,1063,2026-08-24 12:18:19-07:00,counter,Drive through line full,,,,False,True,False,False,14,UNREVIEWED,,,,,,
4,1064,2026-08-24 12:18:31-07:00,counter,No inside line,,,,True,False,True,False,14,UNREVIEWED,,,,,,
4,1072,2026-08-24 12:20:13-07:00,counter,Inside over half full - line about 6,,6,,False,False,True,False,14,UNREVIEWED,,,,,,
4,1076,2026-08-24 12:23:34-07:00,counter,Inside line short,,,,False,False,True,False,14,UNREVIEWED,,,,,,
4,1086,2026-08-24 12:36:35-07:00,counter,Not a giant line inside but a semi steady small line,,,,False,False,True,False,14,UNREVIEWED,,,,,,
4,1131,2026-08-24 20:07:32-07:00,drive_thru,Inside less than half full no line,,,,True,False,True,False,,UNREVIEWED,,,,,,
4,1165,2026-08-24 20:40:47-07:00,drive_thru,DTL still full. - not sure about iPad line helpers. Don’t see them,,,,False,True,False,False,,UNREVIEWED,,,,,,
4,1208,2026-08-24 21:33:17-07:00,drive_thru,Drive through line has been bigger than the parking lot for awhile. Might reach street not sure.,,,,False,True,False,True,,UNREVIEWED,,,,,,
4,1222,2026-08-25 11:01:18-07:00,counter,11 tables occupied inside. Line 2,,2,,False,False,True,False,,UNREVIEWED,,,,,,
4,1307,2026-08-28 22:18:57-07:00,drive_thru,Inside dining are is insane. Huge line. Lots of teens here. Drive through long too,,,,False,True,True,False,,UNREVIEWED,,,,,,
4,1392,2026-08-29 21:10:24-07:00,counter,Only 2 in line inside,2,,,False,False,True,False,17,UNREVIEWED,,,,,,
4,1400,2026-08-29 21:14:18-07:00,counter,2 in line at inside,2,,,False,False,True,False,17,UNREVIEWED,,,,,,
4,1407,2026-08-29 21:17:50-07:00,counter,8 in line inside.,8,,,False,False,True,False,17,UNREVIEWED,,,,,,
4,1452,2026-08-30 11:54:53-07:00,counter,No line inside but dining area pretty full,,,,True,False,True,False,18,UNREVIEWED,,,,,,
4,1456,2026-08-30 11:56:23-07:00,counter,Small line 2-3,,2-3,,False,False,False,False,18,UNREVIEWED,,,,,,
4,1467,2026-08-30 12:03:12-07:00,counter,No I side line,,,,False,False,False,False,18,UNREVIEWED,,,,,,
4,1469,2026-08-30 12:03:32-07:00,counter,Group came to inside counter line,,,,False,False,True,False,18,UNREVIEWED,,,,,,
4,1479,2026-08-30 12:07:18-07:00,counter,Inside line has 6,,,,False,False,True,False,18,UNREVIEWED,,,,,,
4,1495,2026-08-30 12:11:15-07:00,counter,No inside line. Dining area emptying out slowly about half full,,,,True,False,True,False,18,UNREVIEWED,,,,,,
4,1497,2026-08-30 12:12:09-07:00,drive_thru,DTL 2-3 cars from full while inside has 8 in line,8,,,False,True,True,False,18,UNREVIEWED,,,,,,
4,1509,2026-08-30 12:16:23-07:00,drive_thru,Inside line 6 with two reg,,6,,False,False,True,False,18,UNREVIEWED,,,,,,
4,1524,2026-08-30 12:23:34-07:00,counter,Inside line 4,,4,,False,False,True,False,18,UNREVIEWED,,,,,,
4,1545,2026-08-30 12:31:54-07:00,counter,Inside line 5,,5,,False,False,True,False,18,UNREVIEWED,,,,,,
4,1556,2026-08-30 12:34:43-07:00,drive_thru,No inside line.,,,,True,False,True,False,18,UNREVIEWED,,,,,,
4,1586,2026-08-30 12:46:48-07:00,drive_thru,Inside very little line sporadic,,,,False,False,True,False,18,UNREVIEWED,,,,,,
4,1601,2026-08-30 12:55:51-07:00,drive_thru,Still not much of an inside line but dining area pretty close to full,,,,False,False,True,False,18,UNREVIEWED,,,,,,
4,1605,2026-08-30 12:57:16-07:00,drive_thru,Inside line about 6,,6,,False,False,True,False,18,UNREVIEWED,,,,,,
4,1617,2026-08-30 13:00:39-07:00,counter,Line around 6 inside,,,,False,False,True,False,18,UNREVIEWED,,,,,,
4,1623,2026-08-30 13:02:26-07:00,counter,Inside line about 8,,8,,False,False,True,False,18,UNREVIEWED,,,,,,
4,1636,2026-08-30 13:06:54-07:00,counter,No big inside line but many orders in waiting,,,,False,False,True,False,18,UNREVIEWED,,,,,,
4,1652,2026-08-30 13:13:47-07:00,counter,Line is 13+ inside,,13+,,False,False,True,False,18,UNREVIEWED,,,,,,
4,1653,2026-08-30 13:14:05-07:00,drive_thru,2 reg open,,,2,False,False,True,False,18,UNREVIEWED,,,,,,
4,1657,2026-08-30 13:15:09-07:00,counter,3 reg open,,,3,False,False,True,False,18,UNREVIEWED,,,,,,
4,1677,2026-08-30 13:24:45-07:00,counter,No inside line,,,,True,False,True,False,18,UNREVIEWED,,,,,,
4,1683,2026-08-30 13:26:35-07:00,drive_thru,No inside line,,,,True,False,True,False,18,UNREVIEWED,,,,,,
4,1686,2026-08-30 13:28:23-07:00,counter,Small inside line was none for awhile,,,,False,False,True,True,18,UNREVIEWED,,,,,,
4,1735,2026-08-30 19:24:30-07:00,counter,Giant group of like 10 people came in as a group. About 4 in front of them. Was not a big line a minute ago. Comes on waves,,,,False,False,False,True,,UNREVIEWED,,,,,,
4,1739,2026-08-30 19:27:53-07:00,counter,8 in line,8,,,False,False,False,False,19,UNREVIEWED,,,,,,
4,1787,2026-08-30 19:48:10-07:00,drive_thru,Inside line is at least 10. 2 reg open,,,2,False,False,True,False,19,UNREVIEWED,,,,,,
4,1803,2026-08-30 19:54:06-07:00,counter,Giant inside line. Lull in orders coming out. Not a lull in orders. Been steady,,,,False,False,True,False,19,UNREVIEWED,,,,,,
4,1804,2026-08-30 19:54:32-07:00,counter,10-11+ in line and not dying down wth 3 reg open,10-11+,,3,False,False,True,False,19,UNREVIEWED,,,,,,
4,1816,2026-08-30 19:57:33-07:00,counter,Inside line finally going down,,,,False,False,True,False,19,UNREVIEWED,,,,,,
4,1817,2026-08-30 19:57:44-07:00,counter,2 reg open,,,2,False,False,True,False,19,UNREVIEWED,,,,,,
4,1837,2026-08-30 20:03:51-07:00,counter,The inside line has not been zero for whole log time.,,,,False,False,True,False,19,UNREVIEWED,,,,,,
4,1838,2026-08-30 20:04:09-07:00,counter,2 reg open,,,2,False,False,True,False,19,UNREVIEWED,,,,,,
4,1852,2026-08-30 20:09:18-07:00,counter,Ordering line still steady but not huge,,,,False,False,False,False,19,UNREVIEWED,,,,,,
4,1900,2026-08-30 20:26:59-07:00,counter,Inside line not too long,,,,False,False,True,False,19,UNREVIEWED,,,,,,
4,1904,2026-08-30 20:27:46-07:00,counter,Inside line only a few at reg.,,,,False,False,True,False,19,UNREVIEWED,,,,,,
4,1906,2026-08-30 20:29:12-07:00,counter,Was going to say no inside line but then 4 showed up!,,,,True,False,True,True,19,UNREVIEWED,,,,,,
4,1910,2026-08-30 20:34:34-07:00,drive_thru,Half the tables empty now but inside line about 7,,7,,False,False,True,True,,UNREVIEWED,,,,,,
4,1922,2026-08-31 21:42:57-07:00,counter,Was no inside line for awhile then a burst back to no inside line. DTL full,,,,True,True,True,True,20,UNREVIEWED,,,,,,
4,1929,2026-08-31 21:47:02-07:00,counter,No line inside. . DTL full.,,,,True,True,True,False,20,UNREVIEWED,,,,,,
4,1937,2026-08-31 21:51:47-07:00,counter,Line inside,,,,False,False,True,False,20,UNREVIEWED,,,,,,
4,1939,2026-08-31 21:54:50-07:00,counter,2 in line inside. Not huge not empty. Inside dining area just under half full,2,,,False,False,True,False,20,UNREVIEWED,,,,,,
4,1941,2026-08-31 21:55:30-07:00,counter,Inside line 6,,6,,False,False,True,False,20,UNREVIEWED,,,,,,
4,1951,2026-08-31 22:02:25-07:00,counter,Very small line like 1-2. Or 0. Not growing at all just very smal trickle,,1-2,,True,False,False,False,20,UNREVIEWED,,,,,,
4,1967,2026-08-31 22:10:14-07:00,counter,Small line like 2 inside. It’s not been over 3 for most of the observed window. And 0 much of the time observing,,2,,True,False,True,False,20,UNREVIEWED,,,,,,
4,1978,2026-08-31 22:17:09-07:00,counter,No inside line for awhile,,,,True,False,True,True,20,UNREVIEWED,,,,,,
4,1983,2026-08-31 22:19:05-07:00,counter,One group at reg of 3 people no line.,,,,True,False,True,False,20,UNREVIEWED,,,,,,
4,1992,2026-08-31 22:24:09-07:00,counter,Inside has a line out of nowhere 9!!,,,,False,False,True,True,20,UNREVIEWED,,,,,,
4,1997,2026-08-31 22:27:14-07:00,counter,Line down to 2,,2,,False,False,False,False,20,UNREVIEWED,,,,,,
4,1998,2026-08-31 22:28:38-07:00,counter,Inside line is 3,,3,,False,False,True,False,20,UNREVIEWED,,,,,,
4,2017,2026-08-31 22:41:35-07:00,counter,No inside line,,,,True,False,True,False,20,UNREVIEWED,,,,,,
4,2023,2026-08-31 22:44:29-07:00,drive_thru,Group just came in. From no line to 5,,,,True,False,False,False,20,UNREVIEWED,,,,,,
4,2030,2026-09-01 22:31:31-07:00,counter,1 inside line,1,,,False,False,True,False,21,UNREVIEWED,,,,,,
4,2037,2026-09-01 22:33:50-07:00,counter,No inside line,,,,True,False,True,False,21,UNREVIEWED,,,,,,
4,2050,2026-09-01 22:44:16-07:00,counter,Inside line was zero for awhile now 5,,,,False,False,True,True,21,UNREVIEWED,,,,,,
4,2065,2026-09-01 22:53:12-07:00,counter,No inside line,,,,True,False,True,False,21,UNREVIEWED,,,,,,
4,2074,2026-09-01 23:00:50-07:00,counter,Sporadic groups inside small. Not totally empty line I side but half,,,,False,False,True,False,21,UNREVIEWED,,,,,,
4,2097,2026-09-01 23:21:04-07:00,counter,Big inside group now. Line is like 8,,,,False,False,True,True,21,UNREVIEWED,,,,,,
4,2139,2026-09-02 16:50:44-07:00,drive_thru,Inside line small. More than half tables are full,,,,False,False,True,False,22,UNREVIEWED,,,,,,
4,2182,2026-09-02 17:16:14-07:00,counter,Inside semi medium loud but line is short - more than half tables taken,,,,False,False,True,False,22,UNREVIEWED,,,,,,
4,2208,2026-09-03 21:06:16-07:00,counter,Inside line small. It not 0,,,,True,False,True,False,23,UNREVIEWED,,,,,,
4,2229,2026-09-03 21:18:54-07:00,counter,No line,,,,True,False,False,False,23,UNREVIEWED,,,,,,
4,2242,2026-09-03 21:23:47-07:00,counter,Small line inside but orders coming out steadily. Has not been a big line inside at all but inside is beating DTL,,,,False,True,True,False,23,UNREVIEWED,,,,,,
4,2252,2026-09-03 21:28:15-07:00,counter,7 inside line,7,,,False,False,True,False,23,UNREVIEWED,,,,,,
4,2307,2026-09-03 21:59:35-07:00,counter,Giant line inside out of nowhere. Over 10,,,,False,False,True,True,23,UNREVIEWED,,,,,,
4,2310,2026-09-03 22:03:20-07:00,counter,Inside line 8 2reg up,,8,2,False,False,True,False,23,UNREVIEWED,,,,,,
4,2328,2026-09-03 22:18:33-07:00,counter,Inside line has died down,,,,False,False,True,False,23,UNREVIEWED,,,,,,
4,2426,2026-09-04 20:50:09-07:00,counter,Inside has small line 4-5,,4-5,,False,False,True,False,24,UNREVIEWED,,,,,,
4,2465,2026-09-04 21:12:20-07:00,counter,Inside line zero,,,,True,False,True,False,24,UNREVIEWED,,,,,,
4,2520,2026-09-05 18:26:22-07:00,counter,Now 5 line,5,,,False,False,False,True,25,UNREVIEWED,,,,,,
4,2527,2026-09-05 18:29:36-07:00,counter,Line 7+,,7+,,False,False,False,False,25,UNREVIEWED,,,,,,
4,2540,2026-09-05 18:36:41-07:00,counter,"7 line, DTL full",7,,,False,True,False,False,25,UNREVIEWED,,,,,,
4,2549,2026-09-05 18:41:28-07:00,counter,Line 2,,2,,False,False,False,False,25,UNREVIEWED,,,,,,
4,2601,2026-09-05 19:02:22-07:00,counter,Inside line 3,,3,,False,False,True,False,25,UNREVIEWED,,,,,,
4,2619,2026-09-05 19:11:00-07:00,counter,Inside line 6,,6,,False,False,True,False,25,UNREVIEWED,,,,,,
4,2805,2026-09-06 18:38:05-07:00,counter,"Raining, rainbow. DTL full inside line small. Inside dining area 2/3 full",,,,False,True,True,False,26,UNREVIEWED,,,,,,
4,2932,2026-09-06 19:24:34-07:00,counter,Inside line exploded,,,,False,False,True,False,26,UNREVIEWED,,,,,,
4,2936,2026-09-06 19:25:30-07:00,counter,Inside will be a zoo soon with that line. Lots standing around too,,,,False,False,True,False,26,UNREVIEWED,,,,,,
