source_row,seq,expected_note,line_category,count_convention,timestamp,original_note,counter_segment_id,usable,exclusion_reason,prior_minutes,prior_orders,prior_orders_per_hour,line_condition,recent_output_condition,condition
0,2,Slow night no one in line.,empty,explicit_empty,2026-08-17 20:08:22-07:00,Slow night no one in line.,1,True,,1.2333333333333334,0.0,,Line 0-7,insufficient history,Line 0-7; insufficient history
0,6,No one in line,empty,explicit_empty,2026-08-17 20:10:42-07:00,No one in line,1,True,,3.566666666666667,3.0,,Line 0-7,insufficient history,Line 0-7; insufficient history
2,35,When I got here a few minutes ago no line. Now 6 in line,4-7,reported_value,2026-08-18 19:27:07-07:00,When I got here a few minutes ago no line. Now 6 in line,3,True,,2.9166666666666665,2.0,,Line 0-7,insufficient history,Line 0-7; insufficient history
2,40,Line gone,empty,explicit_empty,2026-08-18 19:34:46-07:00,Line gone,3,True,,10.566666666666666,5.0,,Line 0-7,insufficient history,Line 0-7; insufficient history
2,41,1 in line,1-3,reported_value,2026-08-18 19:35:43-07:00,1 in line,3,True,,11.516666666666667,5.0,,Line 0-7,insufficient history,Line 0-7; insufficient history
2,42,2 in line - lull in I side orders likely demand driven from lull in orders a bit ago.,1-3,reported_value,2026-08-18 19:37:29-07:00,2 in line - lull in I side orders likely demand driven from lull in orders a bit ago.,3,True,,13.283333333333333,5.0,,Line 0-7,insufficient history,Line 0-7; insufficient history
2,52,Line 7,4-7,reported_value,2026-08-18 19:42:16-07:00,Line 7,3,True,,18.066666666666666,11.0,,Line 0-7,insufficient history,Line 0-7; insufficient history
4,11,No one in line or manning registers they are doing a lot of clean up,empty,explicit_empty,2026-08-20 00:06:11-07:00,No one in line or manning registers they are doing a lot of clean up,4,True,,17.0,3.0,,Line 0-7,insufficient history,Line 0-7; insufficient history
4,91,No line.,empty,explicit_empty,2026-08-20 18:07:36-07:00,No line.,5,True,,17.316666666666666,10.0,,Line 0-7,insufficient history,Line 0-7; insufficient history
4,98,Burst of orders coming out from line earlier. No line now inside,empty,explicit_empty,2026-08-20 18:10:10-07:00,Burst of orders coming out from line earlier. No line now inside,5,True,,19.883333333333333,16.0,,Line 0-7,insufficient history,Line 0-7; insufficient history
4,217,Line about 4,4-7,reported_value,2026-08-21 14:36:10-07:00,Line about 4,7,True,,0.6666666666666666,0.0,,Line 0-7,insufficient history,Line 0-7; insufficient history
4,230,2 teg open 8 in line,8+,reported_value,2026-08-21 14:45:03-07:00,2 teg open 8 in line,7,True,,9.55,10.0,,Line 8+,insufficient history,Line 8+; insufficient history
4,236,3 reg open 12 in line,8+,reported_value,2026-08-21 14:47:52-07:00,3 reg open 12 in line,7,True,,12.366666666666667,14.0,,Line 8+,insufficient history,Line 8+; insufficient history
4,250,No line. Huge surge got handled.,empty,explicit_empty,2026-08-21 19:33:35-07:00,No line. Huge surge got handled.,8,True,,6.883333333333334,9.0,,Line 0-7,insufficient history,Line 0-7; insufficient history
4,255,Expect a surge of orders after big line orders gets processed. No line now,empty,explicit_empty,2026-08-21 19:36:42-07:00,Expect a surge of orders after big line orders gets processed. No line now,8,True,,10.0,10.0,,Line 0-7,insufficient history,Line 0-7; insufficient history
4,271,6 in line with 3 reg open,4-7,reported_value,2026-08-21 19:45:34-07:00,6 in line with 3 reg open,8,True,,18.866666666666667,21.0,,Line 0-7,insufficient history,Line 0-7; insufficient history
4,549,No line inside,empty,explicit_empty,2026-08-22 12:13:55-07:00,No line inside,9,True,,12.266666666666667,8.0,,Line 0-7,insufficient history,Line 0-7; insufficient history
4,603,No line,empty,explicit_empty,2026-08-22 17:34:02-07:00,No line,10,True,,20.65,10.0,29.055690072639226,Line 0-7,lower recent output,Line 0-7; lower recent output
4,763,8 in line but 3 are new,8+,reported_value,2026-08-23 13:52:17-07:00,8 in line but 3 are new,11,True,,6.633333333333334,4.0,,Line 8+,insufficient history,Line 8+; insufficient history
4,767,10 in line,8+,reported_value,2026-08-23 13:54:42-07:00,10 in line,11,True,,9.05,7.0,,Line 8+,insufficient history,Line 8+; insufficient history
4,778,No inside line,empty,explicit_empty,2026-08-23 14:05:48-07:00,No inside line,11,True,,20.15,18.0,53.598014888337474,Line 0-7,higher recent output,Line 0-7; higher recent output
4,886,Large scale snide line. 2 reg. 10+ in line,8+,reported_lower_bound,2026-08-23 19:42:34-07:00,Large scale snide line. 2 reg. 10+ in line,12,True,,1.5166666666666666,1.0,,Line 8+,insufficient history,Line 8+; insufficient history
4,896,13+ in line.,8+,reported_lower_bound,2026-08-23 19:52:24-07:00,13+ in line.,12,True,,11.35,11.0,,Line 8+,insufficient history,Line 8+; insufficient history
4,911,9 in line. Line has not died down,8+,reported_value,2026-08-23 20:09:48-07:00,9 in line. Line has not died down,12,True,,28.75,25.0,52.17391304347826,Line 8+,higher recent output,Line 8+; higher recent output
4,923,12 in line was longer,8+,reported_value,2026-08-23 20:27:54-07:00,12 in line was longer,12,True,,46.85,36.0,46.10458911419423,Line 8+,higher recent output,Line 8+; higher recent output
4,1039,6 in line was zero not long ago,4-7,reported_value,2026-08-24 11:45:30-07:00,6 in line was zero not long ago,14,True,,2.066666666666667,1.0,,Line 0-7,insufficient history,Line 0-7; insufficient history
4,1051,No line for awhile inside. Mostly empty inside now,empty,explicit_empty,2026-08-24 12:00:06-07:00,No line for awhile inside. Mostly empty inside now,14,True,,16.666666666666668,12.0,,Line 0-7,insufficient history,Line 0-7; insufficient history
4,1062,No line,empty,explicit_empty,2026-08-24 12:18:08-07:00,No line,14,True,,34.7,23.0,39.76945244956772,Line 0-7,higher recent output,Line 0-7; higher recent output
4,1064,No inside line,empty,explicit_empty,2026-08-24 12:18:31-07:00,No inside line,14,True,,35.083333333333336,23.0,39.334916864608076,Line 0-7,higher recent output,Line 0-7; higher recent output
4,1072,Inside over half full - line about 6,4-7,reported_value,2026-08-24 12:20:13-07:00,Inside over half full - line about 6,14,True,,36.78333333333333,27.0,44.041685545990035,Line 0-7,higher recent output,Line 0-7; higher recent output
4,1392,Only 2 in line inside,1-3,reported_value,2026-08-29 21:10:24-07:00,Only 2 in line inside,17,True,,1.6,0.0,,Line 0-7,insufficient history,Line 0-7; insufficient history
4,1400,2 in line at inside,1-3,reported_value,2026-08-29 21:14:18-07:00,2 in line at inside,17,True,,5.5,2.0,,Line 0-7,insufficient history,Line 0-7; insufficient history
4,1407,8 in line inside.,8+,reported_value,2026-08-29 21:17:50-07:00,8 in line inside.,17,True,,9.033333333333333,6.0,,Line 8+,insufficient history,Line 8+; insufficient history
4,1452,No line inside but dining area pretty full,empty,explicit_empty,2026-08-30 11:54:53-07:00,No line inside but dining area pretty full,18,True,,2.783333333333333,3.0,,Line 0-7,insufficient history,Line 0-7; insufficient history
4,1456,Small line 2-3,1-3,reported_range,2026-08-30 11:56:23-07:00,Small line 2-3,18,True,,4.283333333333333,3.0,,Line 0-7,insufficient history,Line 0-7; insufficient history
4,1467,No I side line,empty,explicit_empty,2026-08-30 12:03:12-07:00,No I side line,18,True,,11.1,9.0,,Line 0-7,insufficient history,Line 0-7; insufficient history
4,1479,Inside line has 6,4-7,reported_value,2026-08-30 12:07:18-07:00,Inside line has 6,18,True,,15.2,10.0,,Line 0-7,insufficient history,Line 0-7; insufficient history
4,1495,No inside line. Dining area emptying out slowly about half full,empty,explicit_empty,2026-08-30 12:11:15-07:00,No inside line. Dining area emptying out slowly about half full,18,True,,19.15,12.0,,Line 0-7,insufficient history,Line 0-7; insufficient history
4,1497,DTL 2-3 cars from full while inside has 8 in line,8+,reported_value,2026-08-30 12:12:09-07:00,DTL 2-3 cars from full while inside has 8 in line,18,True,,20.05,12.0,35.910224438902745,Line 8+,higher recent output,Line 8+; higher recent output
4,1509,Inside line 6 with two reg,4-7,reported_value,2026-08-30 12:16:23-07:00,Inside line 6 with two reg,18,True,,24.283333333333335,13.0,32.12079615648593,Line 0-7,lower recent output,Line 0-7; lower recent output
4,1524,Inside line 4,4-7,reported_value,2026-08-30 12:23:34-07:00,Inside line 4,18,True,,31.466666666666665,16.0,30.508474576271187,Line 0-7,lower recent output,Line 0-7; lower recent output
4,1545,Inside line 5,4-7,reported_value,2026-08-30 12:31:54-07:00,Inside line 5,18,True,,39.8,22.0,33.165829145728644,Line 0-7,lower recent output,Line 0-7; lower recent output
4,1556,No inside line.,empty,explicit_empty,2026-08-30 12:34:43-07:00,No inside line.,18,True,,42.61666666666667,25.0,35.19749706687524,Line 0-7,lower recent output,Line 0-7; lower recent output
4,1605,Inside line about 6,4-7,reported_value,2026-08-30 12:57:16-07:00,Inside line about 6,18,True,,60.0,34.0,34.0,Line 0-7,lower recent output,Line 0-7; lower recent output
4,1617,Line around 6 inside,4-7,reported_value,2026-08-30 13:00:39-07:00,Line around 6 inside,18,True,,60.0,34.0,34.0,Line 0-7,lower recent output,Line 0-7; lower recent output
4,1623,Inside line about 8,8+,reported_value,2026-08-30 13:02:26-07:00,Inside line about 8,18,True,,60.0,35.0,35.0,Line 8+,lower recent output,Line 8+; lower recent output
4,1652,Line is 13+ inside,8+,reported_lower_bound,2026-08-30 13:13:47-07:00,Line is 13+ inside,18,True,,60.0,42.0,42.0,Line 8+,higher recent output,Line 8+; higher recent output
4,1677,No inside line,empty,explicit_empty,2026-08-30 13:24:45-07:00,No inside line,18,True,,60.0,53.0,53.0,Line 0-7,higher recent output,Line 0-7; higher recent output
4,1683,No inside line,empty,explicit_empty,2026-08-30 13:26:35-07:00,No inside line,18,True,,60.0,53.0,53.0,Line 0-7,higher recent output,Line 0-7; higher recent output
4,1739,8 in line,8+,reported_value,2026-08-30 19:27:53-07:00,8 in line,19,True,,0.95,1.0,,Line 8+,insufficient history,Line 8+; insufficient history
4,1787,Inside line is at least 10. 2 reg open,8+,reported_lower_bound,2026-08-30 19:48:10-07:00,Inside line is at least 10. 2 reg open,19,True,,21.233333333333334,11.0,31.08320251177394,Line 8+,lower recent output,Line 8+; lower recent output
4,1804,10-11+ in line and not dying down wth 3 reg open,8+,reported_lower_bound,2026-08-30 19:54:32-07:00,10-11+ in line and not dying down wth 3 reg open,19,True,,27.6,15.0,32.608695652173914,Line 8+,lower recent output,Line 8+; lower recent output
4,1922,Was no inside line for awhile then a burst back to no inside line. DTL full,empty,explicit_empty,2026-08-31 21:42:57-07:00,Was no inside line for awhile then a burst back to no inside line. DTL full,20,True,,6.266666666666667,6.0,,Line 0-7,insufficient history,Line 0-7; insufficient history
4,1929,No line inside. . DTL full.,empty,explicit_empty,2026-08-31 21:47:02-07:00,No line inside. . DTL full.,20,True,,10.35,7.0,,Line 0-7,insufficient history,Line 0-7; insufficient history
4,1939,2 in line inside. Not huge not empty. Inside dining area just under half full,1-3,reported_value,2026-08-31 21:54:50-07:00,2 in line inside. Not huge not empty. Inside dining area just under half full,20,True,,18.15,10.0,,Line 0-7,insufficient history,Line 0-7; insufficient history
4,1941,Inside line 6,4-7,reported_value,2026-08-31 21:55:30-07:00,Inside line 6,20,True,,18.816666666666666,10.0,,Line 0-7,insufficient history,Line 0-7; insufficient history
4,1967,Small line like 2 inside. It’s not been over 3 for most of the observed window. And 0 much of the time observing,1-3,reported_value,2026-08-31 22:10:14-07:00,Small line like 2 inside. It’s not been over 3 for most of the observed window. And 0 much of the time observing,20,True,,33.55,19.0,33.97913561847989,Line 0-7,lower recent output,Line 0-7; lower recent output
4,1978,No inside line for awhile,empty,explicit_empty,2026-08-31 22:17:09-07:00,No inside line for awhile,20,True,,40.46666666666667,22.0,32.61943986820428,Line 0-7,lower recent output,Line 0-7; lower recent output
4,1992,Inside has a line out of nowhere 9!!,8+,reported_value,2026-08-31 22:24:09-07:00,Inside has a line out of nowhere 9!!,20,True,,47.46666666666667,25.0,31.601123595505616,Line 8+,lower recent output,Line 8+; lower recent output
4,1997,Line down to 2,1-3,reported_value,2026-08-31 22:27:14-07:00,Line down to 2,20,True,,50.55,27.0,32.047477744807125,Line 0-7,lower recent output,Line 0-7; lower recent output
4,1998,Inside line is 3,1-3,reported_value,2026-08-31 22:28:38-07:00,Inside line is 3,20,True,,51.95,27.0,31.18383060635226,Line 0-7,lower recent output,Line 0-7; lower recent output
4,2017,No inside line,empty,explicit_empty,2026-08-31 22:41:35-07:00,No inside line,20,True,,60.0,30.0,30.0,Line 0-7,lower recent output,Line 0-7; lower recent output
4,2030,1 inside line,1-3,reported_value,2026-09-01 22:31:31-07:00,1 inside line,21,True,,0.8833333333333333,0.0,,Line 0-7,insufficient history,Line 0-7; insufficient history
4,2037,No inside line,empty,explicit_empty,2026-09-01 22:33:50-07:00,No inside line,21,True,,3.2,1.0,,Line 0-7,insufficient history,Line 0-7; insufficient history
4,2050,Inside line was zero for awhile now 5,4-7,reported_value,2026-09-01 22:44:16-07:00,Inside line was zero for awhile now 5,21,True,,13.633333333333333,3.0,,Line 0-7,insufficient history,Line 0-7; insufficient history
4,2065,No inside line,empty,explicit_empty,2026-09-01 22:53:12-07:00,No inside line,21,True,,22.566666666666666,4.0,10.635155096011816,Line 0-7,lower recent output,Line 0-7; lower recent output
4,2097,Big inside group now. Line is like 8,8+,reported_value,2026-09-01 23:21:04-07:00,Big inside group now. Line is like 8,21,True,,50.43333333333333,8.0,9.517514871116987,Line 8+,lower recent output,Line 8+; lower recent output
4,2229,No line,empty,explicit_empty,2026-09-03 21:18:54-07:00,No line,23,True,,15.666666666666666,14.0,,Line 0-7,insufficient history,Line 0-7; insufficient history
4,2252,7 inside line,4-7,reported_value,2026-09-03 21:28:15-07:00,7 inside line,23,True,,25.016666666666666,25.0,59.96002664890074,Line 0-7,higher recent output,Line 0-7; higher recent output
4,2307,Giant line inside out of nowhere. Over 10,8+,reported_lower_bound,2026-09-03 21:59:35-07:00,Giant line inside out of nowhere. Over 10,23,True,,56.35,50.0,53.23868677905945,Line 8+,higher recent output,Line 8+; higher recent output
4,2310,Inside line 8 2reg up,8+,reported_value,2026-09-03 22:03:20-07:00,Inside line 8 2reg up,23,True,,60.0,51.0,51.0,Line 8+,higher recent output,Line 8+; higher recent output
4,2426,Inside has small line 4-5,4-7,reported_range,2026-09-04 20:50:09-07:00,Inside has small line 4-5,24,True,,35.88333333333333,37.0,61.86716209939619,Line 0-7,higher recent output,Line 0-7; higher recent output
4,2465,Inside line zero,empty,explicit_empty,2026-09-04 21:12:20-07:00,Inside line zero,24,True,,58.06666666666667,56.0,57.86452353616532,Line 0-7,higher recent output,Line 0-7; higher recent output
4,2520,Now 5 line,4-7,reported_value,2026-09-05 18:26:22-07:00,Now 5 line,25,True,,12.55,9.0,,Line 0-7,insufficient history,Line 0-7; insufficient history
4,2540,"7 line, DTL full",4-7,reported_value,2026-09-05 18:36:41-07:00,"7 line, DTL full",25,True,,22.866666666666667,15.0,39.35860058309038,Line 0-7,higher recent output,Line 0-7; higher recent output
4,2549,Line 2,1-3,reported_value,2026-09-05 18:41:28-07:00,Line 2,25,True,,27.65,19.0,41.22965641952984,Line 0-7,higher recent output,Line 0-7; higher recent output
4,2601,Inside line 3,1-3,reported_value,2026-09-05 19:02:22-07:00,Inside line 3,25,True,,48.55,32.0,39.54685890834192,Line 0-7,higher recent output,Line 0-7; higher recent output
4,2619,Inside line 6,4-7,reported_value,2026-09-05 19:11:00-07:00,Inside line 6,25,True,,57.18333333333333,37.0,38.82250072865054,Line 0-7,higher recent output,Line 0-7; higher recent output
