lag_band,segment_id,start,end,minutes,orders,condition,note_source_row,note_seq,note_timestamp,prior_orders_per_hour,baseline_expected_orders,operating_day
0-15 min,10,2026-08-22 17:34:02-07:00,2026-08-22 17:40:05-07:00,6.05,4.0,Line 0-7; lower recent output,4,603,2026-08-22 17:34:02-07:00,29.055690072639226,2.9297820823244556,2026-08-22
0-15 min,11,2026-08-23 14:05:48-07:00,2026-08-23 14:09:33-07:00,3.75,4.0,Line 0-7; higher recent output,4,778,2026-08-23 14:05:48-07:00,53.598014888337474,3.349875930521092,2026-08-23
0-15 min,12,2026-08-23 20:09:48-07:00,2026-08-23 20:24:48-07:00,15.0,6.0,Line 8+; higher recent output,4,911,2026-08-23 20:09:48-07:00,52.17391304347826,13.043478260869565,2026-08-23
0-15 min,12,2026-08-23 20:27:54-07:00,2026-08-23 20:41:15-07:00,13.35,11.0,Line 8+; higher recent output,4,923,2026-08-23 20:27:54-07:00,46.10458911419423,10.258271077908216,2026-08-23
0-15 min,14,2026-08-24 12:18:08-07:00,2026-08-24 12:18:31-07:00,0.38333333333333336,0.0,Line 0-7; higher recent output,4,1062,2026-08-24 12:18:08-07:00,39.76945244956772,0.25408261287223827,2026-08-24
0-15 min,14,2026-08-24 12:18:31-07:00,2026-08-24 12:20:13-07:00,1.7,4.0,Line 0-7; higher recent output,4,1064,2026-08-24 12:18:31-07:00,39.334916864608076,1.1144893111638956,2026-08-24
0-15 min,14,2026-08-24 12:20:13-07:00,2026-08-24 12:33:08-07:00,12.916666666666666,10.0,Line 0-7; higher recent output,4,1072,2026-08-24 12:20:13-07:00,44.041685545990035,9.48119619392841,2026-08-24
0-15 min,14,2026-08-24 12:33:08-07:00,2026-08-24 12:33:31-07:00,0.38333333333333336,0.0,Line 0-7; higher recent output,4,1072,2026-08-24 12:20:13-07:00,44.041685545990035,0.2813774354327141,2026-08-24
0-15 min,14,2026-08-24 12:33:31-07:00,2026-08-24 12:35:13-07:00,1.7,1.0,Line 0-7; higher recent output,4,1072,2026-08-24 12:20:13-07:00,44.041685545990035,1.2478477571363842,2026-08-24
0-15 min,18,2026-08-30 12:12:09-07:00,2026-08-30 12:16:23-07:00,4.233333333333333,1.0,Line 8+; higher recent output,4,1497,2026-08-30 12:12:09-07:00,35.910224438902745,2.533665835411471,2026-08-30
0-15 min,18,2026-08-30 12:16:23-07:00,2026-08-30 12:23:34-07:00,7.183333333333334,3.0,Line 0-7; lower recent output,4,1509,2026-08-30 12:16:23-07:00,32.12079615648593,3.84557309540151,2026-08-30
0-15 min,18,2026-08-30 12:23:34-07:00,2026-08-30 12:27:09-07:00,3.5833333333333335,3.0,Line 0-7; lower recent output,4,1524,2026-08-30 12:23:34-07:00,30.508474576271187,1.822033898305085,2026-08-30
0-15 min,18,2026-08-30 12:27:09-07:00,2026-08-30 12:31:23-07:00,4.233333333333333,3.0,Line 0-7; lower recent output,4,1524,2026-08-30 12:23:34-07:00,30.508474576271187,2.152542372881356,2026-08-30
0-15 min,18,2026-08-30 12:31:23-07:00,2026-08-30 12:31:54-07:00,0.5166666666666667,0.0,Line 0-7; lower recent output,4,1524,2026-08-30 12:23:34-07:00,30.508474576271187,0.2627118644067797,2026-08-30
0-15 min,18,2026-08-30 12:31:54-07:00,2026-08-30 12:34:43-07:00,2.816666666666667,3.0,Line 0-7; lower recent output,4,1545,2026-08-30 12:31:54-07:00,33.165829145728644,1.5569514237855948,2026-08-30
0-15 min,18,2026-08-30 12:34:43-07:00,2026-08-30 12:38:34-07:00,3.85,2.0,Line 0-7; lower recent output,4,1556,2026-08-30 12:34:43-07:00,35.19749706687524,2.258506061791161,2026-08-30
0-15 min,18,2026-08-30 12:38:34-07:00,2026-08-30 12:46:54-07:00,8.333333333333334,8.0,Line 0-7; lower recent output,4,1556,2026-08-30 12:34:43-07:00,35.19749706687524,4.888541259288229,2026-08-30
0-15 min,18,2026-08-30 12:46:54-07:00,2026-08-30 12:49:43-07:00,2.816666666666667,0.0,Line 0-7; lower recent output,4,1556,2026-08-30 12:34:43-07:00,35.19749706687524,1.6523269456394212,2026-08-30
0-15 min,18,2026-08-30 12:57:16-07:00,2026-08-30 13:00:39-07:00,3.3833333333333333,4.0,Line 0-7; lower recent output,4,1605,2026-08-30 12:57:16-07:00,34.0,1.9172222222222222,2026-08-30
0-15 min,18,2026-08-30 13:00:39-07:00,2026-08-30 13:02:26-07:00,1.7833333333333334,2.0,Line 0-7; lower recent output,4,1617,2026-08-30 13:00:39-07:00,34.0,1.0105555555555557,2026-08-30
0-15 min,18,2026-08-30 13:02:26-07:00,2026-08-30 13:12:16-07:00,9.833333333333334,9.0,Line 8+; lower recent output,4,1623,2026-08-30 13:02:26-07:00,35.0,5.736111111111112,2026-08-30
0-15 min,18,2026-08-30 13:12:16-07:00,2026-08-30 13:13:47-07:00,1.5166666666666666,2.0,Line 8+; lower recent output,4,1623,2026-08-30 13:02:26-07:00,35.0,0.8847222222222222,2026-08-30
0-15 min,18,2026-08-30 13:13:47-07:00,2026-08-30 13:15:39-07:00,1.8666666666666667,3.0,Line 8+; higher recent output,4,1652,2026-08-30 13:13:47-07:00,42.0,1.3066666666666669,2026-08-30
0-15 min,18,2026-08-30 13:15:39-07:00,2026-08-30 13:17:26-07:00,1.7833333333333334,1.0,Line 8+; higher recent output,4,1652,2026-08-30 13:13:47-07:00,42.0,1.2483333333333335,2026-08-30
0-15 min,18,2026-08-30 13:17:26-07:00,2026-08-30 13:24:45-07:00,7.316666666666666,11.0,Line 8+; higher recent output,4,1652,2026-08-30 13:13:47-07:00,42.0,5.121666666666667,2026-08-30
0-15 min,18,2026-08-30 13:24:45-07:00,2026-08-30 13:26:35-07:00,1.8333333333333333,3.0,Line 0-7; higher recent output,4,1677,2026-08-30 13:24:45-07:00,53.0,1.6194444444444442,2026-08-30
0-15 min,18,2026-08-30 13:26:35-07:00,2026-08-30 13:28:47-07:00,2.2,1.0,Line 0-7; higher recent output,4,1683,2026-08-30 13:26:35-07:00,53.0,1.9433333333333336,2026-08-30
0-15 min,18,2026-08-30 13:28:47-07:00,2026-08-30 13:39:45-07:00,10.966666666666667,6.0,Line 0-7; higher recent output,4,1683,2026-08-30 13:26:35-07:00,53.0,9.687222222222223,2026-08-30
0-15 min,18,2026-08-30 13:39:45-07:00,2026-08-30 13:41:35-07:00,1.8333333333333333,2.0,Line 0-7; higher recent output,4,1683,2026-08-30 13:26:35-07:00,53.0,1.6194444444444442,2026-08-30
0-15 min,19,2026-08-30 19:48:10-07:00,2026-08-30 19:54:32-07:00,6.366666666666666,4.0,Line 8+; lower recent output,4,1787,2026-08-30 19:48:10-07:00,31.08320251177394,3.2982731554160125,2026-08-30
0-15 min,19,2026-08-30 19:54:32-07:00,2026-08-30 20:03:10-07:00,8.633333333333333,9.0,Line 8+; lower recent output,4,1804,2026-08-30 19:54:32-07:00,32.608695652173914,4.692028985507246,2026-08-30
0-15 min,19,2026-08-30 20:03:10-07:00,2026-08-30 20:09:32-07:00,6.366666666666666,13.0,Line 8+; lower recent output,4,1804,2026-08-30 19:54:32-07:00,32.608695652173914,3.460144927536232,2026-08-30
0-15 min,20,2026-08-31 22:10:14-07:00,2026-08-31 22:17:09-07:00,6.916666666666667,3.0,Line 0-7; lower recent output,4,1967,2026-08-31 22:10:14-07:00,33.97913561847989,3.917039244908098,2026-08-31
0-15 min,20,2026-08-31 22:17:09-07:00,2026-08-31 22:24:09-07:00,7.0,3.0,Line 0-7; lower recent output,4,1978,2026-08-31 22:17:09-07:00,32.61943986820428,3.8056013179571666,2026-08-31
0-15 min,20,2026-08-31 22:24:09-07:00,2026-08-31 22:25:14-07:00,1.0833333333333333,0.0,Line 8+; lower recent output,4,1992,2026-08-31 22:24:09-07:00,31.601123595505616,0.5705758426966291,2026-08-31
0-15 min,20,2026-08-31 22:25:14-07:00,2026-08-31 22:27:14-07:00,2.0,2.0,Line 8+; lower recent output,4,1992,2026-08-31 22:24:09-07:00,31.601123595505616,1.0533707865168538,2026-08-31
0-15 min,20,2026-08-31 22:27:14-07:00,2026-08-31 22:28:38-07:00,1.4,0.0,Line 0-7; lower recent output,4,1997,2026-08-31 22:27:14-07:00,32.047477744807125,0.7477744807121662,2026-08-31
0-15 min,20,2026-08-31 22:28:38-07:00,2026-08-31 22:32:09-07:00,3.5166666666666666,2.0,Line 0-7; lower recent output,4,1998,2026-08-31 22:28:38-07:00,31.18383060635226,1.8277189605389796,2026-08-31
0-15 min,20,2026-08-31 22:32:09-07:00,2026-08-31 22:39:09-07:00,7.0,3.0,Line 0-7; lower recent output,4,1998,2026-08-31 22:28:38-07:00,31.18383060635226,3.6381135707410968,2026-08-31
0-15 min,20,2026-08-31 22:39:09-07:00,2026-08-31 22:41:35-07:00,2.433333333333333,1.0,Line 0-7; lower recent output,4,1998,2026-08-31 22:28:38-07:00,31.18383060635226,1.2646775745909526,2026-08-31
0-15 min,20,2026-08-31 22:41:35-07:00,2026-08-31 22:42:14-07:00,0.65,0.0,Line 0-7; lower recent output,4,2017,2026-08-31 22:41:35-07:00,30.0,0.325,2026-08-31
0-15 min,20,2026-08-31 22:42:14-07:00,2026-08-31 22:43:38-07:00,1.4,1.0,Line 0-7; lower recent output,4,2017,2026-08-31 22:41:35-07:00,30.0,0.7,2026-08-31
0-15 min,20,2026-08-31 22:43:38-07:00,2026-08-31 22:46:42-07:00,3.066666666666667,0.0,Line 0-7; lower recent output,4,2017,2026-08-31 22:41:35-07:00,30.0,1.5333333333333334,2026-08-31
0-15 min,21,2026-09-01 22:53:12-07:00,2026-09-01 23:08:12-07:00,15.0,2.0,Line 0-7; lower recent output,4,2065,2026-09-01 22:53:12-07:00,10.635155096011816,2.658788774002954,2026-09-01
0-15 min,21,2026-09-01 23:21:04-07:00,2026-09-01 23:36:04-07:00,15.0,5.0,Line 8+; lower recent output,4,2097,2026-09-01 23:21:04-07:00,9.517514871116987,2.3793787177792467,2026-09-01
0-15 min,23,2026-09-03 21:28:15-07:00,2026-09-03 21:43:15-07:00,15.0,13.0,Line 0-7; higher recent output,4,2252,2026-09-03 21:28:15-07:00,59.96002664890074,14.990006662225182,2026-09-03
0-15 min,23,2026-09-03 21:59:35-07:00,2026-09-03 22:03:20-07:00,3.75,1.0,Line 8+; higher recent output,4,2307,2026-09-03 21:59:35-07:00,53.23868677905945,3.3274179236912156,2026-09-03
0-15 min,23,2026-09-03 22:03:20-07:00,2026-09-03 22:14:35-07:00,11.25,6.0,Line 8+; higher recent output,4,2310,2026-09-03 22:03:20-07:00,51.0,9.5625,2026-09-03
0-15 min,23,2026-09-03 22:14:35-07:00,2026-09-03 22:18:20-07:00,3.75,0.0,Line 8+; higher recent output,4,2310,2026-09-03 22:03:20-07:00,51.0,3.1875,2026-09-03
0-15 min,24,2026-09-04 20:50:09-07:00,2026-09-04 21:05:09-07:00,15.0,13.0,Line 0-7; higher recent output,4,2426,2026-09-04 20:50:09-07:00,61.86716209939619,15.466790524849047,2026-09-04
0-15 min,24,2026-09-04 21:12:20-07:00,2026-09-04 21:18:00-07:00,5.666666666666667,8.0,Line 0-7; higher recent output,4,2465,2026-09-04 21:12:20-07:00,57.86452353616532,5.464982778415615,2026-09-04
0-15 min,25,2026-09-05 18:36:41-07:00,2026-09-05 18:41:28-07:00,4.783333333333333,4.0,Line 0-7; higher recent output,4,2540,2026-09-05 18:36:41-07:00,39.35860058309038,3.137755102040816,2026-09-05
0-15 min,25,2026-09-05 18:41:28-07:00,2026-09-05 18:51:41-07:00,10.216666666666667,7.0,Line 0-7; higher recent output,4,2549,2026-09-05 18:41:28-07:00,41.22965641952984,7.020494273658831,2026-09-05
0-15 min,25,2026-09-05 18:51:41-07:00,2026-09-05 18:56:28-07:00,4.783333333333333,4.0,Line 0-7; higher recent output,4,2549,2026-09-05 18:41:28-07:00,41.22965641952984,3.2869198312236287,2026-09-05
0-15 min,25,2026-09-05 19:02:22-07:00,2026-09-05 19:11:00-07:00,8.633333333333333,5.0,Line 0-7; higher recent output,4,2601,2026-09-05 19:02:22-07:00,39.54685890834192,5.6903535873669755,2026-09-05
0-15 min,25,2026-09-05 19:11:00-07:00,2026-09-05 19:17:22-07:00,6.366666666666666,8.0,Line 0-7; higher recent output,4,2619,2026-09-05 19:11:00-07:00,38.82250072865054,4.119498688429029,2026-09-05
0-15 min,25,2026-09-05 19:17:22-07:00,2026-09-05 19:26:00-07:00,8.633333333333333,6.0,Line 0-7; higher recent output,4,2619,2026-09-05 19:11:00-07:00,38.82250072865054,5.586126493733604,2026-09-05
15-25 min,12,2026-08-23 20:24:48-07:00,2026-08-23 20:34:48-07:00,10.0,15.0,Line 8+; higher recent output,4,911,2026-08-23 20:09:48-07:00,52.17391304347826,8.695652173913043,2026-08-23
15-25 min,14,2026-08-24 12:33:08-07:00,2026-08-24 12:33:31-07:00,0.38333333333333336,0.0,Line 0-7; higher recent output,4,1062,2026-08-24 12:18:08-07:00,39.76945244956772,0.25408261287223827,2026-08-24
15-25 min,14,2026-08-24 12:33:31-07:00,2026-08-24 12:35:13-07:00,1.7,1.0,Line 0-7; higher recent output,4,1064,2026-08-24 12:18:31-07:00,39.334916864608076,1.1144893111638956,2026-08-24
15-25 min,14,2026-08-24 12:35:13-07:00,2026-08-24 12:43:08-07:00,7.916666666666667,7.0,Line 0-7; higher recent output,4,1072,2026-08-24 12:20:13-07:00,44.041685545990035,5.811055731762575,2026-08-24
15-25 min,14,2026-08-24 12:43:08-07:00,2026-08-24 12:43:31-07:00,0.38333333333333336,1.0,Line 0-7; higher recent output,4,1072,2026-08-24 12:20:13-07:00,44.041685545990035,0.2813774354327141,2026-08-24
15-25 min,14,2026-08-24 12:43:31-07:00,2026-08-24 12:45:13-07:00,1.7,0.0,Line 0-7; higher recent output,4,1072,2026-08-24 12:20:13-07:00,44.041685545990035,1.2478477571363842,2026-08-24
15-25 min,18,2026-08-30 12:27:09-07:00,2026-08-30 12:31:23-07:00,4.233333333333333,3.0,Line 8+; higher recent output,4,1497,2026-08-30 12:12:09-07:00,35.910224438902745,2.533665835411471,2026-08-30
15-25 min,18,2026-08-30 12:31:23-07:00,2026-08-30 12:37:09-07:00,5.766666666666667,3.0,Line 0-7; lower recent output,4,1509,2026-08-30 12:16:23-07:00,32.12079615648593,3.08716540837337,2026-08-30
15-25 min,18,2026-08-30 12:37:09-07:00,2026-08-30 12:38:34-07:00,1.4166666666666667,2.0,Line 0-7; lower recent output,4,1509,2026-08-30 12:16:23-07:00,32.12079615648593,0.75840768702814,2026-08-30
15-25 min,18,2026-08-30 12:38:34-07:00,2026-08-30 12:41:23-07:00,2.816666666666667,1.0,Line 0-7; lower recent output,4,1524,2026-08-30 12:23:34-07:00,30.508474576271187,1.4322033898305087,2026-08-30
15-25 min,18,2026-08-30 12:41:23-07:00,2026-08-30 12:46:54-07:00,5.516666666666667,7.0,Line 0-7; lower recent output,4,1524,2026-08-30 12:23:34-07:00,30.508474576271187,2.805084745762712,2026-08-30
15-25 min,18,2026-08-30 12:46:54-07:00,2026-08-30 12:48:34-07:00,1.6666666666666667,0.0,Line 0-7; lower recent output,4,1545,2026-08-30 12:31:54-07:00,33.165829145728644,0.9212730318257958,2026-08-30
15-25 min,18,2026-08-30 12:48:34-07:00,2026-08-30 12:49:43-07:00,1.15,0.0,Line 0-7; lower recent output,4,1545,2026-08-30 12:31:54-07:00,33.165829145728644,0.6356783919597989,2026-08-30
15-25 min,18,2026-08-30 12:49:43-07:00,2026-08-30 12:56:54-07:00,7.183333333333334,2.0,Line 0-7; lower recent output,4,1556,2026-08-30 12:34:43-07:00,35.19749706687524,4.213922565506453,2026-08-30
15-25 min,18,2026-08-30 12:56:54-07:00,2026-08-30 12:59:43-07:00,2.816666666666667,4.0,Line 0-7; lower recent output,4,1556,2026-08-30 12:34:43-07:00,35.19749706687524,1.6523269456394212,2026-08-30
15-25 min,18,2026-08-30 13:12:16-07:00,2026-08-30 13:15:39-07:00,3.3833333333333333,5.0,Line 0-7; lower recent output,4,1605,2026-08-30 12:57:16-07:00,34.0,1.9172222222222222,2026-08-30
15-25 min,18,2026-08-30 13:15:39-07:00,2026-08-30 13:17:26-07:00,1.7833333333333334,1.0,Line 0-7; lower recent output,4,1617,2026-08-30 13:00:39-07:00,34.0,1.0105555555555557,2026-08-30
15-25 min,18,2026-08-30 13:17:26-07:00,2026-08-30 13:22:16-07:00,4.833333333333333,6.0,Line 8+; lower recent output,4,1623,2026-08-30 13:02:26-07:00,35.0,2.819444444444444,2026-08-30
15-25 min,18,2026-08-30 13:22:16-07:00,2026-08-30 13:25:39-07:00,3.3833333333333333,7.0,Line 8+; lower recent output,4,1623,2026-08-30 13:02:26-07:00,35.0,1.9736111111111112,2026-08-30
15-25 min,18,2026-08-30 13:25:39-07:00,2026-08-30 13:27:26-07:00,1.7833333333333334,1.0,Line 8+; lower recent output,4,1623,2026-08-30 13:02:26-07:00,35.0,1.0402777777777779,2026-08-30
15-25 min,18,2026-08-30 13:28:47-07:00,2026-08-30 13:38:47-07:00,10.0,6.0,Line 8+; higher recent output,4,1652,2026-08-30 13:13:47-07:00,42.0,7.0,2026-08-30
15-25 min,18,2026-08-30 13:39:45-07:00,2026-08-30 13:41:35-07:00,1.8333333333333333,2.0,Line 0-7; higher recent output,4,1677,2026-08-30 13:24:45-07:00,53.0,1.6194444444444442,2026-08-30
15-25 min,18,2026-08-30 13:41:35-07:00,2026-08-30 13:49:45-07:00,8.166666666666666,4.0,Line 0-7; higher recent output,4,1683,2026-08-30 13:26:35-07:00,53.0,7.213888888888889,2026-08-30
15-25 min,18,2026-08-30 13:49:45-07:00,2026-08-30 13:51:35-07:00,1.8333333333333333,4.0,Line 0-7; higher recent output,4,1683,2026-08-30 13:26:35-07:00,53.0,1.6194444444444442,2026-08-30
15-25 min,19,2026-08-30 20:03:10-07:00,2026-08-30 20:09:32-07:00,6.366666666666666,13.0,Line 8+; lower recent output,4,1787,2026-08-30 19:48:10-07:00,31.08320251177394,3.2982731554160125,2026-08-30
15-25 min,19,2026-08-30 20:09:32-07:00,2026-08-30 20:13:10-07:00,3.6333333333333333,3.0,Line 8+; lower recent output,4,1804,2026-08-30 19:54:32-07:00,32.608695652173914,1.9746376811594204,2026-08-30
15-25 min,19,2026-08-30 20:13:10-07:00,2026-08-30 20:19:32-07:00,6.366666666666666,10.0,Line 8+; lower recent output,4,1804,2026-08-30 19:54:32-07:00,32.608695652173914,3.460144927536232,2026-08-30
15-25 min,20,2026-08-31 22:25:14-07:00,2026-08-31 22:32:09-07:00,6.916666666666667,4.0,Line 0-7; lower recent output,4,1967,2026-08-31 22:10:14-07:00,33.97913561847989,3.917039244908098,2026-08-31
15-25 min,20,2026-08-31 22:32:09-07:00,2026-08-31 22:35:14-07:00,3.0833333333333335,2.0,Line 0-7; lower recent output,4,1978,2026-08-31 22:17:09-07:00,32.61943986820428,1.6762767710049424,2026-08-31
15-25 min,20,2026-08-31 22:35:14-07:00,2026-08-31 22:39:09-07:00,3.9166666666666665,1.0,Line 0-7; lower recent output,4,1978,2026-08-31 22:17:09-07:00,32.61943986820428,2.129324546952224,2026-08-31
15-25 min,20,2026-08-31 22:39:09-07:00,2026-08-31 22:42:09-07:00,3.0,1.0,Line 8+; lower recent output,4,1992,2026-08-31 22:24:09-07:00,31.601123595505616,1.5800561797752808,2026-08-31
15-25 min,20,2026-08-31 22:42:09-07:00,2026-08-31 22:42:14-07:00,0.08333333333333333,0.0,Line 8+; lower recent output,4,1992,2026-08-31 22:24:09-07:00,31.601123595505616,0.043890449438202236,2026-08-31
15-25 min,20,2026-08-31 22:42:14-07:00,2026-08-31 22:43:38-07:00,1.4,1.0,Line 0-7; lower recent output,4,1997,2026-08-31 22:27:14-07:00,32.047477744807125,0.7477744807121662,2026-08-31
15-25 min,20,2026-08-31 22:43:38-07:00,2026-08-31 22:46:42-07:00,3.066666666666667,0.0,Line 0-7; lower recent output,4,1998,2026-08-31 22:28:38-07:00,31.18383060635226,1.5938402309913378,2026-08-31
15-25 min,21,2026-09-01 23:08:12-07:00,2026-09-01 23:18:12-07:00,10.0,2.0,Line 0-7; lower recent output,4,2065,2026-09-01 22:53:12-07:00,10.635155096011816,1.7725258493353027,2026-09-01
15-25 min,21,2026-09-01 23:36:04-07:00,2026-09-01 23:42:12-07:00,6.133333333333334,4.0,Line 8+; lower recent output,4,2097,2026-09-01 23:21:04-07:00,9.517514871116987,0.9729015201586254,2026-09-01
15-25 min,23,2026-09-03 21:43:15-07:00,2026-09-03 21:53:15-07:00,10.0,9.0,Line 0-7; higher recent output,4,2252,2026-09-03 21:28:15-07:00,59.96002664890074,9.993337774816789,2026-09-03
15-25 min,23,2026-09-03 22:14:35-07:00,2026-09-03 22:18:20-07:00,3.75,0.0,Line 8+; higher recent output,4,2307,2026-09-03 21:59:35-07:00,53.23868677905945,3.3274179236912156,2026-09-03
15-25 min,23,2026-09-03 22:18:20-07:00,2026-09-03 22:24:35-07:00,6.25,3.0,Line 8+; higher recent output,4,2310,2026-09-03 22:03:20-07:00,51.0,5.3125,2026-09-03
15-25 min,23,2026-09-03 22:24:35-07:00,2026-09-03 22:28:20-07:00,3.75,3.0,Line 8+; higher recent output,4,2310,2026-09-03 22:03:20-07:00,51.0,3.1875,2026-09-03
15-25 min,24,2026-09-04 21:05:09-07:00,2026-09-04 21:15:09-07:00,10.0,10.0,Line 0-7; higher recent output,4,2426,2026-09-04 20:50:09-07:00,61.86716209939619,10.311193683232698,2026-09-04
15-25 min,25,2026-09-05 18:51:41-07:00,2026-09-05 18:56:28-07:00,4.783333333333333,4.0,Line 0-7; higher recent output,4,2540,2026-09-05 18:36:41-07:00,39.35860058309038,3.137755102040816,2026-09-05
15-25 min,25,2026-09-05 18:56:28-07:00,2026-09-05 19:01:41-07:00,5.216666666666667,2.0,Line 0-7; higher recent output,4,2549,2026-09-05 18:41:28-07:00,41.22965641952984,3.5846895720313445,2026-09-05
15-25 min,25,2026-09-05 19:01:41-07:00,2026-09-05 19:06:28-07:00,4.783333333333333,2.0,Line 0-7; higher recent output,4,2549,2026-09-05 18:41:28-07:00,41.22965641952984,3.2869198312236287,2026-09-05
15-25 min,25,2026-09-05 19:17:22-07:00,2026-09-05 19:26:00-07:00,8.633333333333333,6.0,Line 0-7; higher recent output,4,2601,2026-09-05 19:02:22-07:00,39.54685890834192,5.6903535873669755,2026-09-05
15-25 min,25,2026-09-05 19:26:00-07:00,2026-09-05 19:27:22-07:00,1.3666666666666667,1.0,Line 0-7; higher recent output,4,2619,2026-09-05 19:11:00-07:00,38.82250072865054,0.8842902943748179,2026-09-05
15-25 min,25,2026-09-05 19:27:22-07:00,2026-09-05 19:36:00-07:00,8.633333333333333,7.0,Line 0-7; higher recent output,4,2619,2026-09-05 19:11:00-07:00,38.82250072865054,5.586126493733604,2026-09-05
25-35 min,12,2026-08-23 20:34:48-07:00,2026-08-23 20:41:15-07:00,6.45,1.0,Line 8+; higher recent output,4,911,2026-08-23 20:09:48-07:00,52.17391304347826,5.608695652173912,2026-08-23
25-35 min,14,2026-08-24 12:43:08-07:00,2026-08-24 12:43:31-07:00,0.38333333333333336,1.0,Line 0-7; higher recent output,4,1062,2026-08-24 12:18:08-07:00,39.76945244956772,0.25408261287223827,2026-08-24
25-35 min,14,2026-08-24 12:43:31-07:00,2026-08-24 12:45:13-07:00,1.7,0.0,Line 0-7; higher recent output,4,1064,2026-08-24 12:18:31-07:00,39.334916864608076,1.1144893111638956,2026-08-24
25-35 min,14,2026-08-24 12:45:13-07:00,2026-08-24 12:53:08-07:00,7.916666666666667,3.0,Line 0-7; higher recent output,4,1072,2026-08-24 12:20:13-07:00,44.041685545990035,5.811055731762575,2026-08-24
25-35 min,14,2026-08-24 12:53:08-07:00,2026-08-24 12:53:31-07:00,0.38333333333333336,0.0,Line 0-7; higher recent output,4,1072,2026-08-24 12:20:13-07:00,44.041685545990035,0.2813774354327141,2026-08-24
25-35 min,14,2026-08-24 12:53:31-07:00,2026-08-24 12:54:59-07:00,1.4666666666666666,0.0,Line 0-7; higher recent output,4,1072,2026-08-24 12:20:13-07:00,44.041685545990035,1.0765745355686454,2026-08-24
25-35 min,18,2026-08-30 12:37:09-07:00,2026-08-30 12:41:23-07:00,4.233333333333333,3.0,Line 8+; higher recent output,4,1497,2026-08-30 12:12:09-07:00,35.910224438902745,2.533665835411471,2026-08-30
25-35 min,18,2026-08-30 12:41:23-07:00,2026-08-30 12:47:09-07:00,5.766666666666667,7.0,Line 0-7; lower recent output,4,1509,2026-08-30 12:16:23-07:00,32.12079615648593,3.08716540837337,2026-08-30
25-35 min,18,2026-08-30 12:47:09-07:00,2026-08-30 12:48:34-07:00,1.4166666666666667,0.0,Line 0-7; lower recent output,4,1509,2026-08-30 12:16:23-07:00,32.12079615648593,0.75840768702814,2026-08-30
25-35 min,18,2026-08-30 12:48:34-07:00,2026-08-30 12:51:23-07:00,2.816666666666667,0.0,Line 0-7; lower recent output,4,1524,2026-08-30 12:23:34-07:00,30.508474576271187,1.4322033898305087,2026-08-30
25-35 min,18,2026-08-30 12:51:23-07:00,2026-08-30 12:56:54-07:00,5.516666666666667,2.0,Line 0-7; lower recent output,4,1524,2026-08-30 12:23:34-07:00,30.508474576271187,2.805084745762712,2026-08-30
25-35 min,18,2026-08-30 12:56:54-07:00,2026-08-30 12:58:34-07:00,1.6666666666666667,3.0,Line 0-7; lower recent output,4,1545,2026-08-30 12:31:54-07:00,33.165829145728644,0.9212730318257958,2026-08-30
25-35 min,18,2026-08-30 12:58:34-07:00,2026-08-30 12:59:43-07:00,1.15,1.0,Line 0-7; lower recent output,4,1545,2026-08-30 12:31:54-07:00,33.165829145728644,0.6356783919597989,2026-08-30
25-35 min,18,2026-08-30 12:59:43-07:00,2026-08-30 13:06:54-07:00,7.183333333333334,7.0,Line 0-7; lower recent output,4,1556,2026-08-30 12:34:43-07:00,35.19749706687524,4.213922565506453,2026-08-30
25-35 min,18,2026-08-30 13:06:54-07:00,2026-08-30 13:09:43-07:00,2.816666666666667,3.0,Line 0-7; lower recent output,4,1556,2026-08-30 12:34:43-07:00,35.19749706687524,1.6523269456394212,2026-08-30
25-35 min,18,2026-08-30 13:22:16-07:00,2026-08-30 13:25:39-07:00,3.3833333333333333,7.0,Line 0-7; lower recent output,4,1605,2026-08-30 12:57:16-07:00,34.0,1.9172222222222222,2026-08-30
25-35 min,18,2026-08-30 13:25:39-07:00,2026-08-30 13:27:26-07:00,1.7833333333333334,1.0,Line 0-7; lower recent output,4,1617,2026-08-30 13:00:39-07:00,34.0,1.0105555555555557,2026-08-30
25-35 min,18,2026-08-30 13:27:26-07:00,2026-08-30 13:32:16-07:00,4.833333333333333,4.0,Line 8+; lower recent output,4,1623,2026-08-30 13:02:26-07:00,35.0,2.819444444444444,2026-08-30
25-35 min,18,2026-08-30 13:32:16-07:00,2026-08-30 13:35:39-07:00,3.3833333333333333,1.0,Line 8+; lower recent output,4,1623,2026-08-30 13:02:26-07:00,35.0,1.9736111111111112,2026-08-30
25-35 min,18,2026-08-30 13:35:39-07:00,2026-08-30 13:37:26-07:00,1.7833333333333334,1.0,Line 8+; lower recent output,4,1623,2026-08-30 13:02:26-07:00,35.0,1.0402777777777779,2026-08-30
25-35 min,18,2026-08-30 13:38:47-07:00,2026-08-30 13:48:47-07:00,10.0,6.0,Line 8+; higher recent output,4,1652,2026-08-30 13:13:47-07:00,42.0,7.0,2026-08-30
25-35 min,18,2026-08-30 13:49:45-07:00,2026-08-30 13:51:35-07:00,1.8333333333333333,4.0,Line 0-7; higher recent output,4,1677,2026-08-30 13:24:45-07:00,53.0,1.6194444444444442,2026-08-30
25-35 min,18,2026-08-30 13:51:35-07:00,2026-08-30 13:54:26-07:00,2.85,1.0,Line 0-7; higher recent output,4,1683,2026-08-30 13:26:35-07:00,53.0,2.5175,2026-08-30
25-35 min,19,2026-08-30 20:13:10-07:00,2026-08-30 20:19:32-07:00,6.366666666666666,10.0,Line 8+; lower recent output,4,1787,2026-08-30 19:48:10-07:00,31.08320251177394,3.2982731554160125,2026-08-30
25-35 min,19,2026-08-30 20:19:32-07:00,2026-08-30 20:23:10-07:00,3.6333333333333333,4.0,Line 8+; lower recent output,4,1804,2026-08-30 19:54:32-07:00,32.608695652173914,1.9746376811594204,2026-08-30
25-35 min,19,2026-08-30 20:23:10-07:00,2026-08-30 20:29:32-07:00,6.366666666666666,7.0,Line 8+; lower recent output,4,1804,2026-08-30 19:54:32-07:00,32.608695652173914,3.460144927536232,2026-08-30
25-35 min,20,2026-08-31 22:35:14-07:00,2026-08-31 22:42:09-07:00,6.916666666666667,2.0,Line 0-7; lower recent output,4,1967,2026-08-31 22:10:14-07:00,33.97913561847989,3.917039244908098,2026-08-31
25-35 min,20,2026-08-31 22:42:09-07:00,2026-08-31 22:45:14-07:00,3.0833333333333335,1.0,Line 0-7; lower recent output,4,1978,2026-08-31 22:17:09-07:00,32.61943986820428,1.6762767710049424,2026-08-31
25-35 min,20,2026-08-31 22:45:14-07:00,2026-08-31 22:46:42-07:00,1.4666666666666666,0.0,Line 0-7; lower recent output,4,1978,2026-08-31 22:17:09-07:00,32.61943986820428,0.7973640856672157,2026-08-31
25-35 min,21,2026-09-01 23:18:12-07:00,2026-09-01 23:28:12-07:00,10.0,3.0,Line 0-7; lower recent output,4,2065,2026-09-01 22:53:12-07:00,10.635155096011816,1.7725258493353027,2026-09-01
25-35 min,23,2026-09-03 21:53:15-07:00,2026-09-03 22:03:15-07:00,10.0,4.0,Line 0-7; higher recent output,4,2252,2026-09-03 21:28:15-07:00,59.96002664890074,9.993337774816789,2026-09-03
25-35 min,23,2026-09-03 22:24:35-07:00,2026-09-03 22:28:20-07:00,3.75,3.0,Line 8+; higher recent output,4,2307,2026-09-03 21:59:35-07:00,53.23868677905945,3.3274179236912156,2026-09-03
25-35 min,23,2026-09-03 22:28:20-07:00,2026-09-03 22:32:21-07:00,4.016666666666667,6.0,Line 8+; higher recent output,4,2310,2026-09-03 22:03:20-07:00,51.0,3.4141666666666666,2026-09-03
25-35 min,24,2026-09-04 21:15:09-07:00,2026-09-04 21:18:00-07:00,2.85,4.0,Line 0-7; higher recent output,4,2426,2026-09-04 20:50:09-07:00,61.86716209939619,2.9386901997213193,2026-09-04
25-35 min,25,2026-09-05 19:01:41-07:00,2026-09-05 19:06:28-07:00,4.783333333333333,2.0,Line 0-7; higher recent output,4,2540,2026-09-05 18:36:41-07:00,39.35860058309038,3.137755102040816,2026-09-05
25-35 min,25,2026-09-05 19:06:28-07:00,2026-09-05 19:11:41-07:00,5.216666666666667,4.0,Line 0-7; higher recent output,4,2549,2026-09-05 18:41:28-07:00,41.22965641952984,3.5846895720313445,2026-09-05
25-35 min,25,2026-09-05 19:11:41-07:00,2026-09-05 19:16:28-07:00,4.783333333333333,6.0,Line 0-7; higher recent output,4,2549,2026-09-05 18:41:28-07:00,41.22965641952984,3.2869198312236287,2026-09-05
25-35 min,25,2026-09-05 19:27:22-07:00,2026-09-05 19:36:00-07:00,8.633333333333333,7.0,Line 0-7; higher recent output,4,2601,2026-09-05 19:02:22-07:00,39.54685890834192,5.6903535873669755,2026-09-05
25-35 min,25,2026-09-05 19:36:00-07:00,2026-09-05 19:37:22-07:00,1.3666666666666667,0.0,Line 0-7; higher recent output,4,2619,2026-09-05 19:11:00-07:00,38.82250072865054,0.8842902943748179,2026-09-05
25-35 min,25,2026-09-05 19:37:22-07:00,2026-09-05 19:46:00-07:00,8.633333333333333,5.0,Line 0-7; higher recent output,4,2619,2026-09-05 19:11:00-07:00,38.82250072865054,5.586126493733604,2026-09-05
35-45 min,14,2026-08-24 12:53:08-07:00,2026-08-24 12:53:31-07:00,0.38333333333333336,0.0,Line 0-7; higher recent output,4,1062,2026-08-24 12:18:08-07:00,39.76945244956772,0.25408261287223827,2026-08-24
35-45 min,14,2026-08-24 12:53:31-07:00,2026-08-24 12:54:59-07:00,1.4666666666666666,0.0,Line 0-7; higher recent output,4,1064,2026-08-24 12:18:31-07:00,39.334916864608076,0.9615201900237529,2026-08-24
35-45 min,18,2026-08-30 12:47:09-07:00,2026-08-30 12:51:23-07:00,4.233333333333333,0.0,Line 8+; higher recent output,4,1497,2026-08-30 12:12:09-07:00,35.910224438902745,2.533665835411471,2026-08-30
35-45 min,18,2026-08-30 12:51:23-07:00,2026-08-30 12:57:09-07:00,5.766666666666667,2.0,Line 0-7; lower recent output,4,1509,2026-08-30 12:16:23-07:00,32.12079615648593,3.08716540837337,2026-08-30
35-45 min,18,2026-08-30 12:57:09-07:00,2026-08-30 12:58:34-07:00,1.4166666666666667,3.0,Line 0-7; lower recent output,4,1509,2026-08-30 12:16:23-07:00,32.12079615648593,0.75840768702814,2026-08-30
35-45 min,18,2026-08-30 12:58:34-07:00,2026-08-30 13:01:23-07:00,2.816666666666667,1.0,Line 0-7; lower recent output,4,1524,2026-08-30 12:23:34-07:00,30.508474576271187,1.4322033898305087,2026-08-30
35-45 min,18,2026-08-30 13:01:23-07:00,2026-08-30 13:06:54-07:00,5.516666666666667,7.0,Line 0-7; lower recent output,4,1524,2026-08-30 12:23:34-07:00,30.508474576271187,2.805084745762712,2026-08-30
35-45 min,18,2026-08-30 13:06:54-07:00,2026-08-30 13:08:34-07:00,1.6666666666666667,2.0,Line 0-7; lower recent output,4,1545,2026-08-30 12:31:54-07:00,33.165829145728644,0.9212730318257958,2026-08-30
35-45 min,18,2026-08-30 13:08:34-07:00,2026-08-30 13:09:43-07:00,1.15,1.0,Line 0-7; lower recent output,4,1545,2026-08-30 12:31:54-07:00,33.165829145728644,0.6356783919597989,2026-08-30
35-45 min,18,2026-08-30 13:09:43-07:00,2026-08-30 13:16:54-07:00,7.183333333333334,7.0,Line 0-7; lower recent output,4,1556,2026-08-30 12:34:43-07:00,35.19749706687524,4.213922565506453,2026-08-30
35-45 min,18,2026-08-30 13:16:54-07:00,2026-08-30 13:19:43-07:00,2.816666666666667,3.0,Line 0-7; lower recent output,4,1556,2026-08-30 12:34:43-07:00,35.19749706687524,1.6523269456394212,2026-08-30
35-45 min,18,2026-08-30 13:32:16-07:00,2026-08-30 13:35:39-07:00,3.3833333333333333,1.0,Line 0-7; lower recent output,4,1605,2026-08-30 12:57:16-07:00,34.0,1.9172222222222222,2026-08-30
35-45 min,18,2026-08-30 13:35:39-07:00,2026-08-30 13:37:26-07:00,1.7833333333333334,1.0,Line 0-7; lower recent output,4,1617,2026-08-30 13:00:39-07:00,34.0,1.0105555555555557,2026-08-30
35-45 min,18,2026-08-30 13:37:26-07:00,2026-08-30 13:42:16-07:00,4.833333333333333,3.0,Line 8+; lower recent output,4,1623,2026-08-30 13:02:26-07:00,35.0,2.819444444444444,2026-08-30
35-45 min,18,2026-08-30 13:42:16-07:00,2026-08-30 13:45:39-07:00,3.3833333333333333,2.0,Line 8+; lower recent output,4,1623,2026-08-30 13:02:26-07:00,35.0,1.9736111111111112,2026-08-30
35-45 min,18,2026-08-30 13:45:39-07:00,2026-08-30 13:47:26-07:00,1.7833333333333334,0.0,Line 8+; lower recent output,4,1623,2026-08-30 13:02:26-07:00,35.0,1.0402777777777779,2026-08-30
35-45 min,18,2026-08-30 13:48:47-07:00,2026-08-30 13:54:26-07:00,5.65,5.0,Line 8+; higher recent output,4,1652,2026-08-30 13:13:47-07:00,42.0,3.955,2026-08-30
35-45 min,19,2026-08-30 20:23:10-07:00,2026-08-30 20:29:32-07:00,6.366666666666666,7.0,Line 8+; lower recent output,4,1787,2026-08-30 19:48:10-07:00,31.08320251177394,3.2982731554160125,2026-08-30
35-45 min,19,2026-08-30 20:29:32-07:00,2026-08-30 20:29:56-07:00,0.4,0.0,Line 8+; lower recent output,4,1804,2026-08-30 19:54:32-07:00,32.608695652173914,0.2173913043478261,2026-08-30
35-45 min,20,2026-08-31 22:45:14-07:00,2026-08-31 22:46:42-07:00,1.4666666666666666,0.0,Line 0-7; lower recent output,4,1967,2026-08-31 22:10:14-07:00,33.97913561847989,0.830601092896175,2026-08-31
35-45 min,21,2026-09-01 23:28:12-07:00,2026-09-01 23:38:12-07:00,10.0,4.0,Line 0-7; lower recent output,4,2065,2026-09-01 22:53:12-07:00,10.635155096011816,1.7725258493353027,2026-09-01
35-45 min,23,2026-09-03 22:03:15-07:00,2026-09-03 22:13:15-07:00,10.0,4.0,Line 0-7; higher recent output,4,2252,2026-09-03 21:28:15-07:00,59.96002664890074,9.993337774816789,2026-09-03
35-45 min,25,2026-09-05 19:11:41-07:00,2026-09-05 19:16:28-07:00,4.783333333333333,6.0,Line 0-7; higher recent output,4,2540,2026-09-05 18:36:41-07:00,39.35860058309038,3.137755102040816,2026-09-05
35-45 min,25,2026-09-05 19:16:28-07:00,2026-09-05 19:21:41-07:00,5.216666666666667,2.0,Line 0-7; higher recent output,4,2549,2026-09-05 18:41:28-07:00,41.22965641952984,3.5846895720313445,2026-09-05
35-45 min,25,2026-09-05 19:21:41-07:00,2026-09-05 19:26:28-07:00,4.783333333333333,6.0,Line 0-7; higher recent output,4,2549,2026-09-05 18:41:28-07:00,41.22965641952984,3.2869198312236287,2026-09-05
35-45 min,25,2026-09-05 19:37:22-07:00,2026-09-05 19:46:00-07:00,8.633333333333333,5.0,Line 0-7; higher recent output,4,2601,2026-09-05 19:02:22-07:00,39.54685890834192,5.6903535873669755,2026-09-05
35-45 min,25,2026-09-05 19:46:00-07:00,2026-09-05 19:47:22-07:00,1.3666666666666667,2.0,Line 0-7; higher recent output,4,2619,2026-09-05 19:11:00-07:00,38.82250072865054,0.8842902943748179,2026-09-05
35-45 min,25,2026-09-05 19:47:22-07:00,2026-09-05 19:56:00-07:00,8.633333333333333,7.0,Line 0-7; higher recent output,4,2619,2026-09-05 19:11:00-07:00,38.82250072865054,5.586126493733604,2026-09-05
