lag_band,condition,days,blocks,notes,observed_minutes,orders,orders_per_hour,lower_95,upper_95,prior_rate_weighted,change_from_prior,change_lower_95,change_upper_95
0-15 min,Line 0-7; lower recent output,4,4,13,92.93333333333335,47.0,30.34433285509325,13.31484049930652,43.34738109572547,28.868948805270808,1.4753840498224413,-7.782838500572298,10.443930116196427
0-15 min,Line 0-7; higher recent output,6,6,13,116.75,99.0,50.8779443254818,46.87479881974249,58.12624378371142,49.007918609391986,1.8700257160898133,-6.2635041040000745,6.924373535247199
0-15 min,Line 8+; higher recent output,3,3,6,62.300000000000004,40.0,38.523274478330656,22.4,63.15789473684211,47.75874776681907,-9.235473288488414,-29.04773735581189,22.85395064969156
0-15 min,Line 8+; lower recent output,3,4,5,50.8,44.0,51.968503937007874,20.0,67.85532348446256,26.07236899462861,25.896134942379263,7.31779532341331,34.713902472514434
15-25 min,Line 8+; higher recent output,3,3,5,37.983333333333334,30.0,47.38920579201404,26.181818181818183,90.0,47.478828152196854,-0.08962236018281544,-25.4287327579253,37.82608695652174
15-25 min,Line 0-7; higher recent output,5,5,11,77.33333333333334,60.0,46.55172413793103,40.87912087912088,55.93625498007968,47.82126488661175,-1.2695407486807184,-3.94515109096358,0.15957662091561578
15-25 min,Line 0-7; lower recent output,3,3,11,61.88333333333334,35.0,33.93482359278212,12.0,44.776119402985074,29.349376742092367,4.585446850689749,-6.737369889798339,11.760286667992878
15-25 min,Line 8+; lower recent output,3,4,5,35.583333333333336,45.0,75.87822014051521,19.45945945945946,91.02402022756004,28.94035320306397,46.93786693745124,-12.141664136046154,57.876737831351456
25-35 min,Line 8+; higher recent output,3,3,5,28.45,19.0,40.07029876977153,9.30232558139535,69.52789699570816,46.15243461077665,-6.082135841005119,-42.87158746208291,17.446985997235245
25-35 min,Line 0-7; higher recent output,5,5,11,62.8,41.0,39.171974522293,24.161073825503355,54.45378151260503,45.6465161718667,-6.474541649573702,-26.862653756059146,7.558649614945866
25-35 min,Line 0-7; lower recent output,3,3,9,54.96666666666667,37.0,40.38811400848999,15.69767441860465,55.52238805970149,29.032554645430665,11.355559363059328,-17.74193076408274,22.506555324709296
25-35 min,Line 8+; lower recent output,1,2,3,26.366666666666667,27.0,61.441213653603036,,,33.14728239620859,28.293931257394448,,
35-45 min,Line 0-7; higher recent output,3,3,7,45.266666666666666,32.0,42.415316642120764,0.0,50.27431421446384,44.24325171227625,-1.8279350701554833,-39.42495576959971,10.46758824400186
35-45 min,Line 8+; higher recent output,1,1,2,9.883333333333333,5.0,30.354131534569984,,,39.39156325039004,-9.037431715820059,,
35-45 min,Line 0-7; lower recent output,3,3,8,44.96666666666667,32.0,42.69829503335804,0.0,50.149253731343286,28.07008183445798,14.628213198900063,-33.97913561847989,17.133420996351088
35-45 min,Line 8+; lower recent output,1,2,3,16.766666666666666,12.0,42.942345924453285,,,33.455658106510754,9.486687817942531,,
