burst_id,segment_id,burst_start,orders,operating_day,lag_band,line_category,note_source_row,note_seq,note_timestamp,note_age_minutes
0,1,2026-08-17 20:08:51-07:00,1.0,2026-08-17,0-5 min,empty,0,2,2026-08-17 20:08:22-07:00,0.48333333333333334
1,1,2026-08-17 20:09:46-07:00,1.0,2026-08-17,0-5 min,empty,0,2,2026-08-17 20:08:22-07:00,1.4
2,1,2026-08-17 20:10:18-07:00,1.0,2026-08-17,0-5 min,empty,0,2,2026-08-17 20:08:22-07:00,1.9333333333333333
3,1,2026-08-17 20:11:01-07:00,1.0,2026-08-17,0-5 min,empty,0,6,2026-08-17 20:10:42-07:00,0.31666666666666665
4,1,2026-08-17 20:12:34-07:00,1.0,2026-08-17,0-5 min,empty,0,6,2026-08-17 20:10:42-07:00,1.8666666666666667
5,1,2026-08-17 20:14:42-07:00,1.0,2026-08-17,0-5 min,empty,0,6,2026-08-17 20:10:42-07:00,4.0
5,1,2026-08-17 20:14:42-07:00,1.0,2026-08-17,5-10 min,empty,0,2,2026-08-17 20:08:22-07:00,6.333333333333333
6,1,2026-08-17 20:16:06-07:00,2.0,2026-08-17,5-10 min,empty,0,6,2026-08-17 20:10:42-07:00,5.4
7,1,2026-08-17 20:21:13-07:00,1.0,2026-08-17,10-15 min,empty,0,6,2026-08-17 20:10:42-07:00,10.516666666666667
8,1,2026-08-17 20:24:58-07:00,1.0,2026-08-17,10-15 min,empty,0,6,2026-08-17 20:10:42-07:00,14.266666666666667
19,3,2026-08-18 19:27:12-07:00,1.0,2026-08-18,0-5 min,4-7,2,35,2026-08-18 19:27:07-07:00,0.08333333333333333
20,3,2026-08-18 19:30:48-07:00,1.0,2026-08-18,0-5 min,4-7,2,35,2026-08-18 19:27:07-07:00,3.683333333333333
21,3,2026-08-18 19:32:07-07:00,1.0,2026-08-18,0-5 min,4-7,2,35,2026-08-18 19:27:07-07:00,5.0
22,3,2026-08-18 19:38:13-07:00,2.0,2026-08-18,0-5 min,1-3,2,42,2026-08-18 19:37:29-07:00,0.7333333333333333
22,3,2026-08-18 19:38:13-07:00,2.0,2026-08-18,10-15 min,4-7,2,35,2026-08-18 19:27:07-07:00,11.1
23,3,2026-08-18 19:38:38-07:00,1.0,2026-08-18,0-5 min,1-3,2,42,2026-08-18 19:37:29-07:00,1.15
23,3,2026-08-18 19:38:38-07:00,1.0,2026-08-18,10-15 min,4-7,2,35,2026-08-18 19:27:07-07:00,11.516666666666667
24,3,2026-08-18 19:40:53-07:00,1.0,2026-08-18,0-5 min,1-3,2,42,2026-08-18 19:37:29-07:00,3.4
24,3,2026-08-18 19:40:53-07:00,1.0,2026-08-18,5-10 min,1-3,2,41,2026-08-18 19:35:43-07:00,5.166666666666667
24,3,2026-08-18 19:40:53-07:00,1.0,2026-08-18,10-15 min,4-7,2,35,2026-08-18 19:27:07-07:00,13.766666666666667
25,3,2026-08-18 19:41:26-07:00,1.0,2026-08-18,0-5 min,1-3,2,42,2026-08-18 19:37:29-07:00,3.95
25,3,2026-08-18 19:41:26-07:00,1.0,2026-08-18,5-10 min,1-3,2,41,2026-08-18 19:35:43-07:00,5.716666666666667
25,3,2026-08-18 19:41:26-07:00,1.0,2026-08-18,10-15 min,4-7,2,35,2026-08-18 19:27:07-07:00,14.316666666666666
26,3,2026-08-18 19:42:04-07:00,1.0,2026-08-18,0-5 min,1-3,2,42,2026-08-18 19:37:29-07:00,4.583333333333333
26,3,2026-08-18 19:42:04-07:00,1.0,2026-08-18,5-10 min,1-3,2,41,2026-08-18 19:35:43-07:00,6.35
26,3,2026-08-18 19:42:04-07:00,1.0,2026-08-18,10-15 min,4-7,2,35,2026-08-18 19:27:07-07:00,14.95
27,3,2026-08-18 19:45:24-07:00,1.0,2026-08-18,0-5 min,4-7,2,52,2026-08-18 19:42:16-07:00,3.1333333333333333
27,3,2026-08-18 19:45:24-07:00,1.0,2026-08-18,5-10 min,1-3,2,42,2026-08-18 19:37:29-07:00,7.916666666666667
27,3,2026-08-18 19:45:24-07:00,1.0,2026-08-18,10-15 min,empty,2,40,2026-08-18 19:34:46-07:00,10.633333333333333
38,5,2026-08-20 18:08:23-07:00,2.0,2026-08-20,0-5 min,empty,4,91,2026-08-20 18:07:36-07:00,0.7833333333333333
39,5,2026-08-20 18:08:57-07:00,2.0,2026-08-20,0-5 min,empty,4,91,2026-08-20 18:07:36-07:00,1.35
40,5,2026-08-20 18:09:42-07:00,2.0,2026-08-20,0-5 min,empty,4,91,2026-08-20 18:07:36-07:00,2.1
41,5,2026-08-20 18:10:31-07:00,1.0,2026-08-20,0-5 min,empty,4,98,2026-08-20 18:10:10-07:00,0.35
42,5,2026-08-20 18:11:29-07:00,1.0,2026-08-20,0-5 min,empty,4,98,2026-08-20 18:10:10-07:00,1.3166666666666667
52,7,2026-08-21 14:36:24-07:00,1.0,2026-08-21,0-5 min,4-7,4,217,2026-08-21 14:36:10-07:00,0.23333333333333334
53,7,2026-08-21 14:38:14-07:00,2.0,2026-08-21,0-5 min,4-7,4,217,2026-08-21 14:36:10-07:00,2.066666666666667
54,7,2026-08-21 14:38:47-07:00,1.0,2026-08-21,0-5 min,4-7,4,217,2026-08-21 14:36:10-07:00,2.6166666666666667
55,7,2026-08-21 14:40:43-07:00,1.0,2026-08-21,0-5 min,4-7,4,217,2026-08-21 14:36:10-07:00,4.55
56,7,2026-08-21 14:41:32-07:00,1.0,2026-08-21,5-10 min,4-7,4,217,2026-08-21 14:36:10-07:00,5.366666666666666
57,7,2026-08-21 14:42:50-07:00,3.0,2026-08-21,5-10 min,4-7,4,217,2026-08-21 14:36:10-07:00,6.666666666666667
58,7,2026-08-21 14:43:41-07:00,1.0,2026-08-21,5-10 min,4-7,4,217,2026-08-21 14:36:10-07:00,7.516666666666667
59,7,2026-08-21 14:45:43-07:00,2.0,2026-08-21,0-5 min,8+,4,230,2026-08-21 14:45:03-07:00,0.6666666666666666
59,7,2026-08-21 14:45:43-07:00,2.0,2026-08-21,5-10 min,4-7,4,217,2026-08-21 14:36:10-07:00,9.55
60,7,2026-08-21 14:46:57-07:00,2.0,2026-08-21,0-5 min,8+,4,230,2026-08-21 14:45:03-07:00,1.9
60,7,2026-08-21 14:46:57-07:00,2.0,2026-08-21,10-15 min,4-7,4,217,2026-08-21 14:36:10-07:00,10.783333333333333
67,8,2026-08-21 19:35:06-07:00,1.0,2026-08-21,0-5 min,empty,4,250,2026-08-21 19:33:35-07:00,1.5166666666666666
68,8,2026-08-21 19:36:59-07:00,1.0,2026-08-21,0-5 min,empty,4,255,2026-08-21 19:36:42-07:00,0.2833333333333333
69,8,2026-08-21 19:38:05-07:00,1.0,2026-08-21,0-5 min,empty,4,255,2026-08-21 19:36:42-07:00,1.3833333333333333
70,8,2026-08-21 19:39:30-07:00,1.0,2026-08-21,0-5 min,empty,4,255,2026-08-21 19:36:42-07:00,2.8
70,8,2026-08-21 19:39:30-07:00,1.0,2026-08-21,5-10 min,empty,4,250,2026-08-21 19:33:35-07:00,5.916666666666667
71,8,2026-08-21 19:41:44-07:00,1.0,2026-08-21,5-10 min,empty,4,255,2026-08-21 19:36:42-07:00,5.033333333333333
72,8,2026-08-21 19:43:41-07:00,4.0,2026-08-21,5-10 min,empty,4,255,2026-08-21 19:36:42-07:00,6.983333333333333
72,8,2026-08-21 19:43:41-07:00,4.0,2026-08-21,10-15 min,empty,4,250,2026-08-21 19:33:35-07:00,10.1
73,8,2026-08-21 19:43:58-07:00,1.0,2026-08-21,5-10 min,empty,4,255,2026-08-21 19:36:42-07:00,7.266666666666667
73,8,2026-08-21 19:43:58-07:00,1.0,2026-08-21,10-15 min,empty,4,250,2026-08-21 19:33:35-07:00,10.383333333333333
74,8,2026-08-21 19:45:06-07:00,2.0,2026-08-21,5-10 min,empty,4,255,2026-08-21 19:36:42-07:00,8.4
74,8,2026-08-21 19:45:06-07:00,2.0,2026-08-21,10-15 min,empty,4,250,2026-08-21 19:33:35-07:00,11.516666666666667
75,8,2026-08-21 19:45:51-07:00,1.0,2026-08-21,0-5 min,4-7,4,271,2026-08-21 19:45:34-07:00,0.2833333333333333
75,8,2026-08-21 19:45:51-07:00,1.0,2026-08-21,5-10 min,empty,4,255,2026-08-21 19:36:42-07:00,9.15
75,8,2026-08-21 19:45:51-07:00,1.0,2026-08-21,10-15 min,empty,4,250,2026-08-21 19:33:35-07:00,12.266666666666667
76,8,2026-08-21 19:47:12-07:00,1.0,2026-08-21,0-5 min,4-7,4,271,2026-08-21 19:45:34-07:00,1.6333333333333333
76,8,2026-08-21 19:47:12-07:00,1.0,2026-08-21,10-15 min,empty,4,255,2026-08-21 19:36:42-07:00,10.5
77,8,2026-08-21 19:48:10-07:00,1.0,2026-08-21,0-5 min,4-7,4,271,2026-08-21 19:45:34-07:00,2.6
77,8,2026-08-21 19:48:10-07:00,1.0,2026-08-21,10-15 min,empty,4,255,2026-08-21 19:36:42-07:00,11.466666666666667
78,8,2026-08-21 19:49:37-07:00,2.0,2026-08-21,0-5 min,4-7,4,271,2026-08-21 19:45:34-07:00,4.05
78,8,2026-08-21 19:49:37-07:00,2.0,2026-08-21,10-15 min,empty,4,255,2026-08-21 19:36:42-07:00,12.916666666666666
79,8,2026-08-21 19:50:04-07:00,1.0,2026-08-21,0-5 min,4-7,4,271,2026-08-21 19:45:34-07:00,4.5
79,8,2026-08-21 19:50:04-07:00,1.0,2026-08-21,10-15 min,empty,4,255,2026-08-21 19:36:42-07:00,13.366666666666667
96,10,2026-08-22 17:34:08-07:00,1.0,2026-08-22,0-5 min,empty,4,603,2026-08-22 17:34:02-07:00,0.1
97,10,2026-08-22 17:37:07-07:00,1.0,2026-08-22,0-5 min,empty,4,603,2026-08-22 17:34:02-07:00,3.0833333333333335
98,10,2026-08-22 17:40:03-07:00,2.0,2026-08-22,5-10 min,empty,4,603,2026-08-22 17:34:02-07:00,6.016666666666667
104,11,2026-08-23 13:52:52-07:00,1.0,2026-08-23,0-5 min,8+,4,763,2026-08-23 13:52:17-07:00,0.5833333333333334
105,11,2026-08-23 13:53:16-07:00,1.0,2026-08-23,0-5 min,8+,4,763,2026-08-23 13:52:17-07:00,0.9833333333333333
106,11,2026-08-23 13:53:41-07:00,1.0,2026-08-23,0-5 min,8+,4,763,2026-08-23 13:52:17-07:00,1.4
107,11,2026-08-23 13:56:35-07:00,2.0,2026-08-23,0-5 min,8+,4,767,2026-08-23 13:54:42-07:00,1.8833333333333333
108,11,2026-08-23 13:56:49-07:00,1.0,2026-08-23,0-5 min,8+,4,767,2026-08-23 13:54:42-07:00,2.1166666666666667
109,11,2026-08-23 13:58:22-07:00,1.0,2026-08-23,0-5 min,8+,4,767,2026-08-23 13:54:42-07:00,3.6666666666666665
109,11,2026-08-23 13:58:22-07:00,1.0,2026-08-23,5-10 min,8+,4,763,2026-08-23 13:52:17-07:00,6.083333333333333
110,11,2026-08-23 13:59:45-07:00,1.0,2026-08-23,5-10 min,8+,4,767,2026-08-23 13:54:42-07:00,5.05
111,11,2026-08-23 14:01:04-07:00,1.0,2026-08-23,5-10 min,8+,4,767,2026-08-23 13:54:42-07:00,6.366666666666666
112,11,2026-08-23 14:01:22-07:00,1.0,2026-08-23,5-10 min,8+,4,767,2026-08-23 13:54:42-07:00,6.666666666666667
113,11,2026-08-23 14:02:12-07:00,2.0,2026-08-23,5-10 min,8+,4,767,2026-08-23 13:54:42-07:00,7.5
114,11,2026-08-23 14:02:36-07:00,1.0,2026-08-23,5-10 min,8+,4,767,2026-08-23 13:54:42-07:00,7.9
114,11,2026-08-23 14:02:36-07:00,1.0,2026-08-23,10-15 min,8+,4,763,2026-08-23 13:52:17-07:00,10.316666666666666
115,11,2026-08-23 14:05:02-07:00,1.0,2026-08-23,10-15 min,8+,4,767,2026-08-23 13:54:42-07:00,10.333333333333334
116,11,2026-08-23 14:05:57-07:00,1.0,2026-08-23,0-5 min,empty,4,778,2026-08-23 14:05:48-07:00,0.15
116,11,2026-08-23 14:05:57-07:00,1.0,2026-08-23,10-15 min,8+,4,767,2026-08-23 13:54:42-07:00,11.25
117,11,2026-08-23 14:06:54-07:00,1.0,2026-08-23,0-5 min,empty,4,778,2026-08-23 14:05:48-07:00,1.1
117,11,2026-08-23 14:06:54-07:00,1.0,2026-08-23,10-15 min,8+,4,767,2026-08-23 13:54:42-07:00,12.2
118,11,2026-08-23 14:07:45-07:00,1.0,2026-08-23,0-5 min,empty,4,778,2026-08-23 14:05:48-07:00,1.95
118,11,2026-08-23 14:07:45-07:00,1.0,2026-08-23,10-15 min,8+,4,767,2026-08-23 13:54:42-07:00,13.05
119,11,2026-08-23 14:08:33-07:00,1.0,2026-08-23,0-5 min,empty,4,778,2026-08-23 14:05:48-07:00,2.75
119,11,2026-08-23 14:08:33-07:00,1.0,2026-08-23,10-15 min,8+,4,767,2026-08-23 13:54:42-07:00,13.85
122,12,2026-08-23 19:42:43-07:00,1.0,2026-08-23,0-5 min,8+,4,886,2026-08-23 19:42:34-07:00,0.15
123,12,2026-08-23 19:43:15-07:00,1.0,2026-08-23,0-5 min,8+,4,886,2026-08-23 19:42:34-07:00,0.6833333333333333
124,12,2026-08-23 19:44:29-07:00,1.0,2026-08-23,0-5 min,8+,4,886,2026-08-23 19:42:34-07:00,1.9166666666666667
125,12,2026-08-23 19:46:03-07:00,1.0,2026-08-23,0-5 min,8+,4,886,2026-08-23 19:42:34-07:00,3.4833333333333334
126,12,2026-08-23 19:49:07-07:00,1.0,2026-08-23,5-10 min,8+,4,886,2026-08-23 19:42:34-07:00,6.55
127,12,2026-08-23 19:49:40-07:00,1.0,2026-08-23,5-10 min,8+,4,886,2026-08-23 19:42:34-07:00,7.1
128,12,2026-08-23 19:50:53-07:00,3.0,2026-08-23,5-10 min,8+,4,886,2026-08-23 19:42:34-07:00,8.316666666666666
129,12,2026-08-23 19:51:51-07:00,1.0,2026-08-23,5-10 min,8+,4,886,2026-08-23 19:42:34-07:00,9.283333333333333
130,12,2026-08-23 19:52:55-07:00,1.0,2026-08-23,0-5 min,8+,4,896,2026-08-23 19:52:24-07:00,0.5166666666666667
130,12,2026-08-23 19:52:55-07:00,1.0,2026-08-23,10-15 min,8+,4,886,2026-08-23 19:42:34-07:00,10.35
131,12,2026-08-23 19:54:48-07:00,1.0,2026-08-23,0-5 min,8+,4,896,2026-08-23 19:52:24-07:00,2.4
131,12,2026-08-23 19:54:48-07:00,1.0,2026-08-23,10-15 min,8+,4,886,2026-08-23 19:42:34-07:00,12.233333333333333
132,12,2026-08-23 19:57:03-07:00,1.0,2026-08-23,0-5 min,8+,4,896,2026-08-23 19:52:24-07:00,4.65
132,12,2026-08-23 19:57:03-07:00,1.0,2026-08-23,10-15 min,8+,4,886,2026-08-23 19:42:34-07:00,14.483333333333333
133,12,2026-08-23 20:00:59-07:00,1.0,2026-08-23,5-10 min,8+,4,896,2026-08-23 19:52:24-07:00,8.583333333333334
134,12,2026-08-23 20:01:58-07:00,3.0,2026-08-23,5-10 min,8+,4,896,2026-08-23 19:52:24-07:00,9.566666666666666
135,12,2026-08-23 20:04:01-07:00,1.0,2026-08-23,10-15 min,8+,4,896,2026-08-23 19:52:24-07:00,11.616666666666667
136,12,2026-08-23 20:04:28-07:00,1.0,2026-08-23,10-15 min,8+,4,896,2026-08-23 19:52:24-07:00,12.066666666666666
137,12,2026-08-23 20:05:29-07:00,1.0,2026-08-23,10-15 min,8+,4,896,2026-08-23 19:52:24-07:00,13.083333333333334
138,12,2026-08-23 20:06:39-07:00,1.0,2026-08-23,10-15 min,8+,4,896,2026-08-23 19:52:24-07:00,14.25
142,12,2026-08-23 20:11:35-07:00,1.0,2026-08-23,0-5 min,8+,4,911,2026-08-23 20:09:48-07:00,1.7833333333333334
143,12,2026-08-23 20:13:05-07:00,1.0,2026-08-23,0-5 min,8+,4,911,2026-08-23 20:09:48-07:00,3.283333333333333
144,12,2026-08-23 20:14:13-07:00,1.0,2026-08-23,0-5 min,8+,4,911,2026-08-23 20:09:48-07:00,4.416666666666667
145,12,2026-08-23 20:16:23-07:00,1.0,2026-08-23,5-10 min,8+,4,911,2026-08-23 20:09:48-07:00,6.583333333333333
146,12,2026-08-23 20:18:28-07:00,1.0,2026-08-23,5-10 min,8+,4,911,2026-08-23 20:09:48-07:00,8.666666666666666
147,12,2026-08-23 20:20:38-07:00,1.0,2026-08-23,10-15 min,8+,4,911,2026-08-23 20:09:48-07:00,10.833333333333334
150,12,2026-08-23 20:28:22-07:00,1.0,2026-08-23,0-5 min,8+,4,923,2026-08-23 20:27:54-07:00,0.4666666666666667
151,12,2026-08-23 20:31:11-07:00,2.0,2026-08-23,0-5 min,8+,4,923,2026-08-23 20:27:54-07:00,3.283333333333333
152,12,2026-08-23 20:32:05-07:00,2.0,2026-08-23,0-5 min,8+,4,923,2026-08-23 20:27:54-07:00,4.183333333333334
153,12,2026-08-23 20:32:37-07:00,1.0,2026-08-23,0-5 min,8+,4,923,2026-08-23 20:27:54-07:00,4.716666666666667
154,12,2026-08-23 20:32:57-07:00,1.0,2026-08-23,5-10 min,8+,4,923,2026-08-23 20:27:54-07:00,5.05
155,12,2026-08-23 20:34:12-07:00,1.0,2026-08-23,5-10 min,8+,4,923,2026-08-23 20:27:54-07:00,6.3
156,12,2026-08-23 20:34:42-07:00,2.0,2026-08-23,5-10 min,8+,4,923,2026-08-23 20:27:54-07:00,6.8
157,12,2026-08-23 20:37:09-07:00,1.0,2026-08-23,5-10 min,8+,4,923,2026-08-23 20:27:54-07:00,9.25
174,14,2026-08-24 11:45:53-07:00,2.0,2026-08-24,0-5 min,4-7,4,1039,2026-08-24 11:45:30-07:00,0.38333333333333336
175,14,2026-08-24 11:46:18-07:00,1.0,2026-08-24,0-5 min,4-7,4,1039,2026-08-24 11:45:30-07:00,0.8
176,14,2026-08-24 11:48:14-07:00,1.0,2026-08-24,0-5 min,4-7,4,1039,2026-08-24 11:45:30-07:00,2.7333333333333334
177,14,2026-08-24 11:49:20-07:00,1.0,2026-08-24,0-5 min,4-7,4,1039,2026-08-24 11:45:30-07:00,3.8333333333333335
178,14,2026-08-24 11:51:02-07:00,1.0,2026-08-24,5-10 min,4-7,4,1039,2026-08-24 11:45:30-07:00,5.533333333333333
179,14,2026-08-24 11:53:04-07:00,2.0,2026-08-24,5-10 min,4-7,4,1039,2026-08-24 11:45:30-07:00,7.566666666666666
180,14,2026-08-24 11:56:59-07:00,1.0,2026-08-24,10-15 min,4-7,4,1039,2026-08-24 11:45:30-07:00,11.483333333333333
181,14,2026-08-24 11:57:56-07:00,1.0,2026-08-24,10-15 min,4-7,4,1039,2026-08-24 11:45:30-07:00,12.433333333333334
182,14,2026-08-24 11:58:13-07:00,1.0,2026-08-24,10-15 min,4-7,4,1039,2026-08-24 11:45:30-07:00,12.716666666666667
183,14,2026-08-24 12:03:54-07:00,1.0,2026-08-24,0-5 min,empty,4,1051,2026-08-24 12:00:06-07:00,3.8
184,14,2026-08-24 12:07:13-07:00,1.0,2026-08-24,5-10 min,empty,4,1051,2026-08-24 12:00:06-07:00,7.116666666666666
185,14,2026-08-24 12:08:18-07:00,2.0,2026-08-24,5-10 min,empty,4,1051,2026-08-24 12:00:06-07:00,8.2
186,14,2026-08-24 12:12:10-07:00,2.0,2026-08-24,10-15 min,empty,4,1051,2026-08-24 12:00:06-07:00,12.066666666666666
187,14,2026-08-24 12:14:13-07:00,2.0,2026-08-24,10-15 min,empty,4,1051,2026-08-24 12:00:06-07:00,14.116666666666667
191,14,2026-08-24 12:18:44-07:00,1.0,2026-08-24,0-5 min,empty,4,1064,2026-08-24 12:18:31-07:00,0.21666666666666667
192,14,2026-08-24 12:19:13-07:00,1.0,2026-08-24,0-5 min,empty,4,1064,2026-08-24 12:18:31-07:00,0.7
193,14,2026-08-24 12:20:06-07:00,2.0,2026-08-24,0-5 min,empty,4,1064,2026-08-24 12:18:31-07:00,1.5833333333333333
194,14,2026-08-24 12:21:49-07:00,2.0,2026-08-24,0-5 min,4-7,4,1072,2026-08-24 12:20:13-07:00,1.6
195,14,2026-08-24 12:23:44-07:00,1.0,2026-08-24,0-5 min,4-7,4,1072,2026-08-24 12:20:13-07:00,3.5166666666666666
195,14,2026-08-24 12:23:44-07:00,1.0,2026-08-24,5-10 min,empty,4,1064,2026-08-24 12:18:31-07:00,5.216666666666667
196,14,2026-08-24 12:25:14-07:00,2.0,2026-08-24,5-10 min,4-7,4,1072,2026-08-24 12:20:13-07:00,5.016666666666667
197,14,2026-08-24 12:28:24-07:00,2.0,2026-08-24,5-10 min,4-7,4,1072,2026-08-24 12:20:13-07:00,8.183333333333334
197,14,2026-08-24 12:28:24-07:00,2.0,2026-08-24,10-15 min,empty,4,1062,2026-08-24 12:18:08-07:00,10.266666666666667
198,14,2026-08-24 12:30:35-07:00,1.0,2026-08-24,10-15 min,4-7,4,1072,2026-08-24 12:20:13-07:00,10.366666666666667
199,14,2026-08-24 12:31:53-07:00,1.0,2026-08-24,10-15 min,4-7,4,1072,2026-08-24 12:20:13-07:00,11.666666666666666
200,14,2026-08-24 12:32:51-07:00,1.0,2026-08-24,10-15 min,4-7,4,1072,2026-08-24 12:20:13-07:00,12.633333333333333
201,14,2026-08-24 12:34:33-07:00,1.0,2026-08-24,10-15 min,4-7,4,1072,2026-08-24 12:20:13-07:00,14.333333333333334
226,17,2026-08-29 21:12:42-07:00,1.0,2026-08-29,0-5 min,1-3,4,1392,2026-08-29 21:10:24-07:00,2.3
227,17,2026-08-29 21:13:22-07:00,1.0,2026-08-29,0-5 min,1-3,4,1392,2026-08-29 21:10:24-07:00,2.966666666666667
228,17,2026-08-29 21:14:30-07:00,1.0,2026-08-29,0-5 min,1-3,4,1400,2026-08-29 21:14:18-07:00,0.2
229,17,2026-08-29 21:16:37-07:00,1.0,2026-08-29,0-5 min,1-3,4,1400,2026-08-29 21:14:18-07:00,2.316666666666667
229,17,2026-08-29 21:16:37-07:00,1.0,2026-08-29,5-10 min,1-3,4,1392,2026-08-29 21:10:24-07:00,6.216666666666667
230,17,2026-08-29 21:17:27-07:00,2.0,2026-08-29,0-5 min,1-3,4,1400,2026-08-29 21:14:18-07:00,3.15
230,17,2026-08-29 21:17:27-07:00,2.0,2026-08-29,5-10 min,1-3,4,1392,2026-08-29 21:10:24-07:00,7.05
231,17,2026-08-29 21:20:05-07:00,1.0,2026-08-29,0-5 min,8+,4,1407,2026-08-29 21:17:50-07:00,2.25
231,17,2026-08-29 21:20:05-07:00,1.0,2026-08-29,5-10 min,1-3,4,1400,2026-08-29 21:14:18-07:00,5.783333333333333
232,17,2026-08-29 21:20:21-07:00,1.0,2026-08-29,0-5 min,8+,4,1407,2026-08-29 21:17:50-07:00,2.5166666666666666
232,17,2026-08-29 21:20:21-07:00,1.0,2026-08-29,5-10 min,1-3,4,1400,2026-08-29 21:14:18-07:00,6.05
233,17,2026-08-29 21:20:46-07:00,1.0,2026-08-29,0-5 min,8+,4,1407,2026-08-29 21:17:50-07:00,2.933333333333333
233,17,2026-08-29 21:20:46-07:00,1.0,2026-08-29,5-10 min,1-3,4,1400,2026-08-29 21:14:18-07:00,6.466666666666667
233,17,2026-08-29 21:20:46-07:00,1.0,2026-08-29,10-15 min,1-3,4,1392,2026-08-29 21:10:24-07:00,10.366666666666667
237,18,2026-08-30 11:58:23-07:00,1.0,2026-08-30,0-5 min,1-3,4,1456,2026-08-30 11:56:23-07:00,2.0
238,18,2026-08-30 12:00:14-07:00,3.0,2026-08-30,0-5 min,1-3,4,1456,2026-08-30 11:56:23-07:00,3.85
238,18,2026-08-30 12:00:14-07:00,3.0,2026-08-30,5-10 min,empty,4,1452,2026-08-30 11:54:53-07:00,5.35
239,18,2026-08-30 12:02:10-07:00,1.0,2026-08-30,5-10 min,1-3,4,1456,2026-08-30 11:56:23-07:00,5.783333333333333
240,18,2026-08-30 12:02:43-07:00,1.0,2026-08-30,5-10 min,1-3,4,1456,2026-08-30 11:56:23-07:00,6.333333333333333
241,18,2026-08-30 12:04:44-07:00,1.0,2026-08-30,0-5 min,empty,4,1467,2026-08-30 12:03:12-07:00,1.5333333333333334
241,18,2026-08-30 12:04:44-07:00,1.0,2026-08-30,5-10 min,1-3,4,1456,2026-08-30 11:56:23-07:00,8.35
242,18,2026-08-30 12:07:44-07:00,1.0,2026-08-30,0-5 min,4-7,4,1479,2026-08-30 12:07:18-07:00,0.43333333333333335
242,18,2026-08-30 12:07:44-07:00,1.0,2026-08-30,10-15 min,1-3,4,1456,2026-08-30 11:56:23-07:00,11.35
243,18,2026-08-30 12:08:07-07:00,1.0,2026-08-30,0-5 min,4-7,4,1479,2026-08-30 12:07:18-07:00,0.8166666666666667
243,18,2026-08-30 12:08:07-07:00,1.0,2026-08-30,10-15 min,1-3,4,1456,2026-08-30 11:56:23-07:00,11.733333333333333
244,18,2026-08-30 12:14:43-07:00,1.0,2026-08-30,0-5 min,8+,4,1497,2026-08-30 12:12:09-07:00,2.566666666666667
244,18,2026-08-30 12:14:43-07:00,1.0,2026-08-30,5-10 min,4-7,4,1479,2026-08-30 12:07:18-07:00,7.416666666666667
244,18,2026-08-30 12:14:43-07:00,1.0,2026-08-30,10-15 min,empty,4,1467,2026-08-30 12:03:12-07:00,11.516666666666667
245,18,2026-08-30 12:17:27-07:00,1.0,2026-08-30,0-5 min,4-7,4,1509,2026-08-30 12:16:23-07:00,1.0666666666666667
245,18,2026-08-30 12:17:27-07:00,1.0,2026-08-30,5-10 min,8+,4,1497,2026-08-30 12:12:09-07:00,5.3
245,18,2026-08-30 12:17:27-07:00,1.0,2026-08-30,10-15 min,4-7,4,1479,2026-08-30 12:07:18-07:00,10.15
246,18,2026-08-30 12:17:52-07:00,1.0,2026-08-30,0-5 min,4-7,4,1509,2026-08-30 12:16:23-07:00,1.4833333333333334
246,18,2026-08-30 12:17:52-07:00,1.0,2026-08-30,5-10 min,8+,4,1497,2026-08-30 12:12:09-07:00,5.716666666666667
246,18,2026-08-30 12:17:52-07:00,1.0,2026-08-30,10-15 min,4-7,4,1479,2026-08-30 12:07:18-07:00,10.566666666666666
247,18,2026-08-30 12:20:08-07:00,1.0,2026-08-30,0-5 min,4-7,4,1509,2026-08-30 12:16:23-07:00,3.75
247,18,2026-08-30 12:20:08-07:00,1.0,2026-08-30,5-10 min,8+,4,1497,2026-08-30 12:12:09-07:00,7.983333333333333
247,18,2026-08-30 12:20:08-07:00,1.0,2026-08-30,10-15 min,4-7,4,1479,2026-08-30 12:07:18-07:00,12.833333333333334
248,18,2026-08-30 12:25:20-07:00,1.0,2026-08-30,0-5 min,4-7,4,1524,2026-08-30 12:23:34-07:00,1.7666666666666666
248,18,2026-08-30 12:25:20-07:00,1.0,2026-08-30,5-10 min,4-7,4,1509,2026-08-30 12:16:23-07:00,8.95
248,18,2026-08-30 12:25:20-07:00,1.0,2026-08-30,10-15 min,8+,4,1497,2026-08-30 12:12:09-07:00,13.183333333333334
249,18,2026-08-30 12:25:43-07:00,1.0,2026-08-30,0-5 min,4-7,4,1524,2026-08-30 12:23:34-07:00,2.15
249,18,2026-08-30 12:25:43-07:00,1.0,2026-08-30,5-10 min,4-7,4,1509,2026-08-30 12:16:23-07:00,9.333333333333334
249,18,2026-08-30 12:25:43-07:00,1.0,2026-08-30,10-15 min,8+,4,1497,2026-08-30 12:12:09-07:00,13.566666666666666
250,18,2026-08-30 12:26:24-07:00,1.0,2026-08-30,0-5 min,4-7,4,1524,2026-08-30 12:23:34-07:00,2.8333333333333335
250,18,2026-08-30 12:26:24-07:00,1.0,2026-08-30,10-15 min,4-7,4,1509,2026-08-30 12:16:23-07:00,10.016666666666667
251,18,2026-08-30 12:27:49-07:00,1.0,2026-08-30,0-5 min,4-7,4,1524,2026-08-30 12:23:34-07:00,4.25
251,18,2026-08-30 12:27:49-07:00,1.0,2026-08-30,10-15 min,4-7,4,1509,2026-08-30 12:16:23-07:00,11.433333333333334
252,18,2026-08-30 12:29:52-07:00,1.0,2026-08-30,5-10 min,4-7,4,1524,2026-08-30 12:23:34-07:00,6.3
252,18,2026-08-30 12:29:52-07:00,1.0,2026-08-30,10-15 min,4-7,4,1509,2026-08-30 12:16:23-07:00,13.483333333333333
253,18,2026-08-30 12:30:30-07:00,1.0,2026-08-30,5-10 min,4-7,4,1524,2026-08-30 12:23:34-07:00,6.933333333333334
253,18,2026-08-30 12:30:30-07:00,1.0,2026-08-30,10-15 min,4-7,4,1509,2026-08-30 12:16:23-07:00,14.116666666666667
254,18,2026-08-30 12:32:35-07:00,1.0,2026-08-30,0-5 min,4-7,4,1545,2026-08-30 12:31:54-07:00,0.6833333333333333
254,18,2026-08-30 12:32:35-07:00,1.0,2026-08-30,5-10 min,4-7,4,1524,2026-08-30 12:23:34-07:00,9.016666666666667
255,18,2026-08-30 12:33:29-07:00,1.0,2026-08-30,0-5 min,4-7,4,1545,2026-08-30 12:31:54-07:00,1.5833333333333333
255,18,2026-08-30 12:33:29-07:00,1.0,2026-08-30,5-10 min,4-7,4,1524,2026-08-30 12:23:34-07:00,9.916666666666666
256,18,2026-08-30 12:34:32-07:00,1.0,2026-08-30,0-5 min,4-7,4,1545,2026-08-30 12:31:54-07:00,2.6333333333333333
256,18,2026-08-30 12:34:32-07:00,1.0,2026-08-30,10-15 min,4-7,4,1524,2026-08-30 12:23:34-07:00,10.966666666666667
257,18,2026-08-30 12:37:35-07:00,1.0,2026-08-30,0-5 min,empty,4,1556,2026-08-30 12:34:43-07:00,2.8666666666666667
257,18,2026-08-30 12:37:35-07:00,1.0,2026-08-30,5-10 min,4-7,4,1545,2026-08-30 12:31:54-07:00,5.683333333333334
257,18,2026-08-30 12:37:35-07:00,1.0,2026-08-30,10-15 min,4-7,4,1524,2026-08-30 12:23:34-07:00,14.016666666666667
258,18,2026-08-30 12:38:03-07:00,1.0,2026-08-30,0-5 min,empty,4,1556,2026-08-30 12:34:43-07:00,3.3333333333333335
258,18,2026-08-30 12:38:03-07:00,1.0,2026-08-30,5-10 min,4-7,4,1545,2026-08-30 12:31:54-07:00,6.15
258,18,2026-08-30 12:38:03-07:00,1.0,2026-08-30,10-15 min,4-7,4,1524,2026-08-30 12:23:34-07:00,14.483333333333333
259,18,2026-08-30 12:40:45-07:00,1.0,2026-08-30,5-10 min,empty,4,1556,2026-08-30 12:34:43-07:00,6.033333333333333
260,18,2026-08-30 12:43:49-07:00,2.0,2026-08-30,5-10 min,empty,4,1556,2026-08-30 12:34:43-07:00,9.1
260,18,2026-08-30 12:43:49-07:00,2.0,2026-08-30,10-15 min,4-7,4,1545,2026-08-30 12:31:54-07:00,11.916666666666666
261,18,2026-08-30 12:44:23-07:00,1.0,2026-08-30,5-10 min,empty,4,1556,2026-08-30 12:34:43-07:00,9.666666666666666
261,18,2026-08-30 12:44:23-07:00,1.0,2026-08-30,10-15 min,4-7,4,1545,2026-08-30 12:31:54-07:00,12.483333333333333
262,18,2026-08-30 12:45:02-07:00,1.0,2026-08-30,10-15 min,empty,4,1556,2026-08-30 12:34:43-07:00,10.316666666666666
263,18,2026-08-30 12:45:17-07:00,2.0,2026-08-30,10-15 min,empty,4,1556,2026-08-30 12:34:43-07:00,10.566666666666666
264,18,2026-08-30 12:45:28-07:00,1.0,2026-08-30,10-15 min,empty,4,1556,2026-08-30 12:34:43-07:00,10.75
267,18,2026-08-30 12:57:21-07:00,1.0,2026-08-30,0-5 min,4-7,4,1605,2026-08-30 12:57:16-07:00,0.08333333333333333
268,18,2026-08-30 12:57:47-07:00,1.0,2026-08-30,0-5 min,4-7,4,1605,2026-08-30 12:57:16-07:00,0.5166666666666667
269,18,2026-08-30 12:58:29-07:00,1.0,2026-08-30,0-5 min,4-7,4,1605,2026-08-30 12:57:16-07:00,1.2166666666666666
270,18,2026-08-30 12:59:41-07:00,1.0,2026-08-30,0-5 min,4-7,4,1605,2026-08-30 12:57:16-07:00,2.4166666666666665
271,18,2026-08-30 13:01:29-07:00,1.0,2026-08-30,0-5 min,4-7,4,1617,2026-08-30 13:00:39-07:00,0.8333333333333334
272,18,2026-08-30 13:02:19-07:00,1.0,2026-08-30,0-5 min,4-7,4,1617,2026-08-30 13:00:39-07:00,1.6666666666666667
272,18,2026-08-30 13:02:19-07:00,1.0,2026-08-30,5-10 min,4-7,4,1605,2026-08-30 12:57:16-07:00,5.05
273,18,2026-08-30 13:04:12-07:00,1.0,2026-08-30,0-5 min,8+,4,1623,2026-08-30 13:02:26-07:00,1.7666666666666666
273,18,2026-08-30 13:04:12-07:00,1.0,2026-08-30,5-10 min,4-7,4,1605,2026-08-30 12:57:16-07:00,6.933333333333334
274,18,2026-08-30 13:04:46-07:00,1.0,2026-08-30,0-5 min,8+,4,1623,2026-08-30 13:02:26-07:00,2.3333333333333335
274,18,2026-08-30 13:04:46-07:00,1.0,2026-08-30,5-10 min,4-7,4,1605,2026-08-30 12:57:16-07:00,7.5
275,18,2026-08-30 13:06:02-07:00,1.0,2026-08-30,0-5 min,8+,4,1623,2026-08-30 13:02:26-07:00,3.6
275,18,2026-08-30 13:06:02-07:00,1.0,2026-08-30,5-10 min,4-7,4,1617,2026-08-30 13:00:39-07:00,5.383333333333334
276,18,2026-08-30 13:06:18-07:00,2.0,2026-08-30,0-5 min,8+,4,1623,2026-08-30 13:02:26-07:00,3.8666666666666667
276,18,2026-08-30 13:06:18-07:00,2.0,2026-08-30,5-10 min,4-7,4,1617,2026-08-30 13:00:39-07:00,5.65
277,18,2026-08-30 13:07:25-07:00,1.0,2026-08-30,0-5 min,8+,4,1623,2026-08-30 13:02:26-07:00,4.983333333333333
277,18,2026-08-30 13:07:25-07:00,1.0,2026-08-30,5-10 min,4-7,4,1617,2026-08-30 13:00:39-07:00,6.766666666666667
277,18,2026-08-30 13:07:25-07:00,1.0,2026-08-30,10-15 min,4-7,4,1605,2026-08-30 12:57:16-07:00,10.15
278,18,2026-08-30 13:08:14-07:00,1.0,2026-08-30,5-10 min,8+,4,1623,2026-08-30 13:02:26-07:00,5.8
278,18,2026-08-30 13:08:14-07:00,1.0,2026-08-30,10-15 min,4-7,4,1605,2026-08-30 12:57:16-07:00,10.966666666666667
279,18,2026-08-30 13:09:18-07:00,1.0,2026-08-30,5-10 min,8+,4,1623,2026-08-30 13:02:26-07:00,6.866666666666666
279,18,2026-08-30 13:09:18-07:00,1.0,2026-08-30,10-15 min,4-7,4,1605,2026-08-30 12:57:16-07:00,12.033333333333333
280,18,2026-08-30 13:10:20-07:00,1.0,2026-08-30,5-10 min,8+,4,1623,2026-08-30 13:02:26-07:00,7.9
280,18,2026-08-30 13:10:20-07:00,1.0,2026-08-30,10-15 min,4-7,4,1605,2026-08-30 12:57:16-07:00,13.066666666666666
281,18,2026-08-30 13:12:39-07:00,1.0,2026-08-30,10-15 min,8+,4,1623,2026-08-30 13:02:26-07:00,10.216666666666667
282,18,2026-08-30 13:13:36-07:00,1.0,2026-08-30,10-15 min,8+,4,1623,2026-08-30 13:02:26-07:00,11.166666666666666
283,18,2026-08-30 13:14:30-07:00,1.0,2026-08-30,0-5 min,8+,4,1652,2026-08-30 13:13:47-07:00,0.7166666666666667
283,18,2026-08-30 13:14:30-07:00,1.0,2026-08-30,10-15 min,8+,4,1623,2026-08-30 13:02:26-07:00,12.066666666666666
284,18,2026-08-30 13:15:16-07:00,2.0,2026-08-30,0-5 min,8+,4,1652,2026-08-30 13:13:47-07:00,1.4833333333333334
284,18,2026-08-30 13:15:16-07:00,2.0,2026-08-30,10-15 min,8+,4,1623,2026-08-30 13:02:26-07:00,12.833333333333334
285,18,2026-08-30 13:16:28-07:00,1.0,2026-08-30,0-5 min,8+,4,1652,2026-08-30 13:13:47-07:00,2.683333333333333
285,18,2026-08-30 13:16:28-07:00,1.0,2026-08-30,10-15 min,8+,4,1623,2026-08-30 13:02:26-07:00,14.033333333333333
286,18,2026-08-30 13:18:13-07:00,1.0,2026-08-30,0-5 min,8+,4,1652,2026-08-30 13:13:47-07:00,4.433333333333334
287,18,2026-08-30 13:18:36-07:00,2.0,2026-08-30,0-5 min,8+,4,1652,2026-08-30 13:13:47-07:00,4.816666666666666
288,18,2026-08-30 13:20:43-07:00,1.0,2026-08-30,5-10 min,8+,4,1652,2026-08-30 13:13:47-07:00,6.933333333333334
289,18,2026-08-30 13:21:27-07:00,2.0,2026-08-30,5-10 min,8+,4,1652,2026-08-30 13:13:47-07:00,7.666666666666667
290,18,2026-08-30 13:22:43-07:00,1.0,2026-08-30,5-10 min,8+,4,1652,2026-08-30 13:13:47-07:00,8.933333333333334
291,18,2026-08-30 13:23:18-07:00,4.0,2026-08-30,5-10 min,8+,4,1652,2026-08-30 13:13:47-07:00,9.516666666666667
292,18,2026-08-30 13:24:50-07:00,1.0,2026-08-30,0-5 min,empty,4,1677,2026-08-30 13:24:45-07:00,0.08333333333333333
292,18,2026-08-30 13:24:50-07:00,1.0,2026-08-30,10-15 min,8+,4,1652,2026-08-30 13:13:47-07:00,11.05
293,18,2026-08-30 13:25:13-07:00,1.0,2026-08-30,0-5 min,empty,4,1677,2026-08-30 13:24:45-07:00,0.4666666666666667
293,18,2026-08-30 13:25:13-07:00,1.0,2026-08-30,10-15 min,8+,4,1652,2026-08-30 13:13:47-07:00,11.433333333333334
294,18,2026-08-30 13:25:55-07:00,1.0,2026-08-30,0-5 min,empty,4,1677,2026-08-30 13:24:45-07:00,1.1666666666666667
294,18,2026-08-30 13:25:55-07:00,1.0,2026-08-30,10-15 min,8+,4,1652,2026-08-30 13:13:47-07:00,12.133333333333333
295,18,2026-08-30 13:28:39-07:00,1.0,2026-08-30,0-5 min,empty,4,1683,2026-08-30 13:26:35-07:00,2.066666666666667
295,18,2026-08-30 13:28:39-07:00,1.0,2026-08-30,10-15 min,8+,4,1652,2026-08-30 13:13:47-07:00,14.866666666666667
296,18,2026-08-30 13:29:28-07:00,1.0,2026-08-30,0-5 min,empty,4,1683,2026-08-30 13:26:35-07:00,2.8833333333333333
297,18,2026-08-30 13:30:53-07:00,1.0,2026-08-30,0-5 min,empty,4,1683,2026-08-30 13:26:35-07:00,4.3
297,18,2026-08-30 13:30:53-07:00,1.0,2026-08-30,5-10 min,empty,4,1677,2026-08-30 13:24:45-07:00,6.133333333333334
298,18,2026-08-30 13:31:15-07:00,1.0,2026-08-30,0-5 min,empty,4,1683,2026-08-30 13:26:35-07:00,4.666666666666667
298,18,2026-08-30 13:31:15-07:00,1.0,2026-08-30,5-10 min,empty,4,1677,2026-08-30 13:24:45-07:00,6.5
299,18,2026-08-30 13:34:05-07:00,1.0,2026-08-30,5-10 min,empty,4,1683,2026-08-30 13:26:35-07:00,7.5
300,18,2026-08-30 13:37:25-07:00,1.0,2026-08-30,10-15 min,empty,4,1683,2026-08-30 13:26:35-07:00,10.833333333333334
301,18,2026-08-30 13:38:11-07:00,1.0,2026-08-30,10-15 min,empty,4,1683,2026-08-30 13:26:35-07:00,11.6
302,18,2026-08-30 13:40:04-07:00,2.0,2026-08-30,10-15 min,empty,4,1683,2026-08-30 13:26:35-07:00,13.483333333333333
312,19,2026-08-30 19:30:22-07:00,1.0,2026-08-30,0-5 min,8+,4,1739,2026-08-30 19:27:53-07:00,2.4833333333333334
313,19,2026-08-30 19:30:33-07:00,1.0,2026-08-30,0-5 min,8+,4,1739,2026-08-30 19:27:53-07:00,2.6666666666666665
314,19,2026-08-30 19:31:12-07:00,1.0,2026-08-30,0-5 min,8+,4,1739,2026-08-30 19:27:53-07:00,3.316666666666667
315,19,2026-08-30 19:33:10-07:00,2.0,2026-08-30,5-10 min,8+,4,1739,2026-08-30 19:27:53-07:00,5.283333333333333
316,19,2026-08-30 19:36:49-07:00,1.0,2026-08-30,5-10 min,8+,4,1739,2026-08-30 19:27:53-07:00,8.933333333333334
317,19,2026-08-30 19:37:18-07:00,1.0,2026-08-30,5-10 min,8+,4,1739,2026-08-30 19:27:53-07:00,9.416666666666666
318,19,2026-08-30 19:38:00-07:00,1.0,2026-08-30,10-15 min,8+,4,1739,2026-08-30 19:27:53-07:00,10.116666666666667
321,19,2026-08-30 19:48:16-07:00,1.0,2026-08-30,0-5 min,8+,4,1787,2026-08-30 19:48:10-07:00,0.1
322,19,2026-08-30 19:49:54-07:00,1.0,2026-08-30,0-5 min,8+,4,1787,2026-08-30 19:48:10-07:00,1.7333333333333334
323,19,2026-08-30 19:50:21-07:00,1.0,2026-08-30,0-5 min,8+,4,1787,2026-08-30 19:48:10-07:00,2.183333333333333
324,19,2026-08-30 19:51:24-07:00,1.0,2026-08-30,0-5 min,8+,4,1787,2026-08-30 19:48:10-07:00,3.2333333333333334
325,19,2026-08-30 19:55:28-07:00,2.0,2026-08-30,0-5 min,8+,4,1804,2026-08-30 19:54:32-07:00,0.9333333333333333
325,19,2026-08-30 19:55:28-07:00,2.0,2026-08-30,5-10 min,8+,4,1787,2026-08-30 19:48:10-07:00,7.3
326,19,2026-08-30 19:55:45-07:00,1.0,2026-08-30,0-5 min,8+,4,1804,2026-08-30 19:54:32-07:00,1.2166666666666666
326,19,2026-08-30 19:55:45-07:00,1.0,2026-08-30,5-10 min,8+,4,1787,2026-08-30 19:48:10-07:00,7.583333333333333
327,19,2026-08-30 19:56:05-07:00,1.0,2026-08-30,0-5 min,8+,4,1804,2026-08-30 19:54:32-07:00,1.55
327,19,2026-08-30 19:56:05-07:00,1.0,2026-08-30,5-10 min,8+,4,1787,2026-08-30 19:48:10-07:00,7.916666666666667
328,19,2026-08-30 19:56:56-07:00,1.0,2026-08-30,0-5 min,8+,4,1804,2026-08-30 19:54:32-07:00,2.4
328,19,2026-08-30 19:56:56-07:00,1.0,2026-08-30,5-10 min,8+,4,1787,2026-08-30 19:48:10-07:00,8.766666666666667
329,19,2026-08-30 19:59:02-07:00,1.0,2026-08-30,0-5 min,8+,4,1804,2026-08-30 19:54:32-07:00,4.5
329,19,2026-08-30 19:59:02-07:00,1.0,2026-08-30,10-15 min,8+,4,1787,2026-08-30 19:48:10-07:00,10.866666666666667
330,19,2026-08-30 19:59:59-07:00,2.0,2026-08-30,5-10 min,8+,4,1804,2026-08-30 19:54:32-07:00,5.45
330,19,2026-08-30 19:59:59-07:00,2.0,2026-08-30,10-15 min,8+,4,1787,2026-08-30 19:48:10-07:00,11.816666666666666
331,19,2026-08-30 20:02:20-07:00,1.0,2026-08-30,5-10 min,8+,4,1804,2026-08-30 19:54:32-07:00,7.8
331,19,2026-08-30 20:02:20-07:00,1.0,2026-08-30,10-15 min,8+,4,1787,2026-08-30 19:48:10-07:00,14.166666666666666
332,19,2026-08-30 20:05:09-07:00,1.0,2026-08-30,10-15 min,8+,4,1804,2026-08-30 19:54:32-07:00,10.616666666666667
333,19,2026-08-30 20:05:33-07:00,1.0,2026-08-30,10-15 min,8+,4,1804,2026-08-30 19:54:32-07:00,11.016666666666667
334,19,2026-08-30 20:06:26-07:00,1.0,2026-08-30,10-15 min,8+,4,1804,2026-08-30 19:54:32-07:00,11.9
335,19,2026-08-30 20:07:04-07:00,1.0,2026-08-30,10-15 min,8+,4,1804,2026-08-30 19:54:32-07:00,12.533333333333333
336,19,2026-08-30 20:07:21-07:00,1.0,2026-08-30,10-15 min,8+,4,1804,2026-08-30 19:54:32-07:00,12.816666666666666
337,19,2026-08-30 20:08:08-07:00,1.0,2026-08-30,10-15 min,8+,4,1804,2026-08-30 19:54:32-07:00,13.6
338,19,2026-08-30 20:08:25-07:00,3.0,2026-08-30,10-15 min,8+,4,1804,2026-08-30 19:54:32-07:00,13.883333333333333
339,19,2026-08-30 20:08:44-07:00,1.0,2026-08-30,10-15 min,8+,4,1804,2026-08-30 19:54:32-07:00,14.2
340,19,2026-08-30 20:09:24-07:00,3.0,2026-08-30,10-15 min,8+,4,1804,2026-08-30 19:54:32-07:00,14.866666666666667
364,20,2026-08-31 21:43:56-07:00,1.0,2026-08-31,0-5 min,empty,4,1922,2026-08-31 21:42:57-07:00,0.9833333333333333
365,20,2026-08-31 21:47:24-07:00,2.0,2026-08-31,0-5 min,empty,4,1929,2026-08-31 21:47:02-07:00,0.36666666666666664
366,20,2026-08-31 21:51:18-07:00,1.0,2026-08-31,0-5 min,empty,4,1929,2026-08-31 21:47:02-07:00,4.266666666666667
366,20,2026-08-31 21:51:18-07:00,1.0,2026-08-31,5-10 min,empty,4,1922,2026-08-31 21:42:57-07:00,8.35
367,20,2026-08-31 21:55:37-07:00,1.0,2026-08-31,0-5 min,4-7,4,1941,2026-08-31 21:55:30-07:00,0.11666666666666667
367,20,2026-08-31 21:55:37-07:00,1.0,2026-08-31,5-10 min,empty,4,1929,2026-08-31 21:47:02-07:00,8.583333333333334
367,20,2026-08-31 21:55:37-07:00,1.0,2026-08-31,10-15 min,empty,4,1922,2026-08-31 21:42:57-07:00,12.666666666666666
368,20,2026-08-31 21:56:13-07:00,2.0,2026-08-31,0-5 min,4-7,4,1941,2026-08-31 21:55:30-07:00,0.7166666666666667
368,20,2026-08-31 21:56:13-07:00,2.0,2026-08-31,5-10 min,empty,4,1929,2026-08-31 21:47:02-07:00,9.183333333333334
368,20,2026-08-31 21:56:13-07:00,2.0,2026-08-31,10-15 min,empty,4,1922,2026-08-31 21:42:57-07:00,13.266666666666667
369,20,2026-08-31 22:01:05-07:00,2.0,2026-08-31,5-10 min,4-7,4,1941,2026-08-31 21:55:30-07:00,5.583333333333333
369,20,2026-08-31 22:01:05-07:00,2.0,2026-08-31,10-15 min,empty,4,1929,2026-08-31 21:47:02-07:00,14.05
370,20,2026-08-31 22:04:41-07:00,1.0,2026-08-31,5-10 min,4-7,4,1941,2026-08-31 21:55:30-07:00,9.183333333333334
371,20,2026-08-31 22:06:18-07:00,1.0,2026-08-31,10-15 min,4-7,4,1941,2026-08-31 21:55:30-07:00,10.8
372,20,2026-08-31 22:08:51-07:00,2.0,2026-08-31,10-15 min,4-7,4,1941,2026-08-31 21:55:30-07:00,13.35
373,20,2026-08-31 22:11:22-07:00,3.0,2026-08-31,0-5 min,1-3,4,1967,2026-08-31 22:10:14-07:00,1.1333333333333333
374,20,2026-08-31 22:17:51-07:00,1.0,2026-08-31,0-5 min,empty,4,1978,2026-08-31 22:17:09-07:00,0.7
374,20,2026-08-31 22:17:51-07:00,1.0,2026-08-31,5-10 min,1-3,4,1967,2026-08-31 22:10:14-07:00,7.616666666666666
375,20,2026-08-31 22:19:31-07:00,1.0,2026-08-31,0-5 min,empty,4,1978,2026-08-31 22:17:09-07:00,2.3666666666666667
375,20,2026-08-31 22:19:31-07:00,1.0,2026-08-31,5-10 min,1-3,4,1967,2026-08-31 22:10:14-07:00,9.283333333333333
376,20,2026-08-31 22:21:27-07:00,1.0,2026-08-31,0-5 min,empty,4,1978,2026-08-31 22:17:09-07:00,4.3
376,20,2026-08-31 22:21:27-07:00,1.0,2026-08-31,10-15 min,1-3,4,1967,2026-08-31 22:10:14-07:00,11.216666666666667
377,20,2026-08-31 22:25:18-07:00,1.0,2026-08-31,0-5 min,8+,4,1992,2026-08-31 22:24:09-07:00,1.15
377,20,2026-08-31 22:25:18-07:00,1.0,2026-08-31,5-10 min,empty,4,1978,2026-08-31 22:17:09-07:00,8.15
378,20,2026-08-31 22:26:27-07:00,1.0,2026-08-31,0-5 min,8+,4,1992,2026-08-31 22:24:09-07:00,2.3
378,20,2026-08-31 22:26:27-07:00,1.0,2026-08-31,5-10 min,empty,4,1978,2026-08-31 22:17:09-07:00,9.3
379,20,2026-08-31 22:29:33-07:00,1.0,2026-08-31,0-5 min,1-3,4,1998,2026-08-31 22:28:38-07:00,0.9166666666666666
379,20,2026-08-31 22:29:33-07:00,1.0,2026-08-31,5-10 min,8+,4,1992,2026-08-31 22:24:09-07:00,5.4
379,20,2026-08-31 22:29:33-07:00,1.0,2026-08-31,10-15 min,empty,4,1978,2026-08-31 22:17:09-07:00,12.4
380,20,2026-08-31 22:30:46-07:00,1.0,2026-08-31,0-5 min,1-3,4,1998,2026-08-31 22:28:38-07:00,2.1333333333333333
380,20,2026-08-31 22:30:46-07:00,1.0,2026-08-31,5-10 min,8+,4,1992,2026-08-31 22:24:09-07:00,6.616666666666666
380,20,2026-08-31 22:30:46-07:00,1.0,2026-08-31,10-15 min,empty,4,1978,2026-08-31 22:17:09-07:00,13.616666666666667
381,20,2026-08-31 22:32:30-07:00,1.0,2026-08-31,0-5 min,1-3,4,1998,2026-08-31 22:28:38-07:00,3.8666666666666667
381,20,2026-08-31 22:32:30-07:00,1.0,2026-08-31,5-10 min,1-3,4,1997,2026-08-31 22:27:14-07:00,5.266666666666667
382,20,2026-08-31 22:33:01-07:00,1.0,2026-08-31,0-5 min,1-3,4,1998,2026-08-31 22:28:38-07:00,4.383333333333334
382,20,2026-08-31 22:33:01-07:00,1.0,2026-08-31,5-10 min,1-3,4,1997,2026-08-31 22:27:14-07:00,5.783333333333333
383,20,2026-08-31 22:35:38-07:00,1.0,2026-08-31,5-10 min,1-3,4,1998,2026-08-31 22:28:38-07:00,7.0
383,20,2026-08-31 22:35:38-07:00,1.0,2026-08-31,10-15 min,8+,4,1992,2026-08-31 22:24:09-07:00,11.483333333333333
384,20,2026-08-31 22:40:25-07:00,1.0,2026-08-31,10-15 min,1-3,4,1998,2026-08-31 22:28:38-07:00,11.783333333333333
385,20,2026-08-31 22:42:52-07:00,1.0,2026-08-31,0-5 min,empty,4,2017,2026-08-31 22:41:35-07:00,1.2833333333333334
385,20,2026-08-31 22:42:52-07:00,1.0,2026-08-31,10-15 min,1-3,4,1998,2026-08-31 22:28:38-07:00,14.233333333333333
387,21,2026-09-01 22:32:11-07:00,1.0,2026-09-01,0-5 min,1-3,4,2030,2026-09-01 22:31:31-07:00,0.6666666666666666
388,21,2026-09-01 22:37:35-07:00,1.0,2026-09-01,0-5 min,empty,4,2037,2026-09-01 22:33:50-07:00,3.75
388,21,2026-09-01 22:37:35-07:00,1.0,2026-09-01,5-10 min,1-3,4,2030,2026-09-01 22:31:31-07:00,6.066666666666666
389,21,2026-09-01 22:40:50-07:00,1.0,2026-09-01,5-10 min,empty,4,2037,2026-09-01 22:33:50-07:00,7.0
390,21,2026-09-01 22:48:55-07:00,1.0,2026-09-01,0-5 min,4-7,4,2050,2026-09-01 22:44:16-07:00,4.65
391,21,2026-09-01 22:57:43-07:00,1.0,2026-09-01,0-5 min,empty,4,2065,2026-09-01 22:53:12-07:00,4.516666666666667
391,21,2026-09-01 22:57:43-07:00,1.0,2026-09-01,10-15 min,4-7,4,2050,2026-09-01 22:44:16-07:00,13.45
392,21,2026-09-01 22:59:52-07:00,1.0,2026-09-01,5-10 min,empty,4,2065,2026-09-01 22:53:12-07:00,6.666666666666667
395,21,2026-09-01 23:24:50-07:00,2.0,2026-09-01,0-5 min,8+,4,2097,2026-09-01 23:21:04-07:00,3.7666666666666666
396,21,2026-09-01 23:27:47-07:00,1.0,2026-09-01,5-10 min,8+,4,2097,2026-09-01 23:21:04-07:00,6.716666666666667
397,21,2026-09-01 23:29:35-07:00,1.0,2026-09-01,5-10 min,8+,4,2097,2026-09-01 23:21:04-07:00,8.516666666666667
398,21,2026-09-01 23:35:18-07:00,1.0,2026-09-01,10-15 min,8+,4,2097,2026-09-01 23:21:04-07:00,14.233333333333333
434,23,2026-09-03 21:19:22-07:00,2.0,2026-09-03,0-5 min,empty,4,2229,2026-09-03 21:18:54-07:00,0.4666666666666667
435,23,2026-09-03 21:21:50-07:00,1.0,2026-09-03,0-5 min,empty,4,2229,2026-09-03 21:18:54-07:00,2.933333333333333
436,23,2026-09-03 21:22:06-07:00,2.0,2026-09-03,0-5 min,empty,4,2229,2026-09-03 21:18:54-07:00,3.2
437,23,2026-09-03 21:23:05-07:00,1.0,2026-09-03,0-5 min,empty,4,2229,2026-09-03 21:18:54-07:00,4.183333333333334
438,23,2026-09-03 21:23:19-07:00,1.0,2026-09-03,0-5 min,empty,4,2229,2026-09-03 21:18:54-07:00,4.416666666666667
439,23,2026-09-03 21:23:57-07:00,1.0,2026-09-03,5-10 min,empty,4,2229,2026-09-03 21:18:54-07:00,5.05
440,23,2026-09-03 21:24:39-07:00,1.0,2026-09-03,5-10 min,empty,4,2229,2026-09-03 21:18:54-07:00,5.75
441,23,2026-09-03 21:25:48-07:00,2.0,2026-09-03,5-10 min,empty,4,2229,2026-09-03 21:18:54-07:00,6.9
442,23,2026-09-03 21:28:33-07:00,1.0,2026-09-03,0-5 min,4-7,4,2252,2026-09-03 21:28:15-07:00,0.3
442,23,2026-09-03 21:28:33-07:00,1.0,2026-09-03,5-10 min,empty,4,2229,2026-09-03 21:18:54-07:00,9.65
443,23,2026-09-03 21:29:04-07:00,1.0,2026-09-03,0-5 min,4-7,4,2252,2026-09-03 21:28:15-07:00,0.8166666666666667
443,23,2026-09-03 21:29:04-07:00,1.0,2026-09-03,10-15 min,empty,4,2229,2026-09-03 21:18:54-07:00,10.166666666666666
444,23,2026-09-03 21:31:07-07:00,1.0,2026-09-03,0-5 min,4-7,4,2252,2026-09-03 21:28:15-07:00,2.8666666666666667
444,23,2026-09-03 21:31:07-07:00,1.0,2026-09-03,10-15 min,empty,4,2229,2026-09-03 21:18:54-07:00,12.216666666666667
445,23,2026-09-03 21:32:54-07:00,2.0,2026-09-03,0-5 min,4-7,4,2252,2026-09-03 21:28:15-07:00,4.65
445,23,2026-09-03 21:32:54-07:00,2.0,2026-09-03,10-15 min,empty,4,2229,2026-09-03 21:18:54-07:00,14.0
446,23,2026-09-03 21:33:50-07:00,1.0,2026-09-03,5-10 min,4-7,4,2252,2026-09-03 21:28:15-07:00,5.583333333333333
446,23,2026-09-03 21:33:50-07:00,1.0,2026-09-03,10-15 min,empty,4,2229,2026-09-03 21:18:54-07:00,14.933333333333334
447,23,2026-09-03 21:36:50-07:00,3.0,2026-09-03,5-10 min,4-7,4,2252,2026-09-03 21:28:15-07:00,8.583333333333334
448,23,2026-09-03 21:39:04-07:00,1.0,2026-09-03,10-15 min,4-7,4,2252,2026-09-03 21:28:15-07:00,10.816666666666666
449,23,2026-09-03 21:39:41-07:00,1.0,2026-09-03,10-15 min,4-7,4,2252,2026-09-03 21:28:15-07:00,11.433333333333334
450,23,2026-09-03 21:42:09-07:00,2.0,2026-09-03,10-15 min,4-7,4,2252,2026-09-03 21:28:15-07:00,13.9
460,23,2026-09-03 22:02:50-07:00,1.0,2026-09-03,0-5 min,8+,4,2307,2026-09-03 21:59:35-07:00,3.25
461,23,2026-09-03 22:06:59-07:00,2.0,2026-09-03,0-5 min,8+,4,2310,2026-09-03 22:03:20-07:00,3.65
461,23,2026-09-03 22:06:59-07:00,2.0,2026-09-03,5-10 min,8+,4,2307,2026-09-03 21:59:35-07:00,7.4
462,23,2026-09-03 22:12:07-07:00,2.0,2026-09-03,5-10 min,8+,4,2310,2026-09-03 22:03:20-07:00,8.783333333333333
462,23,2026-09-03 22:12:07-07:00,2.0,2026-09-03,10-15 min,8+,4,2307,2026-09-03 21:59:35-07:00,12.533333333333333
463,23,2026-09-03 22:13:27-07:00,1.0,2026-09-03,10-15 min,8+,4,2310,2026-09-03 22:03:20-07:00,10.116666666666667
464,23,2026-09-03 22:14:29-07:00,1.0,2026-09-03,10-15 min,8+,4,2310,2026-09-03 22:03:20-07:00,11.15
498,24,2026-09-04 20:51:38-07:00,1.0,2026-09-04,0-5 min,4-7,4,2426,2026-09-04 20:50:09-07:00,1.4833333333333334
499,24,2026-09-04 20:52:21-07:00,1.0,2026-09-04,0-5 min,4-7,4,2426,2026-09-04 20:50:09-07:00,2.2
500,24,2026-09-04 20:53:17-07:00,1.0,2026-09-04,0-5 min,4-7,4,2426,2026-09-04 20:50:09-07:00,3.1333333333333333
501,24,2026-09-04 20:54:02-07:00,1.0,2026-09-04,0-5 min,4-7,4,2426,2026-09-04 20:50:09-07:00,3.8833333333333333
502,24,2026-09-04 20:55:58-07:00,1.0,2026-09-04,5-10 min,4-7,4,2426,2026-09-04 20:50:09-07:00,5.816666666666666
503,24,2026-09-04 20:56:24-07:00,1.0,2026-09-04,5-10 min,4-7,4,2426,2026-09-04 20:50:09-07:00,6.25
504,24,2026-09-04 20:59:00-07:00,1.0,2026-09-04,5-10 min,4-7,4,2426,2026-09-04 20:50:09-07:00,8.85
505,24,2026-09-04 20:59:37-07:00,1.0,2026-09-04,5-10 min,4-7,4,2426,2026-09-04 20:50:09-07:00,9.466666666666667
506,24,2026-09-04 21:00:27-07:00,1.0,2026-09-04,10-15 min,4-7,4,2426,2026-09-04 20:50:09-07:00,10.3
507,24,2026-09-04 21:02:23-07:00,1.0,2026-09-04,10-15 min,4-7,4,2426,2026-09-04 20:50:09-07:00,12.233333333333333
508,24,2026-09-04 21:03:58-07:00,1.0,2026-09-04,10-15 min,4-7,4,2426,2026-09-04 20:50:09-07:00,13.816666666666666
509,24,2026-09-04 21:04:23-07:00,2.0,2026-09-04,10-15 min,4-7,4,2426,2026-09-04 20:50:09-07:00,14.233333333333333
516,24,2026-09-04 21:12:25-07:00,1.0,2026-09-04,0-5 min,empty,4,2465,2026-09-04 21:12:20-07:00,0.08333333333333333
517,24,2026-09-04 21:13:08-07:00,2.0,2026-09-04,0-5 min,empty,4,2465,2026-09-04 21:12:20-07:00,0.8
518,24,2026-09-04 21:14:26-07:00,1.0,2026-09-04,0-5 min,empty,4,2465,2026-09-04 21:12:20-07:00,2.1
519,24,2026-09-04 21:15:12-07:00,2.0,2026-09-04,0-5 min,empty,4,2465,2026-09-04 21:12:20-07:00,2.8666666666666667
520,24,2026-09-04 21:16:09-07:00,1.0,2026-09-04,0-5 min,empty,4,2465,2026-09-04 21:12:20-07:00,3.816666666666667
521,24,2026-09-04 21:18:00-07:00,1.0,2026-09-04,5-10 min,empty,4,2465,2026-09-04 21:12:20-07:00,5.666666666666667
528,25,2026-09-05 18:28:57-07:00,1.0,2026-09-05,0-5 min,4-7,4,2520,2026-09-05 18:26:22-07:00,2.5833333333333335
529,25,2026-09-05 18:30:25-07:00,2.0,2026-09-05,0-5 min,4-7,4,2520,2026-09-05 18:26:22-07:00,4.05
530,25,2026-09-05 18:31:25-07:00,1.0,2026-09-05,5-10 min,4-7,4,2520,2026-09-05 18:26:22-07:00,5.05
531,25,2026-09-05 18:34:06-07:00,1.0,2026-09-05,5-10 min,4-7,4,2520,2026-09-05 18:26:22-07:00,7.733333333333333
532,25,2026-09-05 18:34:23-07:00,1.0,2026-09-05,5-10 min,4-7,4,2520,2026-09-05 18:26:22-07:00,8.016666666666667
533,25,2026-09-05 18:37:01-07:00,1.0,2026-09-05,0-5 min,4-7,4,2540,2026-09-05 18:36:41-07:00,0.3333333333333333
533,25,2026-09-05 18:37:01-07:00,1.0,2026-09-05,10-15 min,4-7,4,2520,2026-09-05 18:26:22-07:00,10.65
534,25,2026-09-05 18:37:56-07:00,1.0,2026-09-05,0-5 min,4-7,4,2540,2026-09-05 18:36:41-07:00,1.25
534,25,2026-09-05 18:37:56-07:00,1.0,2026-09-05,10-15 min,4-7,4,2520,2026-09-05 18:26:22-07:00,11.566666666666666
535,25,2026-09-05 18:39:36-07:00,1.0,2026-09-05,0-5 min,4-7,4,2540,2026-09-05 18:36:41-07:00,2.9166666666666665
535,25,2026-09-05 18:39:36-07:00,1.0,2026-09-05,10-15 min,4-7,4,2520,2026-09-05 18:26:22-07:00,13.233333333333333
536,25,2026-09-05 18:41:02-07:00,1.0,2026-09-05,0-5 min,4-7,4,2540,2026-09-05 18:36:41-07:00,4.35
536,25,2026-09-05 18:41:02-07:00,1.0,2026-09-05,10-15 min,4-7,4,2520,2026-09-05 18:26:22-07:00,14.666666666666666
537,25,2026-09-05 18:42:17-07:00,1.0,2026-09-05,0-5 min,1-3,4,2549,2026-09-05 18:41:28-07:00,0.8166666666666667
537,25,2026-09-05 18:42:17-07:00,1.0,2026-09-05,5-10 min,4-7,4,2540,2026-09-05 18:36:41-07:00,5.6
538,25,2026-09-05 18:42:57-07:00,1.0,2026-09-05,0-5 min,1-3,4,2549,2026-09-05 18:41:28-07:00,1.4833333333333334
538,25,2026-09-05 18:42:57-07:00,1.0,2026-09-05,5-10 min,4-7,4,2540,2026-09-05 18:36:41-07:00,6.266666666666667
539,25,2026-09-05 18:43:42-07:00,1.0,2026-09-05,0-5 min,1-3,4,2549,2026-09-05 18:41:28-07:00,2.2333333333333334
539,25,2026-09-05 18:43:42-07:00,1.0,2026-09-05,5-10 min,4-7,4,2540,2026-09-05 18:36:41-07:00,7.016666666666667
540,25,2026-09-05 18:46:34-07:00,2.0,2026-09-05,5-10 min,1-3,4,2549,2026-09-05 18:41:28-07:00,5.1
541,25,2026-09-05 18:48:50-07:00,1.0,2026-09-05,5-10 min,1-3,4,2549,2026-09-05 18:41:28-07:00,7.366666666666666
541,25,2026-09-05 18:48:50-07:00,1.0,2026-09-05,10-15 min,4-7,4,2540,2026-09-05 18:36:41-07:00,12.15
542,25,2026-09-05 18:50:13-07:00,1.0,2026-09-05,5-10 min,1-3,4,2549,2026-09-05 18:41:28-07:00,8.75
542,25,2026-09-05 18:50:13-07:00,1.0,2026-09-05,10-15 min,4-7,4,2540,2026-09-05 18:36:41-07:00,13.533333333333333
543,25,2026-09-05 18:52:44-07:00,1.0,2026-09-05,10-15 min,1-3,4,2549,2026-09-05 18:41:28-07:00,11.266666666666667
544,25,2026-09-05 18:53:17-07:00,1.0,2026-09-05,10-15 min,1-3,4,2549,2026-09-05 18:41:28-07:00,11.816666666666666
545,25,2026-09-05 18:54:20-07:00,1.0,2026-09-05,10-15 min,1-3,4,2549,2026-09-05 18:41:28-07:00,12.866666666666667
546,25,2026-09-05 18:55:02-07:00,1.0,2026-09-05,10-15 min,1-3,4,2549,2026-09-05 18:41:28-07:00,13.566666666666666
549,25,2026-09-05 19:03:19-07:00,1.0,2026-09-05,0-5 min,1-3,4,2601,2026-09-05 19:02:22-07:00,0.95
550,25,2026-09-05 19:03:37-07:00,1.0,2026-09-05,0-5 min,1-3,4,2601,2026-09-05 19:02:22-07:00,1.25
551,25,2026-09-05 19:06:55-07:00,1.0,2026-09-05,0-5 min,1-3,4,2601,2026-09-05 19:02:22-07:00,4.55
552,25,2026-09-05 19:07:56-07:00,1.0,2026-09-05,5-10 min,1-3,4,2601,2026-09-05 19:02:22-07:00,5.566666666666666
553,25,2026-09-05 19:10:49-07:00,1.0,2026-09-05,5-10 min,1-3,4,2601,2026-09-05 19:02:22-07:00,8.45
554,25,2026-09-05 19:11:10-07:00,1.0,2026-09-05,0-5 min,4-7,4,2619,2026-09-05 19:11:00-07:00,0.16666666666666666
554,25,2026-09-05 19:11:10-07:00,1.0,2026-09-05,5-10 min,1-3,4,2601,2026-09-05 19:02:22-07:00,8.8
555,25,2026-09-05 19:12:04-07:00,1.0,2026-09-05,0-5 min,4-7,4,2619,2026-09-05 19:11:00-07:00,1.0666666666666667
555,25,2026-09-05 19:12:04-07:00,1.0,2026-09-05,5-10 min,1-3,4,2601,2026-09-05 19:02:22-07:00,9.7
556,25,2026-09-05 19:13:50-07:00,1.0,2026-09-05,0-5 min,4-7,4,2619,2026-09-05 19:11:00-07:00,2.8333333333333335
556,25,2026-09-05 19:13:50-07:00,1.0,2026-09-05,10-15 min,1-3,4,2601,2026-09-05 19:02:22-07:00,11.466666666666667
557,25,2026-09-05 19:14:56-07:00,2.0,2026-09-05,0-5 min,4-7,4,2619,2026-09-05 19:11:00-07:00,3.933333333333333
557,25,2026-09-05 19:14:56-07:00,2.0,2026-09-05,10-15 min,1-3,4,2601,2026-09-05 19:02:22-07:00,12.566666666666666
558,25,2026-09-05 19:15:18-07:00,1.0,2026-09-05,0-5 min,4-7,4,2619,2026-09-05 19:11:00-07:00,4.3
558,25,2026-09-05 19:15:18-07:00,1.0,2026-09-05,10-15 min,1-3,4,2601,2026-09-05 19:02:22-07:00,12.933333333333334
559,25,2026-09-05 19:16:03-07:00,1.0,2026-09-05,5-10 min,4-7,4,2619,2026-09-05 19:11:00-07:00,5.05
559,25,2026-09-05 19:16:03-07:00,1.0,2026-09-05,10-15 min,1-3,4,2601,2026-09-05 19:02:22-07:00,13.683333333333334
560,25,2026-09-05 19:16:52-07:00,1.0,2026-09-05,5-10 min,4-7,4,2619,2026-09-05 19:11:00-07:00,5.866666666666666
560,25,2026-09-05 19:16:52-07:00,1.0,2026-09-05,10-15 min,1-3,4,2601,2026-09-05 19:02:22-07:00,14.5
561,25,2026-09-05 19:18:25-07:00,1.0,2026-09-05,5-10 min,4-7,4,2619,2026-09-05 19:11:00-07:00,7.416666666666667
562,25,2026-09-05 19:21:44-07:00,2.0,2026-09-05,10-15 min,4-7,4,2619,2026-09-05 19:11:00-07:00,10.733333333333333
563,25,2026-09-05 19:23:52-07:00,1.0,2026-09-05,10-15 min,4-7,4,2619,2026-09-05 19:11:00-07:00,12.866666666666667
564,25,2026-09-05 19:24:36-07:00,2.0,2026-09-05,10-15 min,4-7,4,2619,2026-09-05 19:11:00-07:00,13.6
