segment_id,completion_time,up_time,completion_gap_seconds,pause_seconds,up_to_completion_seconds,late_up_flag
2,2026-08-18 11:37:40-07:00,2026-08-18 11:37:11-07:00,80.0,35.0,29.0,False
2,2026-08-18 11:40:17-07:00,2026-08-18 11:39:33-07:00,97.0,45.0,44.0,False
2,2026-08-18 11:46:17-07:00,2026-08-18 11:43:56-07:00,184.0,25.0,141.0,False
3,2026-08-18 19:08:43-07:00,2026-08-18 19:07:03-07:00,112.0,6.0,100.0,False
3,2026-08-18 19:11:25-07:00,2026-08-18 19:11:02-07:00,57.0,2.0,23.0,False
3,2026-08-18 19:14:07-07:00,2026-08-18 19:13:26-07:00,59.0,4.0,41.0,False
5,2026-08-20 17:43:24-07:00,2026-08-20 17:42:06-07:00,355.0,274.0,78.0,False
8,2026-08-21 14:05:07-07:00,2026-08-21 14:04:44-07:00,50.0,4.0,23.0,False
9,2026-08-21 19:57:17-07:00,2026-08-21 19:55:28-07:00,133.0,15.0,109.0,False
9,2026-08-21 20:00:17-07:00,2026-08-21 19:59:40-07:00,75.0,32.0,37.0,False
9,2026-08-21 20:01:21-07:00,2026-08-21 20:00:36-07:00,64.0,10.0,45.0,False
9,2026-08-21 20:04:36-07:00,2026-08-21 20:03:51-07:00,105.0,38.0,45.0,False
10,2026-08-21 23:28:17-07:00,2026-08-21 23:27:14-07:00,87.0,18.0,63.0,False
10,2026-08-21 23:31:39-07:00,2026-08-21 23:30:22-07:00,87.0,3.0,77.0,False
10,2026-08-21 23:57:17-07:00,2026-08-21 23:56:55-07:00,44.0,7.0,22.0,False
10,2026-08-21 23:58:37-07:00,2026-08-21 23:57:58-07:00,56.0,9.0,39.0,False
10,2026-08-22 00:15:35-07:00,2026-08-22 00:14:38-07:00,94.0,24.0,57.0,False
11,2026-08-22 11:01:53-07:00,2026-08-22 11:00:38-07:00,115.0,31.0,75.0,False
14,2026-08-22 20:59:37-07:00,2026-08-22 20:56:59-07:00,239.0,61.0,158.0,False
15,2026-08-22 21:29:36-07:00,2026-08-22 21:29:11-07:00,42.0,14.0,25.0,False
15,2026-08-22 21:32:06-07:00,2026-08-22 21:30:30-07:00,106.0,8.0,96.0,False
15,2026-08-22 21:38:47-07:00,2026-08-22 21:37:47-07:00,77.0,12.0,60.0,False
16,2026-08-23 12:49:40-07:00,2026-08-23 12:48:32-07:00,121.0,31.0,68.0,False
17,2026-08-23 14:27:59-07:00,2026-08-23 14:26:40-07:00,165.0,58.0,79.0,False
17,2026-08-23 14:59:19-07:00,2026-08-23 14:56:57-07:00,229.0,71.0,142.0,False
18,2026-08-23 19:29:01-07:00,2026-08-23 19:27:47-07:00,114.0,34.0,74.0,False
19,2026-08-24 10:56:43-07:00,2026-08-24 10:54:35-07:00,138.0,10.0,128.0,False
19,2026-08-24 11:13:25-07:00,2026-08-24 11:12:24-07:00,78.0,14.0,61.0,False
19,2026-08-24 11:23:04-07:00,2026-08-24 11:22:36-07:00,69.0,15.0,28.0,False
19,2026-08-24 11:23:50-07:00,2026-08-24 11:23:18-07:00,46.0,11.0,32.0,False
19,2026-08-24 11:25:13-07:00,2026-08-24 11:24:12-07:00,83.0,18.0,61.0,False
19,2026-08-24 11:34:54-07:00,2026-08-24 11:34:23-07:00,57.0,23.0,31.0,False
22,2026-08-24 21:18:20-07:00,2026-08-24 21:17:31-07:00,109.0,50.0,49.0,False
22,2026-08-24 21:36:39-07:00,2026-08-24 21:35:39-07:00,107.0,2.0,60.0,False
23,2026-08-25 11:53:06-07:00,2026-08-25 11:51:52-07:00,86.0,9.0,74.0,False
27,2026-08-29 15:26:32-07:00,2026-08-29 15:26:09-07:00,65.0,40.0,23.0,False
27,2026-08-29 15:27:58-07:00,2026-08-29 15:26:46-07:00,86.0,7.0,72.0,False
29,2026-08-30 12:05:03-07:00,2026-08-30 12:04:20-07:00,79.0,7.0,43.0,False
29,2026-08-30 12:07:57-07:00,2026-08-30 12:07:48-07:00,35.0,16.0,9.0,False
29,2026-08-30 12:09:21-07:00,2026-08-30 12:08:40-07:00,84.0,22.0,41.0,False
29,2026-08-30 12:10:08-07:00,2026-08-30 12:09:45-07:00,47.0,14.0,23.0,False
29,2026-08-30 12:11:28-07:00,2026-08-30 12:10:52-07:00,80.0,35.0,36.0,False
29,2026-08-30 12:16:31-07:00,2026-08-30 12:15:59-07:00,47.0,2.0,32.0,False
29,2026-08-30 12:26:32-07:00,2026-08-30 12:25:53-07:00,86.0,27.0,39.0,False
29,2026-08-30 12:29:47-07:00,2026-08-30 12:28:55-07:00,159.0,4.0,52.0,False
29,2026-08-30 12:31:57-07:00,2026-08-30 12:30:59-07:00,130.0,49.0,58.0,False
29,2026-08-30 12:35:37-07:00,2026-08-30 12:34:56-07:00,85.0,34.0,41.0,False
29,2026-08-30 12:41:39-07:00,2026-08-30 12:40:56-07:00,151.0,98.0,43.0,True
29,2026-08-30 13:44:23-07:00,2026-08-30 13:43:40-07:00,108.0,52.0,43.0,False
30,2026-08-30 19:41:39-07:00,2026-08-30 19:40:34-07:00,90.0,17.0,65.0,False
30,2026-08-30 19:44:51-07:00,2026-08-30 19:44:08-07:00,77.0,21.0,43.0,False
30,2026-08-30 19:46:30-07:00,2026-08-30 19:46:23-07:00,69.0,52.0,7.0,True
30,2026-08-30 19:47:48-07:00,2026-08-30 19:47:05-07:00,78.0,2.0,43.0,False
30,2026-08-30 19:53:12-07:00,2026-08-30 19:52:19-07:00,132.0,44.0,53.0,False
30,2026-08-30 19:54:49-07:00,2026-08-30 19:53:45-07:00,97.0,12.0,64.0,False
30,2026-08-30 20:00:01-07:00,2026-08-30 19:59:27-07:00,101.0,18.0,34.0,False
30,2026-08-30 20:12:43-07:00,2026-08-30 20:11:34-07:00,189.0,112.0,69.0,False
30,2026-08-30 20:23:57-07:00,2026-08-30 20:23:06-07:00,129.0,31.0,51.0,False
31,2026-08-31 22:45:36-07:00,2026-08-31 22:43:24-07:00,223.0,40.0,132.0,False
32,2026-09-01 22:53:01-07:00,2026-09-01 22:51:36-07:00,98.0,5.0,85.0,False
32,2026-09-01 23:26:19-07:00,2026-09-01 23:24:08-07:00,147.0,8.0,131.0,False
36,2026-09-05 18:44:37-07:00,2026-09-05 18:44:03-07:00,144.0,87.0,34.0,False
36,2026-09-05 18:46:37-07:00,2026-09-05 18:46:16-07:00,58.0,15.0,21.0,False
36,2026-09-05 18:55:05-07:00,2026-09-05 18:54:25-07:00,67.0,10.0,40.0,False
36,2026-09-05 18:57:32-07:00,2026-09-05 18:56:23-07:00,99.0,23.0,69.0,False
36,2026-09-05 19:02:53-07:00,2026-09-05 19:01:54-07:00,123.0,24.0,59.0,False
36,2026-09-05 19:11:43-07:00,2026-09-05 19:10:42-07:00,152.0,83.0,61.0,False
36,2026-09-05 19:24:39-07:00,2026-09-05 19:23:44-07:00,99.0,30.0,55.0,False
36,2026-09-05 19:33:48-07:00,2026-09-05 19:33:07-07:00,50.0,3.0,41.0,False
36,2026-09-05 19:35:47-07:00,2026-09-05 19:35:21-07:00,119.0,29.0,26.0,False
36,2026-09-05 19:50:24-07:00,2026-09-05 19:49:17-07:00,86.0,13.0,67.0,False
36,2026-09-05 19:57:54-07:00,2026-09-05 19:57:12-07:00,91.0,8.0,42.0,False
36,2026-09-05 20:14:52-07:00,2026-09-05 20:13:56-07:00,292.0,118.0,56.0,False
37,2026-09-06 18:42:42-07:00,2026-09-06 18:39:35-07:00,264.0,43.0,187.0,False
37,2026-09-06 18:44:36-07:00,2026-09-06 18:44:11-07:00,43.0,17.0,25.0,False
37,2026-09-06 18:45:57-07:00,2026-09-06 18:45:10-07:00,81.0,28.0,47.0,False
37,2026-09-06 18:49:00-07:00,2026-09-06 18:47:42-07:00,96.0,4.0,78.0,False
37,2026-09-06 18:49:49-07:00,2026-09-06 18:49:20-07:00,49.0,17.0,29.0,False
37,2026-09-06 18:51:09-07:00,2026-09-06 18:50:38-07:00,80.0,30.0,31.0,False
37,2026-09-06 18:52:17-07:00,2026-09-06 18:52:11-07:00,68.0,31.0,6.0,False
37,2026-09-06 18:53:04-07:00,2026-09-06 18:52:39-07:00,47.0,11.0,25.0,False
37,2026-09-06 19:02:38-07:00,2026-09-06 19:02:09-07:00,69.0,17.0,29.0,False
37,2026-09-06 19:04:57-07:00,2026-09-06 19:03:57-07:00,139.0,56.0,60.0,False
37,2026-09-06 19:09:13-07:00,2026-09-06 19:08:18-07:00,107.0,37.0,55.0,False
37,2026-09-06 19:30:03-07:00,2026-09-06 19:28:05-07:00,326.0,177.0,118.0,False
