mode,segment_id,first_event,last_event,effective_start,effective_end,duration_minutes,start_source,end_source,event_rows
drive_thru,1,2026-08-17 20:36:07-07:00,2026-08-17 20:55:36-07:00,2026-08-17 20:35:13-07:00,2026-08-17 20:55:41-07:00,20.466666666666665,timer,timer,22
drive_thru,2,2026-08-18 11:35:43-07:00,2026-08-18 11:46:17-07:00,2026-08-18 11:32:29-07:00,2026-08-18 11:46:24-07:00,13.916666666666666,timer,timer,11
drive_thru,3,2026-08-18 19:04:09-07:00,2026-08-18 19:17:39-07:00,2026-08-18 19:03:16-07:00,2026-08-18 19:17:43-07:00,14.45,timer,timer,15
drive_thru,4,2026-08-20 00:14:37-07:00,2026-08-20 00:35:11-07:00,2026-08-20 00:13:58-07:00,2026-08-20 00:35:26-07:00,21.466666666666665,timer,timer,10
drive_thru,5,2026-08-20 17:35:42-07:00,2026-08-20 17:43:24-07:00,2026-08-20 17:34:19-07:00,2026-08-20 17:43:39-07:00,9.333333333333334,timer,timer,4
drive_thru,6,2026-08-20 18:32:11-07:00,2026-08-20 18:39:14-07:00,2026-08-20 18:31:57-07:00,2026-08-20 18:39:36-07:00,7.65,timer,timer,8
drive_thru,7,2026-08-20 22:11:34-07:00,2026-08-20 22:22:07-07:00,2026-08-20 22:11:07-07:00,2026-08-20 22:22:31-07:00,11.4,timer,timer,11
drive_thru,8,2026-08-21 13:56:53-07:00,2026-08-21 14:34:22-07:00,2026-08-21 13:56:47-07:00,2026-08-21 14:34:37-07:00,37.833333333333336,timer,timer,30
drive_thru,9,2026-08-21 19:52:55-07:00,2026-08-21 20:05:43-07:00,2026-08-21 19:51:53-07:00,2026-08-21 20:05:49-07:00,13.933333333333334,timer,timer,18
drive_thru,10,2026-08-21 23:08:59-07:00,2026-08-22 00:22:05-07:00,2026-08-21 23:08:02-07:00,2026-08-22 00:22:23-07:00,74.35,timer,timer,69
drive_thru,11,2026-08-22 10:33:35-07:00,2026-08-22 11:55:55-07:00,2026-08-22 10:33:35-07:00,2026-08-22 11:56:05-07:00,82.5,first_event,timer,52
drive_thru,12,2026-08-22 16:57:46-07:00,2026-08-22 17:11:48-07:00,2026-08-22 16:57:20-07:00,2026-08-22 17:12:04-07:00,14.733333333333333,timer,timer,9
drive_thru,13,2026-08-22 17:24:15-07:00,2026-08-22 17:28:32-07:00,2026-08-22 17:23:20-07:00,2026-08-22 17:28:35-07:00,5.25,timer,timer,5
drive_thru,14,2026-08-22 20:51:08-07:00,2026-08-22 21:15:26-07:00,2026-08-22 20:51:08-07:00,2026-08-22 21:17:06-07:00,25.966666666666665,first_event,timer,24
drive_thru,15,2026-08-22 21:28:12-07:00,2026-08-22 21:47:06-07:00,2026-08-22 21:27:31-07:00,2026-08-22 21:47:15-07:00,19.733333333333334,timer,timer,24
drive_thru,16,2026-08-23 12:47:39-07:00,2026-08-23 13:41:55-07:00,2026-08-23 12:47:16-07:00,2026-08-23 13:42:48-07:00,55.53333333333333,timer,timer,43
drive_thru,17,2026-08-23 14:18:47-07:00,2026-08-23 15:12:55-07:00,2026-08-23 14:18:27-07:00,2026-08-23 15:12:55-07:00,54.46666666666667,timer,last_event,38
drive_thru,18,2026-08-23 19:06:11-07:00,2026-08-23 19:38:02-07:00,2026-08-23 19:04:57-07:00,2026-08-23 19:38:11-07:00,33.233333333333334,timer,timer,24
drive_thru,19,2026-08-24 10:37:06-07:00,2026-08-24 11:40:29-07:00,2026-08-24 10:37:06-07:00,2026-08-24 11:40:29-07:00,63.38333333333333,first_event,last_event,48
drive_thru,20,2026-08-24 13:43:53-07:00,2026-08-24 13:58:05-07:00,2026-08-24 13:43:52-07:00,2026-08-24 13:59:08-07:00,15.266666666666667,timer,timer,9
drive_thru,21,2026-08-24 19:28:36-07:00,2026-08-24 19:33:25-07:00,2026-08-24 19:28:26-07:00,2026-08-24 19:33:33-07:00,5.116666666666666,timer,timer,6
drive_thru,22,2026-08-24 20:06:01-07:00,2026-08-24 21:41:55-07:00,2026-08-24 20:05:51-07:00,2026-08-24 21:41:57-07:00,96.1,timer,timer,81
drive_thru,23,2026-08-25 11:06:57-07:00,2026-08-25 11:53:06-07:00,2026-08-25 11:06:09-07:00,2026-08-25 11:53:13-07:00,47.06666666666667,timer,timer,41
drive_thru,24,2026-08-25 19:09:03-07:00,2026-08-25 19:35:45-07:00,2026-08-25 19:09:03-07:00,2026-08-25 19:35:45-07:00,26.7,timer,last_event,15
drive_thru,25,2026-08-28 22:19:16-07:00,2026-08-28 22:47:43-07:00,2026-08-28 22:18:31-07:00,2026-08-28 22:48:12-07:00,29.683333333333334,timer,timer,24
drive_thru,26,2026-08-29 14:34:53-07:00,2026-08-29 14:45:47-07:00,2026-08-29 14:34:20-07:00,2026-08-29 14:47:41-07:00,13.35,timer,timer,9
drive_thru,27,2026-08-29 14:59:14-07:00,2026-08-29 15:33:48-07:00,2026-08-29 14:59:08-07:00,2026-08-29 15:34:25-07:00,35.28333333333333,timer,timer,30
drive_thru,28,2026-08-29 21:07:41-07:00,2026-08-29 21:42:02-07:00,2026-08-29 21:07:41-07:00,2026-08-29 21:42:06-07:00,34.416666666666664,timer,timer,31
drive_thru,29,2026-08-30 11:49:21-07:00,2026-08-30 13:54:24-07:00,2026-08-30 11:49:21-07:00,2026-08-30 13:18:42-07:00,89.35,timer,last_event,129
drive_thru,29,2026-08-30 11:49:21-07:00,2026-08-30 13:54:24-07:00,2026-08-30 13:20:34-07:00,2026-08-30 13:54:24-07:00,33.833333333333336,timer,last_event,129
drive_thru,30,2026-08-30 19:30:19-07:00,2026-08-30 20:29:47-07:00,2026-08-30 19:30:19-07:00,2026-08-30 20:29:47-07:00,59.46666666666667,first_event,last_event,56
drive_thru,31,2026-08-31 21:41:12-07:00,2026-08-31 22:45:36-07:00,2026-08-31 21:41:12-07:00,2026-08-31 22:45:36-07:00,64.4,first_event,last_event,57
drive_thru,32,2026-09-01 22:30:32-07:00,2026-09-01 23:52:24-07:00,2026-09-01 22:30:19-07:00,2026-09-01 23:53:03-07:00,82.73333333333333,timer,timer,64
drive_thru,33,2026-09-02 16:49:06-07:00,2026-09-02 17:29:30-07:00,2026-09-02 16:49:06-07:00,2026-09-02 17:29:41-07:00,40.583333333333336,timer,timer,39
drive_thru,34,2026-09-03 21:03:21-07:00,2026-09-03 22:35:12-07:00,2026-09-03 21:03:21-07:00,2026-09-03 22:35:14-07:00,91.88333333333334,first_event,timer,84
drive_thru,35,2026-09-04 20:13:57-07:00,2026-09-04 21:15:34-07:00,2026-09-04 20:12:19-07:00,2026-09-04 21:18:07-07:00,65.8,timer,timer,51
drive_thru,36,2026-09-05 18:14:15-07:00,2026-09-05 20:31:38-07:00,2026-09-05 18:14:15-07:00,2026-09-05 20:31:38-07:00,137.38333333333333,first_event,last_event,137
drive_thru,37,2026-09-06 18:24:44-07:00,2026-09-06 19:32:08-07:00,2026-09-06 18:24:44-07:00,2026-09-06 19:32:08-07:00,67.4,timer,last_event,63
counter,1,2026-08-17 20:08:51-07:00,2026-08-17 20:25:58-07:00,2026-08-17 20:07:08-07:00,2026-08-17 20:27:14-07:00,20.1,timer,timer,10
counter,2,2026-08-18 11:47:19-07:00,2026-08-18 11:55:15-07:00,2026-08-18 11:47:12-07:00,2026-08-18 11:55:44-07:00,8.533333333333333,timer,timer,7
counter,3,2026-08-18 19:24:34-07:00,2026-08-18 19:45:24-07:00,2026-08-18 19:24:12-07:00,2026-08-18 19:45:44-07:00,21.533333333333335,timer,timer,12
counter,4,2026-08-19 23:52:16-07:00,2026-08-20 00:03:59-07:00,2026-08-19 23:49:11-07:00,2026-08-20 00:11:36-07:00,22.416666666666668,timer,timer,3
counter,5,2026-08-20 17:51:49-07:00,2026-08-20 18:11:29-07:00,2026-08-20 17:50:17-07:00,2026-08-20 18:11:29-07:00,21.2,timer,last_event,15
counter,6,2026-08-20 22:31:00-07:00,2026-08-20 22:43:19-07:00,2026-08-20 22:28:31-07:00,2026-08-20 22:43:19-07:00,14.8,timer,last_event,9
counter,7,2026-08-21 14:35:30-07:00,2026-08-21 14:46:57-07:00,2026-08-21 14:35:30-07:00,2026-08-21 14:48:02-07:00,12.533333333333333,first_event,timer,11
counter,8,2026-08-21 19:28:36-07:00,2026-08-21 19:50:04-07:00,2026-08-21 19:26:42-07:00,2026-08-21 19:50:50-07:00,24.133333333333333,timer,timer,20
counter,9,2026-08-22 12:02:47-07:00,2026-08-22 12:11:47-07:00,2026-08-22 12:01:39-07:00,2026-08-22 12:13:59-07:00,12.333333333333334,timer,timer,7
counter,10,2026-08-22 17:13:27-07:00,2026-08-22 17:40:03-07:00,2026-08-22 17:13:23-07:00,2026-08-22 17:40:05-07:00,26.7,timer,timer,12
counter,11,2026-08-23 13:45:39-07:00,2026-08-23 14:08:33-07:00,2026-08-23 13:45:39-07:00,2026-08-23 14:09:33-07:00,23.9,first_event,timer,21
counter,12,2026-08-23 19:41:03-07:00,2026-08-23 20:37:09-07:00,2026-08-23 19:41:03-07:00,2026-08-23 20:41:15-07:00,60.2,timer,timer,39
counter,13,2026-08-23 21:06:23-07:00,2026-08-23 21:15:52-07:00,2026-08-23 21:06:23-07:00,2026-08-23 21:15:53-07:00,9.5,timer,timer,16
counter,14,2026-08-24 11:43:26-07:00,2026-08-24 12:47:25-07:00,2026-08-24 11:43:26-07:00,2026-08-24 12:54:59-07:00,71.55,first_event,timer,40
counter,15,2026-08-24 19:36:28-07:00,2026-08-24 19:41:44-07:00,2026-08-24 19:36:08-07:00,2026-08-24 19:46:00-07:00,9.866666666666667,timer,timer,4
counter,16,2026-08-25 18:47:35-07:00,2026-08-25 18:58:01-07:00,2026-08-25 18:47:34-07:00,2026-08-25 19:00:08-07:00,12.566666666666666,timer,timer,9
counter,17,2026-08-29 21:08:48-07:00,2026-08-29 21:20:46-07:00,2026-08-29 21:08:48-07:00,2026-08-29 21:21:00-07:00,12.2,first_event,timer,9
counter,18,2026-08-30 11:52:06-07:00,2026-08-30 13:53:10-07:00,2026-08-30 11:52:06-07:00,2026-08-30 13:54:26-07:00,122.33333333333333,timer,timer,81
counter,19,2026-08-30 19:26:56-07:00,2026-08-30 20:28:52-07:00,2026-08-30 19:26:56-07:00,2026-08-30 20:29:56-07:00,63.0,timer,timer,53
counter,20,2026-08-31 21:36:41-07:00,2026-08-31 22:42:52-07:00,2026-08-31 21:36:41-07:00,2026-08-31 22:46:42-07:00,70.01666666666667,timer,timer,28
counter,21,2026-09-01 22:30:38-07:00,2026-09-01 23:42:12-07:00,2026-09-01 22:30:38-07:00,2026-09-01 23:42:12-07:00,71.56666666666666,first_event,last_event,17
counter,22,2026-09-02 16:49:18-07:00,2026-09-02 17:29:28-07:00,2026-09-02 16:49:18-07:00,2026-09-02 17:29:28-07:00,40.166666666666664,first_event,last_event,22
counter,23,2026-09-03 21:03:14-07:00,2026-09-03 22:32:21-07:00,2026-09-03 21:03:14-07:00,2026-09-03 22:32:21-07:00,89.11666666666666,first_event,last_event,53
counter,24,2026-09-04 20:14:16-07:00,2026-09-04 21:18:00-07:00,2026-09-04 20:14:16-07:00,2026-09-04 21:18:00-07:00,63.733333333333334,first_event,last_event,53
counter,25,2026-09-05 18:13:49-07:00,2026-09-05 20:30:54-07:00,2026-09-05 18:13:49-07:00,2026-09-05 20:31:38-07:00,137.81666666666666,timer,timer,83
counter,26,2026-09-06 18:26:01-07:00,2026-09-06 19:32:20-07:00,2026-09-06 18:26:01-07:00,2026-09-06 19:32:20-07:00,66.31666666666666,timer,last_event,43
