channel,package_type,outcome,paired_sample_groups,counted_packages,counted_contents,contents_per_package
counter,bags,known_burgers,0,0,0,
counter,bags,known_orders,0,0,0,
counter,boxes,known_burgers,0,0,0,
counter,boxes,known_orders,0,0,0,
counter,trays,known_burgers,0,0,0,
counter,trays,known_orders,0,0,0,
drive_thru,bags,known_burgers,0,0,0,
drive_thru,bags,known_orders,0,0,0,
drive_thru,boxes,known_burgers,0,0,0,
drive_thru,boxes,known_orders,0,0,0,
drive_thru,trays,known_burgers,0,0,0,
drive_thru,trays,known_orders,0,0,0,
unknown,bags,known_burgers,0,0,0,
unknown,bags,known_orders,0,0,0,
unknown,boxes,known_burgers,0,0,0,
unknown,boxes,known_orders,0,0,0,
unknown,trays,known_burgers,0,0,0,
unknown,trays,known_orders,0,0,0,
