overlap_id,start,end,minutes,drive_orders,counter_orders,drive_orders_per_hour,counter_orders_per_hour
2,2026-08-29 21:08:48-07:00,2026-08-29 21:21:00-07:00,12.2,11,10,54.09836065573771,49.18032786885246
3,2026-08-30 11:52:06-07:00,2026-08-30 13:18:42-07:00,86.6,93,62,64.43418013856814,42.956120092378754
4,2026-08-30 13:20:34-07:00,2026-08-30 13:54:24-07:00,33.833333333333336,33,29,58.522167487684726,51.42857142857142
5,2026-08-30 19:30:19-07:00,2026-08-30 20:29:47-07:00,59.46666666666667,56,60,56.502242152466366,60.53811659192825
6,2026-08-31 21:41:12-07:00,2026-08-31 22:45:36-07:00,64.4,57,31,53.1055900621118,28.881987577639748
7,2026-09-01 22:30:38-07:00,2026-09-01 23:42:12-07:00,71.56666666666666,57,19,47.78761061946903,15.92920353982301
8,2026-09-02 16:49:18-07:00,2026-09-02 17:29:28-07:00,40.166666666666664,37,27,55.26970954356847,40.331950207468886
9,2026-09-03 21:03:21-07:00,2026-09-03 22:32:21-07:00,89.0,80,69,53.93258426966292,46.51685393258427
10,2026-09-04 20:14:16-07:00,2026-09-04 21:18:00-07:00,63.733333333333334,50,65,47.071129707112966,61.19246861924686
11,2026-09-05 18:14:15-07:00,2026-09-05 20:31:38-07:00,137.38333333333333,137,100,59.83258522382628,43.67341987140604
12,2026-09-06 18:26:01-07:00,2026-09-06 19:32:08-07:00,66.11666666666666,62,60,56.26417948071592,54.44920594907992
